y true,y pred
4.967000000000001,6.663432
7.50075,11.706991
16.89963,16.383924
20.12907,33.921253
53.83403,58.12804
2.96412,5.6609344
4.967000000000001,9.580265
23.40675,21.59084
32.38307,39.838013
8.52363,5.4567103
14.77347,11.795317
23.95772,22.423315
16.89963,21.635914
44.08587,61.45826
97.67123,73.846725
28.97675,29.432795
20.12907,21.479757
35.83763,35.024998
42.29628,37.877254
29.54112,24.29556
3.46283,2.8857436
1.47603,3.9721725
3.96288,6.1511927
6.48323,7.3459992
8.011519999999999,8.931932
11.62443,10.700546
16.36608,16.613316
9.55187,9.722263
3.96288,3.1374192
4.46427,5.202953
10.58547,7.04933
9.03708,8.367122
12.14592,9.973784
12.66875,12.200682
1.47603,2.7739708
6.48323,5.877838
8.52363,7.777667
8.011519999999999,8.910456
7.50075,8.223573
16.36608,13.68307
16.36608,11.131914
20.672,15.723822
12.66875,10.861291
16.36608,11.870719
5.97648,7.6239305
10.58547,10.918997
9.03708,8.516237
8.011519999999999,11.959813
7.50075,8.364009
7.50075,9.049806
41.70243,41.58362
102.663,116.54204
31.812,38.058147
20.12907,24.928936
0.0,7.1186996
17.43452,14.661746
203.450201763,195.66646
28.77777777777778,25.683619
61.77777777777778,47.064613
89.77777777777777,74.059746
98.856159963,91.17812
45.77777777777778,40.67492
-14.67,4.0931473
8.72,5.053116
-11.0,6.1669593
-3.0,6.2535505
16.0,7.002449
2.0,6.7585664
7.0,6.037842
3.0,8.148931
17.0,6.353934
12.0,9.012595
7.0,4.125682
6.0,6.0009985
13.0,6.597525
12.0,6.5611444
5.0,7.3617883
2.0,6.222833
6.0,6.6067533
5.0,7.689411
16.0,8.578854
7.0,7.446274
11.0,5.903722
6.0,7.96167
56.0,66.499435
28.88888888888889,8.369634
3.888888888888889,11.163373
21.11111111111111,16.263926
0.1166666666666671,8.392401
18.78333333333333,10.866678
2.594444444444445,10.732977
12.37222222222222,13.350842
-4.444444444444445,1.8235973
2.711111111111112,8.152813
14.66666666666667,20.909996
12.0,13.374496
-4.622222222222223,9.890798
26.97777777777778,30.725973
53.47777777777778,54.201122
-3.87712,-3.0022416
-2.91588,-1.9733512
-1.94928,-0.9435436
3.46283,2.2924175
-1.46397,8.318879
-1.46397,-2.276105
-2.43325,-1.9402206
-1.46397,0.6307549
4.967000000000001,4.2140436
-7.66848,-1.4400494
-1.46397,-0.47751427
-2.43325,2.356036
-2.91588,2.4422696
5.47107,8.626358
14.77347,10.05715
0.49067,4.395898
-5.308929999999999,-1.2690597
3.96288,3.5852237
3.46283,5.7337484
2.96412,2.430072
-4.833,3.7415307
5.47107,9.238432
11.10428,14.707598
36.41808,29.585125
36.41808,40.620964
1.97072,2.5960212
2.96412,6.599496
18.50832,19.713575
32.38307,32.43563
3.46283,2.4305859
10.58547,8.527407
18.50832,19.734825
11.10428,16.711039
36.99987,37.8824
50.13827,43.04199
26.73267,23.535334
9.03708,17.749416
34.68075,28.0163
26.175,29.662144
20.12907,19.113926
-4.35573,-0.3614774
-3.39717,0.399175
3.46283,1.2154789
5.97648,4.615636
-0.97732,8.509327
0.0,0.2170556
2.46675,0.7317672
-3.87712,3.1484575
13.19292,6.902311
0.98268,0.6692029
2.96412,1.8759975
3.46283,4.628665
-0.48933,1.9246353
6.991319999999999,8.23136
17.97075,10.808981
5.47107,4.744992
1.97072,2.570003
9.03708,5.888921
-1.46397,7.236345
-2.43325,4.069968
3.96288,0.37314847
0.98268,1.1737453
0.98268,1.9329863
0.49067,4.348398
10.068,8.259928
-1.94928,0.5285708
0.98268,1.2101572
6.991319999999999,3.3573532
10.068,5.955321
-0.48933,0.7576425
-3.39717,2.2429128
0.98268,4.5927973
5.47107,4.3345194
5.47107,9.013036
17.97075,11.5685625
6.48323,7.7556953
6.991319999999999,4.5245333
12.14592,7.5348215
0.49067,8.700191
6.48323,6.2147694
4.967000000000001,1.101119
-1.46397,2.5077534
2.46675,3.7354026
8.52363,7.5210547
13.19292,12.20268
1.47603,1.2324831
-0.97732,2.381308
5.97648,5.668942
2.96412,9.344881
-2.91588,1.2740138
9.55187,3.3156047
6.991319999999999,6.5968986
10.068,3.7694821
12.14592,9.578444
12.66875,14.094089
9.55187,9.6348505
-6.25677,2.2391553
6.48323,6.714616
7.50075,8.572852
6.48323,5.394011
2.96412,2.4305215
4.967000000000001,4.238662
3.96288,5.6868343
16.89963,10.20689
11.10428,15.210294
-3.39717,2.0876782
5.47107,3.6281915
9.03708,7.4743395
15.303,12.027816
0.98268,1.9305193
7.50075,4.4455743
9.03708,8.023489
3.96288,5.234387
17.43452,11.379344
12.14592,15.173086
13.19292,10.811356
8.011519999999999,5.897149
12.66875,9.829439
11.62443,10.600444
11.62443,7.0105157
1.47603,2.2282414
3.46283,4.248199
6.991319999999999,6.0967703
12.66875,10.730802
17.43452,14.675763
-0.97732,1.9463062
2.46675,3.4393258
5.97648,7.757432
6.48323,11.887158
2.96412,1.8246605
-0.97732,4.1290627
2.46675,7.7992997
6.48323,5.662527
15.303,13.312088
16.89963,17.292088
5.47107,10.93739
7.50075,6.3117943
20.12907,10.894909
12.14592,11.331968
8.52363,6.9636383
-3.39717,1.6478584
5.97648,2.9347975
-5.78352,4.128541
9.55187,8.27163
10.58547,12.807211
5.97648,1.7456028
0.49067,2.967565
1.97072,6.282583
14.24528,10.611319
5.97648,1.7231042
2.96412,3.862086
4.46427,7.1715517
-2.43325,3.386708
1.47603,9.257343
12.14592,13.905661
8.011519999999999,9.880852
8.52363,4.2937684
11.62443,8.114275
2.46675,8.974727
3.96288,5.791177
0.0,2.2737687
3.46283,4.3082833
5.47107,6.151286
12.14592,10.783751
12.66875,14.742723
2.46675,1.9671476
1.47603,3.483649
5.97648,7.7935953
12.66875,11.919367
2.96412,1.8370111
3.46283,4.16327
10.58547,7.802874
2.46675,5.7540784
15.303,13.277072
15.303,17.171673
12.14592,10.922686
1.97072,6.333989
11.62443,10.925921
7.50075,11.37276
7.50075,7.0361
102.125026875,87.790665
94.84827,97.52959
44.8,26.633442
29.3,32.604935
30.0,20.588663
36.59999999999999,28.897028
32.0,30.04272
-8.1,-8.137897
-15.1,-6.853708
18.0,12.005495
25.0,22.838976
41.0,37.437656
-2.8,9.931189
37.0,31.748068
50.0,42.12837
47.0,54.325
36.0,41.120766
44.0,51.90641
17.0,30.417156
21.0,25.635494
43.0,35.784084
87.0,77.009346
82.0,77.009346
18.11111111111111,15.122261
24.0,15.029866
12.0,21.136555
24.0,13.910391
33.0,31.716562
16.6,28.083344
55.77777777777778,37.90188
54.77777777777778,44.72473
33.77777777777778,28.161997
59.77777777777778,41.393085
80.77777777777777,82.04634
56.77777777777778,48.981606
67.77777777777777,58.012306
73.77777777777777,71.21178
51.77777777777778,44.8664
-6.111111111111111,6.8977137
-2.222222222222222,9.685281
20.55555555555556,11.457182
2.777777777777778,12.386355
10.0,5.682677
13.0,6.747425
12.0,8.145148
8.0,5.6169634
-3.0,5.854568
12.0,6.5617156
1.0,6.651648
9.0,8.051792
6.0,5.4193764
10.0,6.492421
7.0,15.049887
14.0,13.448212
24.0,25.558758
34.0,40.468056
61.0,62.95589
73.0,67.55971
38.76111111111111,24.004644
38.69444444444444,31.612875
49.42222222222222,39.04735
52.02222222222222,44.209812
50.12222222222223,48.124107
6.666666666666667,6.3550787
4.444444444444445,6.3550787
2.222222222222222,8.838694
12.77777777777778,15.074255
13.88888888888889,15.678421
13.0,20.396257
17.22222222222222,10.165564
18.87777777777778,16.883661
24.22222222222222,31.237736
15.0,24.549072
18.95555555555556,20.73351
27.85,21.46112
0.49067,2.0702252
3.46283,2.8639712
8.011519999999999,5.149398
2.96412,7.228057
2.96412,10.296383
16.36608,10.800284
10.068,12.837033
15.303,18.566526
6.991319999999999,2.3106937
8.52363,4.079608
5.47107,6.456214
3.46283,8.9258375
10.58547,11.362003
12.14592,14.002765
3.96288,2.0778418
9.03708,4.779509
5.97648,7.0006537
8.011519999999999,8.796734
6.48323,6.6346855
12.66875,14.29171
14.77347,10.265181
27.29168,17.542744
6.991319999999999,9.770449
10.58547,11.138634
-2.43325,6.959832
10.58547,12.076403
10.068,7.6463532
8.52363,12.726315
3.96288,6.677362
8.011519999999999,7.7820725
10.58547,6.4071646
14.24528,11.401036
13.19292,15.630244
26.175,25.960743
36.41808,36.668922
6.991319999999999,5.1046534
7.50075,9.3310795
18.50832,19.610949
35.83763,28.87525
7.50075,4.66298
13.19292,11.328573
15.83387,20.129383
24.51003,19.137384
30.67388,39.804646
45.88751999999999,46.97134
27.85203,27.116276
25.61867,18.218813
28.41372,25.13426
22.30883,26.596003
21.76188,20.14635
0.98268,5.2710433
8.011519999999999,10.623136
11.62443,15.911822
40.51875,35.525814
33.52923,50.1679
-0.48933,4.216919
10.58547,8.1712055
32.95548,21.641508
48.91707,40.21061
2.46675,3.9591465
6.991319999999999,10.421631
28.41372,22.178759
15.83387,19.246319
54.45468,53.692497
71.71875,63.20567
20.12907,26.481873
19.04723,20.63621
33.52923,33.343407
37.583,35.675823
32.95548,23.111767
-2.91588,0.88142765
0.49067,3.695247
5.47107,6.9117723
25.61867,21.836605
28.97675,39.90437
1.47603,1.3490777
0.49067,3.4863896
10.068,12.875865
31.812,28.953327
0.98268,1.823981
4.967000000000001,5.931545
19.04723,15.623723
4.46427,9.989013
26.175,41.962177
117.287,62.27536
20.12907,24.155926
6.991319999999999,8.375875
14.24528,17.493073
17.97075,20.312952
12.66875,10.750472
94.84827,87.15503
194.07075,205.52988
87.19568,76.0515
39.34043,37.94303
10.068,10.725613
14.77347,20.126106
-1.46397,1.836531
0.49067,2.3432293
5.47107,2.602602
4.967000000000001,5.0612354
4.46427,7.247252
7.50075,8.139917
11.62443,10.12092
14.77347,12.365435
9.03708,17.330236
0.0,1.2310898
0.98268,2.1488607
2.96412,3.938455
12.14592,6.5166345
13.19292,8.975412
11.10428,11.182325
15.83387,13.465057
1.97072,1.6907612
0.98268,1.9906204
4.967000000000001,4.6720123
4.967000000000001,7.041159
11.10428,8.848694
4.46427,7.3064103
11.62443,16.366055
17.43452,11.436941
27.85203,20.245499
13.19292,10.8213415
12.66875,12.428931
1.97072,7.4530993
19.58748,12.488941
9.55187,7.9162416
12.66875,12.984484
3.46283,6.949179
3.96288,8.033349
-0.97732,-1.0382321
-2.43325,0.010529518
-1.46397,1.3119246
6.991319999999999,6.189021
6.48323,13.438627
-1.94928,-0.447084
-2.43325,0.102786876
8.52363,3.4670224
8.011519999999999,8.499375
2.96412,0.24207917
-1.46397,1.5699091
2.46675,4.797078
0.49067,3.2551703
5.97648,11.150961
16.36608,16.930746
12.14592,10.225774
0.0,5.7169256
13.71843,11.895114
11.10428,13.8035755
9.03708,7.990513
95.552,100.63208
165.6140075,154.29514
161.290671875,165.12552
32.0,30.238537
58.0,61.521767
88.0,81.62455
78.0,33.062176
50.77777777777778,34.61855
64.77777777777777,60.049477
48.77777777777778,55.515472
95.77777777777776,78.653824
2.222222222222222,6.842814
8.38888888888889,9.865146
9.088888888888889,14.325711
10.70555555555556,15.190542
12.68888888888889,16.059574
7.522222222222221,19.062893
15.24444444444445,20.120249
14.67777777777778,11.491327
11.11111111111111,12.612127
10.0,16.310497
43.88888888888889,27.597294
72.83333333333334,71.33484
75.77777777777777,67.37774
13.88888888888889,-2.6575575
-17.22222222222222,-2.970496
23.66666666666667,15.502083
25.73888888888889,15.502083
2.888888888888889,11.091692
22.27777777777778,18.292727
28.11111111111111,22.156155
42.61111111111111,30.917492
66.77777777777777,76.50335
75.77777777777777,93.92908
102.7777777777778,79.73158
10.0,6.8048644
2.0,16.248745
10.0,22.356731
14.87777777777778,15.769224
14.61111111111111,17.713402
15.09444444444445,19.803984
20.28333333333333,21.192389
23.44444444444444,22.385357
22.22222222222222,34.092724
36.11111111111111,34.092724
59.77777777777778,37.552067
45.77777777777778,45.647804
45.77777777777778,30.33698
4.388888888888889,11.005614
14.66666666666667,27.483313
3.111111111111107,6.5837545
21.05555555555556,9.660673
13.33333333333333,13.020998
-8.777777777777779,6.5837545
16.27777777777778,9.660673
20.61111111111111,13.020998
4.833333333333336,11.7273855
16.0,16.193985
30.11111111111111,20.964268
36.77777777777778,15.904869
19.44444444444444,19.97832
25.66666666666666,24.329182
27.61111111111111,27.123758
0.0,10.071497
11.78,3.5849903
-3.78,3.7650476
-8.88888888888889,-2.869619
-0.5555555555555556,-0.5253228
-10.55555555555556,1.953859
8.627777777777776,12.105753
31.0,44.817513
38.0,26.940893
4.0,9.298817
2.0,6.286933
13.0,8.214636
17.0,6.0115104
19.0,6.150965
3.0,10.003092
23.0,8.950487
-8.0,6.9090395
-6.0,7.8944216
3.0,5.9987164
12.0,6.3863277
3.0,8.001849
13.0,7.1820364
3.0,16.368427
15.0,22.853045
32.0,14.745728
33.0,23.696587
38.0,29.341574
5.0,11.398844
15.0,24.722515
32.0,40.179024
51.0,60.83053
5.0,15.67775
10.0,23.160389
14.0,30.450104
28.5,21.026764
19.7,26.750366
28.5,32.490364
37.0,37.831112
45.6,40.735947
12.77777777777778,7.2107344
9.444444444444445,11.464808
7.4,3.085525
6.244444444444444,7.4683256
13.11666666666667,9.595156
17.06666666666667,9.373602
16.42777777777778,11.219591
9.0,8.953143
14.0,11.316629
-4.0,6.7029505
7.0,11.331785
-9.0,6.858918
5.0,10.076701
14.0,19.333614
36.0,28.878723
4.444444444444445,4.3045216
15.86666666666667,10.698553
11.38333333333333,9.4494
5.016666666666667,9.4494
15.33888888888889,20.689571
18.25,9.278856
8.149999999999999,9.278856
33.81111111111111,20.258945
3.388888888888889,9.252838
15.55555555555556,9.252838
-5.055555555555554,12.007836
38.78888888888888,20.875061
25.23888888888889,16.785894
25.30555555555556,16.785894
20.38333333333333,16.42767
22.05555555555556,22.648756
28.5,22.648756
32.61111111111111,30.733166
36.55555555555556,37.683617
24.77777777777778,23.250576
44.66666666666667,29.597652
7.555555555555557,15.969577
14.05555555555556,15.969577
46.8,48.875614
10.32777777777778,3.9033134
5.0,12.237163
22.3543835189226,30.83461
8.033406870945797,25.714214
22.363896790265,35.54473
-8.602139785801,7.460083
6.691413492221599,10.752951
3.093761490256398,13.873813
27.2073272353639,23.250643
31.5125575901299,31.458729
47.45605347562282,40.478374
33.83945986632355,22.99134
33.79136656658182,29.958073
46.18359401773726,38.6045
10.11336258778351,24.071812
29.4458965412717,32.662285
28.0969401793983,38.02874
-10.6058257689987,6.3245726
1.628801386765502,9.31608
10.8552334729211,15.664246
31.96407530770547,25.625362
43.56445475953018,34.384357
54.2950735372622,38.160057
17.291827045492,21.016203
18.3432544294193,23.897598
33.1056760059883,33.508728
38.8364351420041,28.332684
56.13110117196294,34.064873
66.7613548165424,49.102577
39.5426353310964,39.49257
9.8479058957059,27.682499
27.58200185556428,38.180553
19.7141461180325,15.255709
17.5646815767301,18.477291
31.8975559324738,25.329927
40.08164010977202,27.72916
44.46635709297988,34.586613
39.29517431846177,41.281704
17.5002793354592,26.864157
34.5422817811828,34.567116
37.35714148266884,44.041523
38.56096296646619,37.987293
30.7298111057074,31.921488
15.7015977598817,25.88918
48.99369005288349,40.584682
29.92429648151607,36.513
28.69882879620477,30.110882
16.25208415305131,17.52197
19.80988876485301,24.823002
26.14165694690931,28.328527
36.9890963057731,28.747173
45.39582928499331,35.49145
8.737899656999303,6.582896
20.5544214475937,9.134829
18.4532057808065,14.998938
84.473609403,97.885994
94.665519692,99.66524
21.0,32.27755
65.7,56.407818
43.0,42.23775
17.7,27.973797
11.1,27.748205
5.6,37.837196
16.66666666666667,18.967371
42.21666666666667,30.29978
24.4186662941806,25.86579
41.6917806241034,37.710293
59.48259779589214,46.375572
24.0,35.929382
29.0,27.770962
54.0,54.76961
44.0,37.258427
14.0,30.071203
17.0,26.331549
52.0,36.388664
116.0,78.299515
27.3156128286602,24.619562
41.99458433079511,33.687878
53.15608236936717,49.09707
54.79624467143879,42.20473
8.651984373268895,23.74718
23.4786779642611,32.46867
24.5587894317524,38.958538
33.77777777777778,25.860855
16.0,14.921644
19.0,25.07749
66.77777777777777,47.44642
77.77777777777777,65.73739
133.7777777777778,93.92425
21.0,31.945395
46.0,39.451954
64.0,58.8916
32.0,34.58001
25.0,26.186802
40.0,35.999027
17.0,26.322971
37.0,36.314518
19.0,31.195011
24.0,31.828222
13.88888888888889,21.431913
10.0,12.318185
40.0,36.157387
21.66666666666667,10.716722
18.33333333333333,18.062109
11.66666666666667,20.276424
22.75,24.039387
10.0,11.537147
36.0,30.792599
36.77777777777778,25.234829
-2.794444444444445,5.9726944
17.0,6.19361
-1.0,8.917678
22.77777777777778,20.54797
19.44444444444444,15.683589
7.0,14.272761
43.77777777777778,37.541233
44.77777777777778,44.589592
22.77777777777778,30.036585
36.77777777777778,30.856716
31.77777777777778,30.00961
33.77777777777778,30.373755
48.77777777777778,36.26503
39.77777777777778,37.96955
49.77777777777778,43.600834
82.77777777777777,57.405163
46.77777777777778,35.740604
71.77777777777777,63.296803
37.77777777777778,36.025517
51.77777777777778,42.007954
60.77777777777778,69.12899
85.77777777777777,78.873184
24.88888888888889,13.042247
19.27777777777778,13.042247
38.61111111111111,25.365208
12.83333333333333,25.365208
9.666666666666668,13.058563
16.55555555555556,19.896479
27.22222222222222,24.293941
-0.4444444444444464,12.989069
14.5,19.033937
13.16666666666666,24.475204
9.0,14.198412
12.0,15.992584
17.0,14.316759
18.0,16.374348
9.611111111111114,5.95625
-7.444444444444443,-0.7090831
-2.222222222222222,7.265635
20.1,12.658362
21.4,20.599918
39.9,38.319565
4.0,6.2278214
6.0,8.241144
3.0,9.595243
10.0,11.235118
19.0,10.951432
8.0,6.0770936
14.0,8.144328
6.0,6.3958216
61.0,65.14782
15.0,18.213522
16.0,26.730133
37.0,34.553654
63.0,75.83344
12.77777777777778,5.209681
-3.888888888888889,6.7095857
10.0,12.607163
1.666666666666667,6.7095857
4.444444444444445,12.607163
11.0,9.964514
8.0,14.329416
10.0,12.668306
10.0,17.12693
14.0,12.31998
4.0,16.553036
12.0,8.198521
16.0,11.421394
1.0,7.6035423
14.0,9.688393
13.13333333333333,11.733546
0.766666666666667,11.733546
1.555555555555554,-0.9968997
-3.722222222222223,1.0965383
4.444444444444445,8.610193
3.333333333333333,8.610193
10.0,10.9764
11.0,10.9764
9.444444444444445,9.27464
3.0,11.947076
5.0,11.947076
6.111111111111111,6.4110365
16.4,15.065126
4.444444444444445,6.4110365
19.33333333333333,15.065126
19.61111111111111,30.944794
41.61111111111111,30.944794
15.0,21.604977
22.0,21.604977
16.3,11.7759495
33.8,27.986485
55.4,52.51362
9.5,12.822866
24.0,27.915958
37.7,51.791515
13.17777777777778,6.487026
11.66666666666667,11.278882
1.988888888888888,13.922686
19.0,20.138073
31.0,17.874722
12.22222222222222,13.763857
26.11111111111111,18.6526
12.77777777777778,22.734135
24.05,32.473034
36.0,47.48089
13.33333333333333,18.275164
23.88888888888889,22.502308
24.6,27.768597
36.61666666666666,33.472725
34.88888888888889,33.465965
25.33333333333333,34.39339
15.72222222222222,13.912839
16.83333333333334,6.0172415
-2.833333333333334,2.3975635
18.3565595711308,25.766977
17.1973167337307,32.256668
32.83831935023612,39.478935
18.783368596107,32.49391
37.3212334628281,46.267292
49.2730203420548,55.008007
26.1476634342551,20.385687
16.4151136834379,22.995342
32.81788755887361,28.042454
0.5009611439647976,16.595215
27.6879262239356,29.235516
6.983539520415199,28.671087
44.73137642853201,39.594738
33.92700964933899,36.374176
64.7619068566646,45.359833
26.1966822726742,29.116695
26.526500912963,38.6298
47.09185496765006,47.340443
30.6695604236906,29.81158
41.02727713120004,39.13317
44.99131414560054,44.47577
12.66875,9.035731
14.77347,14.171915
18.50832,18.257652
31.812,31.169794
11.10428,8.211941
8.52363,12.52957
21.76188,23.514585
40.51875,36.845943
9.03708,7.9765825
15.83387,14.47699
25.61867,25.965643
37.583,40.596916
28.41372,29.279535
129.410423675,121.3716
104.1733347,96.53664
85.82172,80.32198
89.95968,80.32198
14.0,16.259235
16.0,18.021671
31.0,22.238644
22.0,19.187237
32.0,31.119593
65.0,39.78766
30.0,40.8137
51.0,41.763817
68.0,69.46856
28.0,43.64144
49.0,41.010677
60.0,67.26904
116.0,96.74477
16.0,34.716705
29.0,42.536243
66.0,80.639595
24.0,37.241486
71.0,75.35817
8.0,16.61884
24.0,32.974556
41.0,47.550552
27.95555555555556,23.186056
20.30555555555556,29.183191
33.90555555555555,37.592552
33.53333333333333,40.371468
3.55,9.223931
16.28888888888889,13.003771
8.0,18.222797
14.33333333333333,15.435974
28.90555555555555,17.6789
6.627777777777777,22.429705
29.92777777777777,30.520832
25.07777777777778,38.054924
39.98333333333333,44.48062
33.6571496219226,29.164566
43.96609997129372,39.630116
48.79930329335,46.69891
-18.33333333333333,-2.3005009
17.77777777777778,8.174752
32.23333333333333,16.15366
35.77777777777778,26.896307
26.77777777777778,26.933533
-6.949999999999999,2.423931
10.54444444444444,7.1786613
11.91111111111111,10.732198
11.83333333333333,21.929003
17.0,16.63114
0.0,12.953359
36.38888888888889,25.52027
31.88888888888889,30.207067
41.22222222222222,37.744896
45.94444444444444,41.839928
13.4564778725961,17.751583
25.7411642737618,29.282324
41.21325741324629,40.085007
7.333333333333334,3.4831703
8.944444444444445,9.334433
6.666666666666668,13.531644
41.77777777777778,32.069286
54.0,30.739563
34.0,31.298569
31.0,32.396744
45.0,57.777416
40.0,37.36325
49.0,44.76008
9.0,27.49924
31.0,31.821192
36.0,27.695759
23.0,34.00808
87.0,82.523605
74.0,82.523605
14.1111111111111,4.5299377
13.49999999999999,11.961305
23.16666666666666,17.385004
18.77777777777777,25.592827
8.777777777777779,10.371527
14.72222222222222,16.3474
33.0,31.617218
48.0,42.041344
81.0,78.61812
13.77777777777778,22.588818
0.0,8.379733
9.933333333333334,14.63458
13.91111111111111,18.88615
13.33333333333333,14.345975
31.11111111111111,28.29365
39.88888888888889,35.742294
10.11111111111111,14.345975
25.83333333333333,28.29365
35.44444444444444,35.742294
54.44444444444444,47.166496
58.05555555555556,47.166496
15.94444444444444,10.369462
10.16666666666666,16.327093
27.5,18.165411
10.33333333333334,10.369462
30.33333333333334,16.327093
16.38888888888889,18.165411
3.722222222222221,7.312215
3.888888888888889,14.073891
11.94444444444445,7.312215
14.27777777777778,14.073891
24.0,17.832539
31.5,27.281025
59.0,54.999348
83.1,99.732124
1.4,13.797284
29.6,23.423998
44.3,40.4598
19.44444444444444,13.30556
34.44444444444444,15.452169
18.88888888888889,18.649162
26.11111111111111,27.882635
42.0,41.373325
3.0,6.245385
0.0,6.547719
-1.0,7.9187493
16.0,8.064928
10.0,12.666473
27.0,26.838476
54.0,46.232338
89.0,73.228226
25.0,14.091059
41.0,26.060663
55.0,35.050552
-5.200000000000003,7.481925
17.4,7.481925
-6.100000000000001,10.384524
24.1,10.384524
1.700000000000003,12.33267
31.8,12.33267
7.100000000000001,20.352457
49.5,20.352457
13.3,23.483326
52.4,23.483326
19.4,11.004959
16.7,11.004959
30.2,16.036373
30.9,16.036373
33.09999999999999,22.734472
26.3,22.734472
26.0,30.078323
25.4,30.078323
37.7,34.15287
33.5,34.15287
13.09444444444444,8.70465
10.33333333333333,8.70465
14.52777777777778,15.640823
20.61666666666667,15.640823
30.52777777777778,27.293512
25.26111111111111,27.293512
22.71666666666667,34.366318
21.55555555555556,34.366318
19.45,36.30729
35.78888888888889,36.30729
6.9,5.8009553
10.8,7.98667
15.63333333333333,18.68247
14.58333333333333,18.68247
14.0,10.300891
16.0,10.300891
15.0,26.653397
25.0,26.653397
10.0,9.098714
13.0,12.66004
0.0,8.336164
1.0,11.70083
12.0,11.8076725
13.0,16.046597
20.0,10.00228
42.0,21.45988
125.0,118.657776
155.0,155.40791
184.0,169.11365
194.0,188.5454
5.5,12.993469
19.2,22.797054
43.8,51.771065
26.66666666666667,17.985004
13.05555555555556,8.672653
3.666666666666671,12.8286495
13.67777777777778,11.961068
6.638888888888889,11.961068
68.61111111111111,69.14475
79.55555555555556,69.14475
6.5,24.951962
15.44444444444444,24.951962
19.77777777777778,24.89281
27.0,24.89281
10.55555555555556,17.030209
20.9,32.93935
44.6,32.93935
63.8,49.4656
47.3,49.4656
7.611111111111107,11.832275
14.347505870847,31.534628
6.874717655009604,20.019238
31.7509331502405,39.488743
11.7828966465422,17.837128
25.1145181893577,28.694326
34.9756996557185,36.623962
27.8365937008571,12.801733
36.0941780718283,24.436558
40.10665666844605,35.40348
45.02761845202094,41.875664
36.6733141749503,21.32616
6.1107745790734,10.438893
19.5698197374075,24.141912
45.64365069853718,36.973614
20.1475273500687,19.00292
16.8127409588386,12.925778
7.205923615802597,20.414194
24.20220152402401,32.686203
20.2021217654375,19.650135
11.3712355499189,17.120066
35.4974067758942,16.907862
33.6187978231119,30.863565
39.3442922719741,36.63672
6.339921337166402,23.652071
13.2842860716787,31.602152
19.0929655438121,42.018036
89.052108987,95.22511
21.21627,10.764141
8.52363,10.764141
22.30883,10.764141
4.46427,10.764141
8.52363,11.615591
11.10428,11.615591
11.62443,11.615591
17.43452,13.903325
12.14592,13.903325
30.67388,13.903325
20.12907,13.903325
11.62443,14.477493
15.83387,14.477493
16.36608,14.477493
9.03708,12.089104
18.50832,12.089104
7.50075,12.089104
18.50832,19.73457
17.97075,19.73457
20.672,19.73457
22.30883,19.73457
41.10992,30.371023
36.41808,30.371023
35.83763,30.371023
25.61867,30.371023
60.73488,57.017017
58.83674999999999,57.017017
11.10428,13.282217
13.71843,13.282217
42.29628,35.938606
45.28563,35.938606
95.552,94.72875
97.67123,94.72875
155.38107,150.58752
153.76323,150.58752
22.0,24.561008
49.0,52.521393
58.8,35.439156
61.40000000000001,37.806984
95.77777777777776,70.81732
99.77777777777776,79.49863
87.77777777777777,61.817493
37.77777777777778,26.59584
42.77777777777778,34.127342
31.77777777777778,22.059036
37.77777777777778,30.261215
56.77777777777778,36.145573
85.77777777777777,74.353584
39.77777777777778,46.82158
66.77777777777777,85.25685
1.377777777777778,6.1773367
3.211111111111111,12.146195
16.42777777777778,17.202822
-3.794444444444443,6.1773367
1.472222222222223,12.146195
17.0,17.202822
32.77777777777778,30.385685
41.83333333333333,30.385685
22.0,24.925457
25.0,24.925457
27.0,35.418556
42.0,36.035152
20.0,33.48031
43.0,68.072784
34.0,39.48748
30.0,38.57429
8.0,33.507103
31.0,33.507103
14.0,27.456247
6.4,25.391134
29.6,29.717188
36.2,46.207977
92.0,81.50256
22.22222222222222,14.124089
19.44444444444444,16.423952
28.33333333333333,20.041307
34.44444444444444,27.22973
22.86666666666666,17.889874
15.27222222222222,17.889874
30.02222222222222,22.972406
30.55555555555556,22.972406
28.17777777777778,33.226
28.98888888888889,33.226
47.33333333333334,36.676205
29.72222222222222,36.676205
35.46666666666667,40.28143
39.50555555555556,40.28143
23.33333333333333,18.081804
25.0,25.617483
37.22222222222222,28.702824
28.88888888888889,32.940617
-2.777777777777779,6.4626184
2.222222222222221,4.976143
23.28888888888889,19.23241
24.95555555555556,22.025658
13.84444444444444,14.479086
24.95555555555556,17.214
24.52222222222222,17.27816
36.35,17.27816
22.02777777777778,23.049198
24.42222222222222,23.049198
22.13333333333334,32.701134
39.59444444444444,32.701134
34.92222222222222,38.716187
45.36111111111111,38.716187
34.36666666666667,43.61021
50.25,43.61021
49.44444444444444,45.038265
17.77777777777778,14.381436
26.11111111111111,21.334824
23.33333333333333,24.71873
31.11111111111111,19.552511
37.77777777777778,19.552511
51.79999999999999,31.494907
-5.333333333333332,3.6727662
-5.333333333333332,8.287509
2.555555555555557,13.995199
-0.0555555555555535,3.6727662
18.77777777777778,8.287509
18.38888888888889,13.995199
9.85,9.341488
21.11111111111111,15.170919
22.8,20.253372
-6.333333333333333,9.341488
5.555555555555555,15.170919
18.53333333333333,20.253372
55.0,39.461117
52.0,39.461117
54.0,33.044567
34.0,33.044567
35.16666666666666,29.074432
15.77777777777778,29.074432
11.944213696429,21.073624
35.6259891715145,32.40787
39.90666746868069,38.614746
13.11,10.616025
34.04444444444444,16.724003
32.58888888888888,19.249577
25.71666666666666,16.506826
71.77777777777777,67.51381
80.77777777777777,54.478596
48.77777777777778,33.367485
52.77777777777778,68.124084
77.77777777777777,68.30384
45.77777777777778,34.397667
60.77777777777778,67.605774
-3.277777777777779,8.370292
13.94444444444444,14.681172
9.055555555555555,21.163887
14.38888888888889,24.826784
14.5,8.370292
25.94444444444444,14.681172
25.11111111111111,21.163887
17.11111111111111,24.826784
2.611111111111112,15.004908
14.0,6.6984205
19.0,10.218815
18.0,8.083908
18.0,20.216578
31.0,33.410427
38.0,38.389717
57.0,51.1576
7.0,10.013258
10.72777777777778,10.013258
8.899999999999999,18.368908
13.03888888888889,18.368908
32.67777777777778,29.74059
32.12222222222223,29.74059
41.38333333333333,36.270996
45.53888888888889,36.270996
43.26111111111111,43.425007
44.48333333333333,43.425007
13.33333333333333,8.826745
8.333333333333334,16.538298
27.22222222222222,24.251139
32.22222222222222,32.253365
50.0,45.54082
9.444444444444445,7.7938757
19.44444444444444,14.744677
25.55555555555556,21.259743
32.22222222222222,28.520855
39.0,42.62396
4.1,5.2704268
4.4,9.065488
8.322222222222226,11.485408
8.377777777777778,11.485408
16.65555555555556,14.95793
19.48888888888889,14.95793
31.1,21.512127
26.15555555555555,21.512127
32.76666666666667,31.90932
27.82222222222222,31.90932
13.86666666666667,12.4555025
13.85555555555556,12.4555025
27.75555555555556,18.098333
27.74444444444445,18.098333
32.75555555555556,26.302938
41.63333333333333,26.302938
25.53333333333334,37.44817
36.63333333333333,37.44817
14.21666666666667,12.069741
19.71111111111111,10.640201
11.71666666666667,12.414892
12.22222222222222,13.693408
12.0,10.027745
26.0,12.824905
37.0,33.59209
69.0,48.87914
5.0,12.30423
27.0,15.541699
19.44444444444444,16.705326
11.66666666666667,21.982151
51.11111111111111,43.764103
52.99444444444444,46.61621
24.44444444444444,16.705326
16.66666666666667,21.982151
45.0,43.764103
38.76111111111111,46.61621
19.0,16.087938
31.55555555555556,16.087938
6.666666666666667,8.258742
21.29444444444444,14.173147
12.22222222222222,8.258742
6.399999999999999,14.173147
36.05555555555556,31.15502
16.88888888888889,31.15502
22.0,21.476841
13.0,21.476841
10.0,9.079915
7.222222222222222,13.171608
6.666666666666667,13.855011
-10.0,17.804935
19.98333333333333,12.711715
3.183333333333334,12.711715
52.88888888888889,38.912952
32.55555555555556,38.912952
54.44444444444444,58.132904
59.44444444444444,58.132904
63.88888888888889,68.3741
71.11111111111111,68.3741
14.83333333333333,11.3333
11.83333333333333,11.3333
0.0,11.3333
8.5,18.087357
17.72222222222222,18.087357
0.953694370562502,18.352192
41.9081572047787,30.247644
51.9453074649938,41.874786
40.117691783791,20.084522
37.22266151583369,32.27898
41.7116086059346,43.491875
23.86154089838374,28.21899
24.93196851716653,32.248722
9.3554085939797,13.482111
51.4092608781893,24.088717
49.5417076665224,34.964912
73.3883906678278,46.034935
64.673876750622,25.15725
65.8989360607786,39.534718
71.4540042766914,43.37719
47.49709009376561,28.431118
44.5602513455493,35.41538
59.88149746203571,48.473858
28.6587187288745,22.647045
54.7417851603186,39.557087
37.58137158679791,24.176937
35.55163786226882,31.531094
43.88399004238155,42.68018
19.4783739756825,22.569351
35.9653252632155,34.401863
53.7069520064072,44.104504
41.7891445490313,23.898087
42.19910416256459,34.560284
69.71540599575765,47.005028
34.64513253644029,37.26504
38.02096422811019,29.547943
31.5956870149414,20.667923
15.679212534565,21.165604
21.3223954073874,31.1412
33.93722083782038,41.92099
61.97284264510316,40.85308
54.32013920604842,35.53395
37.781482975098,25.151472
20.3012688668199,17.484335
32.5290692485058,28.477203
57.0732351521154,38.191956
19.58748,9.32239
16.89963,21.637962
44.08587,32.885784
12.14592,11.21393
20.12907,16.70603
22.30883,23.495617
13.19292,6.734166
23.40675,11.418871
22.85712,16.424911
26.175,17.338589
26.175,25.818314
27.85203,27.704716
24.51003,19.363121
21.76188,15.506902
22.30883,21.091465
30.67388,22.26409
11.10428,16.147373
9.03708,8.184035
11.10428,8.7516
20.12907,13.25737
19.04723,16.409643
24.51003,26.291128
32.38307,34.711407
4.967000000000001,4.3637233
12.14592,6.9821105
17.97075,10.54286
14.77347,17.990873
22.30883,25.979008
5.47107,5.1995287
13.71843,6.1197424
24.51003,10.533355
14.24528,16.13891
27.29168,25.078857
28.97675,26.507748
21.76188,12.255737
16.89963,14.670438
21.21627,20.283333
19.58748,21.882195
15.303,13.63162
105.125712588,101.28135
108.324450963,102.014
55.8872603,61.957867
151.7484675,148.02745
198.9744012,196.36359
80.51449079999999,77.03589
28.0,23.317339
43.0,46.03053
40.0,29.515335
66.0,58.597023
105.0,105.319824
56.0,66.70982
180.0,180.75792
48.0,63.49455
71.0,90.24968
0.0,46.031853
53.77777777777778,28.69896
54.77777777777778,28.70901
72.77777777777777,83.23947
-3.911111111111107,14.408995
12.22222222222222,15.94277
21.33333333333333,23.351845
25.0,33.115147
32.66666666666666,37.613052
55.77777777777778,35.12501
104.7777777777778,69.67857
116.7777777777778,77.56047
22.1,12.926282
52.3,48.531944
-0.7661312043578974,19.872147
22.672786958311,32.643528
47.1622489421352,54.50355
37.7530118203339,43.275093
0.8888888888888893,9.717988
13.0,9.717988
29.38888888888889,21.358606
0.8888888888888893,21.358606
41.33333333333333,30.84724
12.88888888888889,30.84724
22.85712,20.330803
31.812,32.587242
55.07667,50.696247
86.50803,80.39781
20.5018599905235,16.556377
37.9106584164752,25.035213
38.1035724547752,32.7702
19.0,34.38517
37.0,35.52643
87.0,71.13566
99.0,78.66286
-14.0,31.083994
10.0,65.56352
3.0,38.982338
36.0,29.260279
53.0,45.47215
-6.0,32.697807
57.0,29.643513
36.91111111111111,20.127163
25.69444444444444,30.191372
45.8111111111111,41.813316
48.98333333333333,44.4496
3.777777777777778,15.944262
27.77777777777778,38.532074
21.0,15.871997
29.0,34.64777
46.0,54.531513
96.77777777777776,132.26321
75.77777777777777,66.8288
-2.666666666666671,6.9177704
1.388888888888886,13.164861
8.277777777777775,20.063911
11.33333333333333,6.9177704
17.83333333333333,13.164861
21.94444444444444,20.063911
45.11537012841359,38.871925
-6.666666666666667,10.973343
8.333333333333334,13.388016
-18.88888888888889,18.291449
38.33333333333334,32.742912
51.0,46.610935
-1.0,4.5625925
0.0,6.75059
2.0,5.644611
2.0,6.1725183
4.0,9.955187
2.0,10.346629
4.0,7.297438
2.0,9.443094
5.0,8.587392
61.0,80.020454
9.0,20.863056
26.0,35.829353
32.0,41.92253
45.0,58.322807
27.0,27.505636
48.0,42.452457
45.0,51.98368
5.555555555555557,14.307277
13.88888888888889,18.765738
23.88888888888889,23.743029
25.55555555555556,29.245014
18.0,15.708479
24.0,23.379606
27.0,26.55398
32.0,29.312841
25.0,32.005867
13.0,11.909039
9.0,15.59223
17.0,13.694511
24.0,17.066097
16.0,11.795371
25.0,14.789139
-2.222222222222222,14.305486
2.0,23.833742
1.444444444444445,11.138312
5.611111111111111,18.201412
36.61111111111111,11.138312
39.99999999999999,18.201412
12.94444444444444,27.925379
54.66666666666666,27.925379
18.33333333333333,12.407072
6.111111111111111,19.5111
25.68888888888889,27.901178
30.53333333333333,34.454987
13.33333333333333,12.407072
20.0,19.5111
30.20555555555555,27.901178
29.49444444444444,34.454987
38.11111111111111,32.140385
24.72222222222222,32.140385
38.88888888888889,46.31939
76.61111111111111,44.07453
19.66666666666666,44.07453
25.8435034100449,27.589565
28.1018818250885,37.997704
45.40165427563571,43.270805
14.6649370943923,26.05275
34.507826912248,38.24417
43.57458280754,49.869366
5.495556185276801,18.674702
-5.529450125881603,30.807434
44.373315561964,39.133724
14.212925464259,24.649519
32.05222693961547,33.260338
49.32185823722526,55.492676
43.90918089058958,43.19376
24.9261703197805,25.454622
35.0409403510311,34.7426
42.40846694236349,43.49274
30.7871996364799,39.17372
28.4868589365507,21.816877
-0.7395594808749024,14.276297
33.2487921516841,32.346313
52.24078897924342,48.77601
51.99262114445608,56.745644
42.60326007686398,28.568584
21.7331787157232,26.063791
39.0716735574951,24.963345
41.22516142774209,35.541332
3.96288,7.559214
8.011519999999999,7.559214
1.97072,7.559214
0.49067,9.156893
5.47107,9.156893
11.10428,9.156893
11.62443,9.156893
-7.66848,11.374109
3.96288,11.374109
13.19292,11.374109
22.30883,13.191319
21.76188,13.191319
23.40675,13.191319
25.61867,13.191319
16.36608,18.544825
22.30883,18.544825
14.77347,18.544825
30.67388,27.362858
26.175,27.362858
32.95548,27.362858
25.61867,27.362858
30.67388,32.209015
45.88751999999999,35.221844
31.812,35.221844
38.16747,35.221844
26.175,35.221844
55.07667,66.99027
67.79787,66.99027
69.09947,66.99027
26.73267,29.971125
27.29168,29.971125
75.68787,79.188835
83.08988,79.188835
148.143,144.23845
148.94187,144.23845
204.63003,197.41246
215.38227,197.41246
10.0,46.769913
57.77777777777778,49.47447
69.77777777777777,62.853565
52.77777777777778,34.24425
-15.55555555555556,5.6337113
16.66666666666667,16.493767
23.88888888888889,21.603638
52.22222222222222,39.494286
21.11111111111111,16.493767
19.44444444444445,21.603638
43.88888888888889,39.494286
67.11111111111111,74.8459
68.44444444444446,74.8459
26.11111111111111,16.53156
7.777777777777778,12.0723505
5.555555555555557,21.467287
12.77777777777778,17.440435
21.11111111111111,16.495981
28.88888888888889,21.721912
47.77777777777778,48.950996
52.45555555555556,51.49994
20.55555555555556,16.495981
16.66666666666667,21.721912
46.66666666666666,48.950996
57.38888888888889,51.49994
40.77777777777778,40.195168
35.77777777777778,50.625004
43.77777777777778,32.382317
70.77777777777777,80.441956
86.77777777777777,86.74665
72.77777777777777,77.84984
63.77777777777778,73.07048
72.77777777777777,68.98853
144.7777777777778,148.0393
212.7777777777778,190.23726
91.77777777777776,107.95412
3.222222222222221,2.8927433
14.77777777777778,8.548862
3.333333333333329,10.850931
13.0,16.434263
30.37190740940945,39.917866
48.6006857303374,41.421284
28.7,28.857706
50.2,61.95403
24.2,17.019846
48.2,41.330265
2.777777777777778,5.0387244
27.22222222222222,6.8965683
15.0,6.360955
9.0,4.139454
11.0,8.6687565
19.0,7.3533034
2.0,9.239286
0.0,6.901642
3.0,5.8135695
7.0,7.7923155
4.0,6.0085273
10.5,7.3093567
24.0,12.728754
17.0,9.586
-13.0,7.725821
24.0,15.599886
21.0,20.10117
6.0,13.059918
22.0,17.456013
7.0,11.271055
8.0,14.550093
40.0,45.409416
57.0,65.57071
22.13333333333334,13.268827
21.0,14.522337
45.0,44.9777
69.0,62.245403
68.0,70.859634
66.0,62.217426
187.0,188.07785
230.0,225.46309
253.0,225.46309
230.0,235.74423
11.3,17.923868
81.2,88.10354
23.33333333333333,21.417393
31.11111111111111,24.843561
41.26111111111111,39.150375
20.33333333333333,38.09668
8.166666666666668,9.189044
19.0478807210762,13.903928
43.559715676451,34.918705
11.5507253371187,27.125555
31.8926594481951,17.70033
50.5245671564648,32.70582
28.907935962884,26.870892
13.19292,15.718129
19.04723,15.718129
11.62443,15.718129
27.29168,24.609926
22.85712,24.609926
29.54112,24.609926
22.30883,24.609926
42.29628,35.21582
28.41372,35.21582
34.68075,35.21582
22.85712,35.21582
93.44483,109.99402
138.66108,109.99402
11.66666666666667,13.854475
25.0,21.372364
22.79444444444444,30.305481
17.22222222222222,13.854475
28.33333333333333,21.372364
33.39444444444445,30.305481
4.444444444444445,16.307919
25.0,24.291687
17.54444444444444,27.379435
37.77777777777778,29.835224
31.11111111111111,36.697018
54.44444444444444,50.57308
51.54444444444444,51.872345
47.22222222222222,27.613382
15.0,32.738148
46.40000000000001,36.651287
83.0,88.48379
49.0,49.874702
53.0,64.86714
104.1380117854128,106.87349
146.0,140.31354
20.0,14.629069
20.0,24.744556
44.84999999999999,29.258722
51.23333333333333,33.48119
28.33333333333333,14.629069
35.55555555555556,24.744556
42.32777777777778,29.258722
60.85555555555555,33.48119
8.333333333333334,11.107144
6.666666666666667,17.091293
24.93333333333333,22.225409
21.66666666666667,15.343465
34.44444444444444,19.506208
48.33333333333334,29.41068
55.55555555555556,39.917755
34.0,32.62534
40.0,35.95084
-11.11111111111111,8.641603
8.266666666666666,19.270214
15.87222222222222,26.983667
7.777777777777778,8.641603
25.03333333333333,19.270214
25.9,26.983667
149.6900432462222,141.44296
142.2675888288712,145.56184
41.25880402523386,38.76161
51.71047120322781,47.81028
59.33432066439016,53.82019
110.1667716619761,118.73303
109.5124975710581,102.3105
103.2451045457058,84.21843
139.5124975710581,133.43735
42.83562846699421,49.50707
7.777777777777778,11.930076
41.66666666666666,27.750656
-1.111111111111111,2.9432807
-2.0,7.3460684
3.0,8.187667
14.0,14.620018
12.0,8.339216
22.0,12.907725
21.0,10.600379
5.0,7.912706
8.0,11.349147
11.0,10.033176
20.0,17.2417
20.0,11.190628
15.0,18.00516
-3.0,6.358657
5.0,10.070999
9.0,12.999283
22.0,19.879839
42.0,39.543648
50.0,50.98594
2.0,21.693218
35.0,43.71441
36.0,54.29386
48.0,33.110046
69.0,59.20927
91.0,71.736664
18.0,12.163894
50.0,38.98771
41.0,42.503143
61.0,64.657875
76.0,75.94517
13.88888888888889,15.57697
41.66666666666666,15.57697
7.222222222222222,24.281351
8.88888888888889,24.281351
38.4,45.266582
69.8,68.943756
12.893493646655,19.316946
33.8672756140441,32.328327
34.1566162383612,38.09237
51.01468890863074,40.740604
10.0,4.1625495
75.77777777777777,73.090904
20.55555555555556,17.389149
1.111111111111111,-0.16341153
29.44444444444444,36.724552
0.5555555555555556,2.2879107
13.05555555555556,20.143566
18.55555555555555,20.143566
29.38888888888889,36.24813
47.55555555555556,46.019543
47.61111111111111,46.019543
80.77777777777777,85.1494
78.77777777777777,90.11333
85.77777777777777,72.396164
-13.88888888888889,2.329955
37.22222222222222,25.669693
83.88888888888889,72.228836
31.11111111111111,18.66713
58.33333333333334,34.844612
22.77777777777778,19.29835
21.11111111111111,21.521364
22.77777777777778,27.940012
98.72222222222224,89.6182
112.3333333333333,96.53812
89.83333333333333,89.6182
99.05555555555556,96.53812
37.77777777777778,34.64205
59.44444444444444,50.697777
71.66666666666667,63.271645
81.66666666666667,75.39416
40.0,34.64205
56.66666666666666,50.697777
62.77777777777778,63.271645
83.88888888888889,75.39416
8.88888888888889,14.676462
24.44444444444444,17.50276
18.0,7.3899817
8.0,9.754819
3.0,10.43458
3.0,8.991381
4.0,16.594885
36.0,29.27125
17.0,20.851492
41.0,45.480217
48.0,57.07673
24.0,25.259054
41.0,46.76235
45.0,53.540398
59.0,75.40199
44.0,37.884403
64.0,47.85372
78.0,57.02999
77.0,69.11271
65.55555555555556,58.96178
105.5555555555556,95.023964
57.22222222222222,46.242085
73.88888888888889,54.019775
112.2222222222222,95.023964
56.66666666666666,46.242085
31.11111111111111,21.834713
16.11111111111111,21.834713
30.55555555555556,30.175732
25.0,31.506002
15.55555555555556,30.175732
48.33333333333334,31.506002
21.0,17.702171
44.0,30.551716
31.0,26.707952
39.0,38.213234
49.0,45.964615
56.0,50.810524
59.0,55.667603
64.0,62.88484
73.0,72.58437
24.0,17.89425
25.0,21.364607
25.0,23.28359
18.0,25.207218
24.0,28.815266
34.0,34.51243
21.0,20.91439
36.0,33.911266
30.0,19.535885
62.0,59.206337
86.0,77.97041
77.0,86.72504
63.0,50.670147
82.0,74.57803
104.0,85.37611
27.88333333333333,22.51707
17.08333333333333,22.51707
43.39444444444445,42.347755
22.22222222222222,16.791555
32.77777777777778,22.436062
19.44444444444444,27.558447
35.47222222222222,40.045803
8.333333333333334,16.791555
17.77777777777778,22.436062
15.55555555555556,27.558447
32.38888888888889,40.045803
48.0,52.48803
55.0,52.48803
-28.93,-11.322536
-3.719999999999999,-5.8765154
39.28986785917724,19.13057
19.4031838547049,19.13057
22.31185954110644,21.216654
15.5,28.494549
4.5,5.865094
7.666666666666666,10.674419
11.05555555555556,10.2783375
11.4556674028899,22.902893
35.291393468088,37.675224
42.94149289905726,45.86907
51.70065813195365,48.631504
8.698546838295002,24.85231
40.8169190988466,46.996742
53.1285310087887,57.812042
62.3834301404085,42.318336
31.17842820937043,28.757605
61.0372496589944,47.922104
66.275730724753,59.229225
47.0,46.03952
138.0,132.00291
49.0,65.59646
98.0,104.06984
131.0,112.29259
126.0,101.81852
72.0,57.637733
104.0,74.982185
137.0,108.22539
116.0,96.934975
98.0,90.89756
64.77777777777777,55.00298
155.7777777777778,150.88362
79.77777777777777,88.74542
13.88888888888889,12.384722
31.11111111111111,28.37556
40.0,34.21192
34.44444444444444,41.06261
41.66666666666666,34.21192
42.77777777777778,41.06261
98.77777777777776,92.884445
98.77777777777776,80.19291
67.77777777777777,51.57833
139.7777777777778,119.10083
38.77777777777778,41.802456
31.11111111111111,34.886097
45.55555555555556,52.910484
50.55555555555556,58.925304
53.33333333333334,65.53384
43.33333333333334,34.886097
56.66666666666666,52.910484
62.22222222222222,58.925304
76.11111111111111,65.53384
73.39188965113698,73.72672
54.39312553782447,52.947395
78.46268505373169,65.46168
65.5486984234681,64.10206
91.339506992143,79.83348
11.39,10.088995
16.61,15.096098
23.83,16.507456
7.06,5.7989755
6.22,6.199482
3.888888888888889,11.091335
13.4,16.464659
26.0,10.565104
20.0,8.847323
19.0,18.400253
6.666666666666667,14.447931
19.44444444444444,30.884348
44.15555555555556,46.67998
8.333333333333334,14.447931
36.66666666666666,30.884348
36.58333333333334,46.67998
12.77777777777778,15.869085
16.66666666666667,15.869085
29.6,24.806456
24.67222222222222,27.932165
15.75555555555556,25.251648
14.12777777777778,23.957449
18.83333333333333,20.652197
38.31666666666667,31.483759
30.72777777777778,26.417673
17.66666666666667,26.619299
42.78888888888888,31.39065
43.71666666666667,33.598167
42.42777777777778,37.651985
2.0,13.760534
9.0,15.642668
34.0,28.540487
35.0,31.371296
29.0,37.88402
11.0,23.335741
28.0,40.58847
13.0,12.94782
26.0,26.816925
29.0,26.816925
7.777777777777778,4.2020555
25.05555555555556,22.402807
16.33333333333333,22.402807
57.05555555555556,46.705837
27.22222222222222,25.280506
62.22222222222222,52.515606
46.87777777777777,51.07952
32.22222222222222,26.482065
43.88888888888889,53.23405
60.15000000000001,59.068226
26.66666666666667,26.482065
36.11111111111111,53.23405
58.46666666666667,59.068226
29.44444444444444,27.31318
50.0,42.13909
52.22222222222222,47.18536
55.0,49.992363
17.77777777777778,27.31318
36.66666666666666,42.13909
40.55555555555556,47.18536
55.55555555555556,49.992363
38.0,45.260815
21.1,4.563924
41.7,31.421494
73.72222222222223,60.681683
70.88888888888889,60.681683
11.22222222222222,6.172367
8.011519999999999,6.4184656
14.24528,12.155578
19.04723,18.798038
23.95772,28.464895
30.10683,30.497341
42.29628,40.38784
35.25852,56.842457
9.55187,5.818915
12.66875,10.439845
20.672,18.95559
27.29168,28.781174
51.98012,39.989826
63.28447999999999,50.30481
7.50075,5.340924
12.66875,13.38772
25.06368,23.878035
32.95548,32.546486
16.36608,20.196096
56.32467,58.18532
49.527,37.44508
109.908,78.5722
38.75328,35.408848
46.49075,42.892433
17.43452,14.756712
30.10683,29.807858
17.97075,16.70539
23.95772,32.54032
12.66875,13.990784
19.04723,17.234385
-0.97732,5.751502
3.96288,12.381467
25.06368,19.625408
46.49075,43.556602
51.98012,62.29663
10.58547,4.453878
12.14592,9.331254
33.52923,27.342606
58.83674999999999,48.78488
0.49067,4.0885234
12.14592,12.037897
29.54112,27.8517
17.43452,28.918087
57.57803,75.141525
106.26875,87.06732
36.99987,41.632248
12.66875,20.242014
36.99987,33.469704
34.10432,35.65792
21.21627,22.469936
6.48323,6.0376005
10.068,7.933613
12.14592,13.191091
14.24528,17.232853
19.04723,23.56743
31.812,32.217636
37.583,46.91779
31.24227,27.848948
9.03708,6.8735976
13.19292,11.354187
18.50832,17.090624
23.95772,22.974522
32.38307,30.8977
39.92892,40.3957
9.03708,6.3719497
10.58547,13.9682665
20.672,21.24795
24.51003,26.938053
15.83387,19.638908
44.08587,45.642174
41.70243,29.658895
70.40643,63.779438
30.67388,28.725704
34.68075,32.96973
9.55187,11.054861
20.672,22.024235
9.03708,12.560011
19.58748,24.47877
12.66875,12.0205965
10.58547,13.486547
63.28447999999999,76.04519
132.447,148.79831
77.02163,80.613525
62.007,53.2075
26.175,21.991585
19.04723,34.697487
116.9148675,122.8076
4.46427,4.3394985
0.0,4.3394985
2.96412,4.3394985
0.0,5.4400616
0.98268,5.4400616
2.46675,5.4400616
15.303,8.996522
7.50075,8.996522
14.24528,10.141867
12.66875,10.141867
19.04723,10.141867
1.97072,10.141867
17.97075,16.488892
12.14592,16.488892
20.12907,16.488892
26.73267,26.894434
29.54112,26.894434
27.85203,26.894434
49.527,41.446915
43.488,41.446915
45.88751999999999,41.446915
48.30848,41.446915
41.70243,43.38189
45.28563,43.38189
49.527,43.38189
77.02163,80.17609
87.19568,80.17609
87.88467,80.17609
55.7,47.201645
48.91707,47.201645
144.16875,141.63521
141.01347,141.63521
223.57308,215.56613
231.87243,215.56613
265.17948,256.00574
274.99728,256.00574
21.0,35.866516
50.0,41.114502
122.0,102.11632
148.7777777777778,135.45222
222.7777777777778,224.9072
108.7777777777778,98.6324
31.11111111111111,30.180258
35.55555555555556,40.722847
48.88888888888889,50.85378
55.95555555555556,58.18563
42.22222222222222,30.180258
55.55555555555556,40.722847
70.55555555555556,50.85378
71.57222222222221,58.18563
95.77777777777776,85.1902
89.77777777777777,96.02322
73.77777777777777,68.843445
78.77777777777777,74.24268
111.7777777777778,95.89063
70.77777777777777,48.55913
86.77777777777777,62.90203
92.77777777777776,85.41881
78.77777777777777,59.95565
98.77777777777776,85.75026
41.66666666666666,40.876347
55.55555555555556,48.199104
58.33333333333334,55.062683
10.49444444444445,13.817843
36.55555555555556,40.28116
61.72222222222222,56.69693
60.83333333333333,56.69693
54.77777777777778,61.395893
70.55555555555554,61.395893
42.22222222222222,27.118292
38.33333333333334,35.38395
40.0,40.551483
30.0,29.251892
28.33333333333333,37.653458
24.69444444444444,17.76862
21.65555555555556,17.811878
26.66666666666667,14.275282
18.88888888888889,17.789143
57.90555555555555,37.13644
15.0,15.045868
3.0,12.174261
30.0,22.642506
51.0,34.261032
53.0,55.7164
72.0,69.843056
114.0,95.30492
52.0,44.046158
62.0,57.65811
75.0,69.11204
81.0,80.70555
3.2,8.612837
23.0,19.432262
40.0,36.371223
41.0,36.371223
16.0,15.068929
23.0,29.446356
30.0,29.446356
9.0,20.548876
23.0,39.87149
18.0,17.67452
38.0,34.421806
10.0,17.67452
34.0,34.421806
22.77777777777778,20.420507
23.88888888888889,24.028164
15.55555555555556,27.42782
25.0,31.728907
19.44444444444444,26.278458
32.22222222222222,29.919321
38.88888888888889,38.208183
23.33333333333333,25.312506
39.44444444444444,40.357857
52.77777777777778,56.8201
29.44444444444444,25.312506
46.11111111111111,40.357857
67.22222222222223,56.8201
18.27777777777778,13.559772
42.72222222222222,35.490997
6.300000000000004,27.120764
4.405189429935099,11.081979
38.5528997026742,22.244509
27.62192536782375,28.83638
71.94444444444443,70.08752
67.83333333333334,70.08752
1.47603,4.3709493
-1.94928,4.3709493
1.97072,4.3709493
1.97072,5.7008266
5.47107,5.7008266
-3.87712,5.7008266
9.03708,5.7008266
12.14592,11.077755
11.62443,11.077755
15.303,11.077755
11.10428,11.077755
19.58748,12.578211
6.48323,12.578211
8.011519999999999,12.578211
17.43452,12.578211
27.85203,19.575611
4.967000000000001,19.575611
12.14592,19.575611
15.83387,19.575611
35.25852,34.01464
40.51875,34.01464
37.583,34.01464
45.28563,50.996906
52.59675,50.996906
40.51875,50.996906
41.10992,50.996906
87.88467,89.38338
100.51563,89.38338
83.08988,89.38338
26.73267,28.024593
32.95548,28.024593
79.70523,78.96928
82.41027,78.96928
152.95632,153.96317
201.08883,208.8768
218.10048,208.8768
7.245867499999999,6.7587523
0.2451675,6.7587523
6.7371075,6.7587523
-4.594532500000001,8.899656
-7.4340325,8.899656
16.0998075,8.899656
11.3641875,8.899656
15.5682675,14.245369
9.2943075,14.245369
16.6326875,14.245369
21.4889075,14.245369
21.4889075,16.988382
15.0380675,16.988382
23.1317675,16.988382
17.1669075,16.988382
27.0120075,27.19697
32.0973675,27.19697
28.6950675,27.19697
48.6126075,46.897514
49.8324675,46.897514
74.0282075,76.086655
88.22966749999999,76.086655
77.35590749999999,76.086655
82.74990749999999,76.086655
120.6512675,118.888466
111.7401875,118.888466
116.9148675,118.888466
21.0,16.26275
38.0,39.66985
54.0,40.946983
43.0,36.271595
50.0,45.794365
84.0,84.36984
117.0,87.73666
102.0,95.484024
118.0,100.34289
10.0,16.26275
42.0,36.271595
102.0,100.34289
75.0,86.61344
69.0,64.95853
53.0,51.279594
61.0,62.027027
81.0,87.28125
5.0,3.1628537
21.0,29.373251
54.0,53.1468
43.0,55.89081
42.0,56.050697
63.0,60.245197
50.0,65.22726
117.0,104.70912
102.0,104.75407
118.0,117.69849
44.0,55.625725
77.77777777777777,63.713326
69.44444444444444,63.713326
91.66666666666669,82.74621
0.5555555555555556,1.7198738
7.0,10.614286
21.0,22.008406
22.0,15.541388
7.0,4.975481
8.0,8.065915
39.0,31.255726
66.0,43.188316
27.0,36.919178
31.0,39.81785
22.0,34.702442
70.0,61.07737
63.0,71.13516
88.0,88.24207
20.0,28.63392
57.0,59.683586
61.0,72.36604
28.0,37.67604
52.0,59.220543
64.0,73.32228
77.0,105.117905
33.0,25.44804
21.0,27.697437
26.0,27.697437
55.0,64.70354
16.11111111111111,18.572655
22.22222222222222,28.446117
67.22222222222223,61.036053
87.10555555555555,64.38004
35.0,26.964178
60.55555555555556,47.865364
76.11111111111111,60.40807
69.37222222222222,68.799286
29.44444444444444,26.964178
41.11111111111111,47.865364
59.44444444444444,60.40807
74.32777777777778,68.799286
31.11111111111111,25.986643
38.33333333333334,43.0425
43.33333333333334,53.639423
68.49444444444444,61.434196
27.77777777777778,25.986643
37.77777777777778,43.0425
62.77777777777778,53.639423
54.31666666666667,61.434196
45.0,31.782307
85.55555555555556,37.786064
16.11111111111111,39.77946
46.18888888888889,41.489174
-3.5,11.625995
11.0552588483543,27.385305
30.0483885501684,36.537296
39.8976000426636,41.87103
40.8605101265276,46.388283
10.068,12.408582
13.19292,12.408582
8.52363,12.408582
16.89963,12.408582
12.14592,13.805743
12.66875,13.805743
15.83387,13.805743
22.30883,17.756264
15.83387,17.756264
21.21627,17.756264
13.19292,19.071692
16.89963,19.071692
19.04723,19.071692
17.43452,19.071692
30.67388,28.384161
36.41808,28.384161
29.54112,28.384161
35.25852,40.706654
38.16747,40.706654
68.448,59.08008
63.92523,59.08008
66.50163,59.08008
67.14908,59.08008
99.80252,86.89323
92.04675,86.89323
77.69051999999999,86.89323
50.13827,52.378803
44.08587,52.378803
131.67627,127.869545
133.99248,127.869545
188.00028,186.5469
188.86347,186.5469
227.24828,226.35046
229.09392,226.35046
18.0,26.70345
60.0,38.557976
92.0,68.05162
146.0,116.76396
23.0,26.620611
39.0,40.379803
30.0,43.049603
80.0,101.20236
90.0,79.81289
57.0,47.97772
10.0,28.290747
14.0,42.153084
46.0,37.266293
121.0,103.958206
21.0,37.266293
94.0,103.958206
80.0,81.372284
139.0,119.28618
150.0,142.41202
45.0,43.75299
60.0,59.72593
57.22222222222222,59.72593
75.33333333333333,69.154396
-1.666666666666667,-1.160684
28.88888888888889,35.062782
27.22222222222222,42.193317
0.0,0.31938967
56.66666666666666,47.722466
3.888888888888889,3.8222003
6.666666666666667,9.885856
8.83333333333333,14.089655
16.11111111111111,17.082127
15.0,9.769888
32.77777777777778,31.283096
47.77777777777778,46.266003
54.44444444444444,51.64513
58.88888888888889,58.89215
33.88888888888889,31.283096
58.33333333333334,46.266003
61.11111111111111,51.64513
52.77777777777778,58.89215
16.42777777777778,22.0359
37.22222222222222,39.37491
60.55555555555556,53.9672
61.66666666666666,61.51119
69.95555555555556,67.87787
40.55555555555556,39.37491
54.44444444444444,53.9672
60.55555555555556,61.51119
61.72777777777777,67.87787
65.27777777777777,64.457855
63.05555555555556,70.69617
41.11111111111111,29.561703
39.44444444444444,37.33471
48.33333333333334,46.05302
53.33333333333334,53.715668
33.0,29.828186
56.0,54.160625
77.0,75.84929
106.0,101.87035
16.11111111111111,6.7429924
128.4777777777778,98.31065
185.1777777777778,160.37207
226.2777777777778,193.08243
78.0,59.42948
67.0,60.46743
86.0,76.435135
71.89540000000001,74.4887
96.8137,82.64143
75.9804,87.1074
77.2059,90.75143
80.0654,84.81106
84.9673,83.58701
91.9118,82.95574
91.9118,87.959335
113.562,86.292076
117.239,88.82127
105.392,96.16391
99.6732,98.20998
95.1797,99.677475
96.8137,101.14168
90.6863,104.05528
96.4052,107.62105
107.843,103.190956
112.745,106.140366
95.1797,122.199936
108.252,113.947
115.605,119.995285
137.663,118.89296
123.775,126.88902
144.608,124.61161
135.212,131.57819
137.255,130.90907
146.242,133.73991
140.114,136.7735
150.735,142.09317
137.255,145.2709
156.454,147.37314
156.046,152.88078
159.722,152.14484
170.752,155.39386
165.85,161.24088
167.484,160.08536
151.552,162.24258
176.471,163.8412
165.85,169.3634
177.696,173.69954
163.807,192.7475
184.232,194.59116
235.294,209.02939
215.686,226.53137
23.95772,18.743824
23.95772,19.53607
38.16747,33.038246
56.32467,43.57204
53.83403,52.98285
66.50163,60.00595
84.45312,71.02016
25.06368,11.62636
25.61867,18.401627
28.41372,28.518871
49.527,42.99738
63.92523,51.16334
63.28447999999999,56.8622
79.03232,63.182808
20.12907,14.974829
26.175,17.25789
42.29628,30.628979
51.36483,43.65619
63.28447999999999,49.52317
44.08587,41.61914
81.732,77.682045
79.03232,60.12921
117.287,90.72037
60.10083,58.137554
74.35947,64.47126
48.30848,39.77029
70.40643,54.37913
45.88751999999999,41.486507
53.21472,55.856636
41.10992,35.035484
41.70243,40.980675
3.46283,7.191854
5.97648,6.888584
6.48323,11.30583
15.83387,14.646358
11.62443,16.6834
18.50832,21.26023
27.85203,31.410929
13.19292,6.980729
13.71843,10.569938
4.967000000000001,15.105112
38.16747,20.054281
21.76188,21.882095
21.21627,24.813002
35.25852,27.382318
23.40675,11.56899
1.47603,12.25505
30.67388,22.406324
27.29168,29.404947
7.50075,15.626117
35.83763,34.68649
39.34043,42.05337
28.97675,28.630829
10.58547,16.279194
20.12907,23.482538
11.62443,22.60176
24.51003,28.274876
48.91707,25.560642
24.51003,26.250721
32.95548,36.083637
14.24528,9.2157955
10.068,9.9931755
20.12907,19.467228
27.29168,26.959904
31.24227,38.834435
74.35947,71.420364
7.50075,3.9253945
6.48323,8.147069
15.303,15.742537
27.85203,26.220556
50.75088,46.526802
6.48323,6.0633273
8.011519999999999,7.3137407
19.58748,18.005459
31.812,29.222828
27.29168,37.01496
32.38307,29.809338
69.09947,63.590343
48.91707,45.11428
40.51875,44.59386
48.91707,50.328873
19.58748,21.248495
42.89147,39.87944
22.30883,22.97623
38.75328,42.011406
16.36608,19.49337
20.672,23.24515
99.325485963,87.638664
142.154781675,155.73817
1.352566875,7.4411316
3.837741875,7.4411316
4.841191875,7.4411316
11.494266875,9.723826
15.701026875,9.723826
6.864171875,9.723826
19.452291875,15.840175
9.938841875,15.840175
20.536141875,15.840175
20.536141875,19.040928
16.766116875,19.040928
21.080076875,19.040928
59.942526875,50.843067
44.535151875,50.843067
46.339816875,50.843067
66.33997687499999,57.87622
63.124501875,57.87622
56.168376875,57.87622
59.942526875,64.7809
69.58895187499999,64.7809
64.406671875,64.7809
70.242766875,65.31212
70.897921875,65.31212
66.987091875,65.31212
87.023641875,79.54477
82.240576875,79.54477
89.093626875,79.54477
81.562641875,79.54477
127.651921875,120.36371
129.947026875,120.36371
120.838966875,120.36371
26.175,33.956192
32.38307,33.956192
86.50803,89.74989
91.34972,89.74989
180.29187,170.98288
244.052,232.36394
235.59587,232.36394
115.7,96.64245
33.0,37.069206
58.0,73.19566
80.0,88.689125
96.0,101.38902
88.0,73.37631
80.0,74.3509
190.0,159.8762
19.44444444444444,15.613063
37.22222222222222,42.829384
50.0,58.542816
64.83888888888889,67.40727
53.33333333333334,42.829384
82.75555555555556,67.40727
38.88888888888889,43.43384
44.44444444444444,47.906155
49.42777777777778,53.152294
33.33333333333334,43.43384
44.8111111111111,53.152294
33.0,33.94101
58.0,75.56749
80.0,89.43938
93.0,100.13114
77.0,82.39772
125.0,101.05766
47.2,32.180855
88.0,59.79424
103.3,82.30989
37.2,44.021305
67.19999999999999,73.51222
84.30000000000001,75.663376
87.2,77.629715
90.9,76.426285
118.0,85.25731
58.3,91.002686
109.3,117.072044
93.3,98.22799
51.66666666666666,42.14569
58.88888888888889,57.500786
46.11111111111111,48.921997
10.0,16.076765
24.44444444444444,16.076765
26.11111111111111,28.079798
29.44444444444444,32.871643
39.44444444444444,28.079798
24.44444444444444,32.871643
12.22222222222222,21.32079
-2.777777777777778,21.32079
23.88888888888889,20.818247
40.95000000000001,31.215347
11.0,16.109642
33.0,26.315317
21.0,21.388504
34.16666666666666,20.192127
41.83333333333334,30.866419
40.96111111111112,32.341877
34.44444444444444,31.024939
47.77777777777778,49.333908
49.44444444444444,54.964333
36.66666666666666,31.024939
60.0,49.333908
55.55555555555556,54.964333
162.72768,159.34006
35.0,45.0178
41.0,46.947357
49.0,59.275673
40.0,44.258278
63.0,83.05495
87.0,92.70924
35.0,31.798481
27.6,36.55081
47.8,48.925842
37.7,35.755394
61.77777777777778,48.27453
52.77777777777778,57.17152
58.77777777777778,54.171333
66.77777777777777,72.67226
57.77777777777778,73.844055
80.77777777777777,104.843
104.7777777777778,114.16731
82.9,88.18981
44.3,46.68419
54.2,74.50981
34.44444444444444,30.146143
51.66666666666666,49.486446
48.33333333333334,54.531464
51.78888888888889,60.941826
32.22222222222222,30.146143
50.55555555555556,49.486446
46.66666666666666,54.531464
72.71666666666667,60.941826
161.2496748,160.72562
86.11111111111111,67.63216
97.77777777777776,96.50777
130.5555555555555,104.62727
107.0,106.78501
27.22222222222222,27.495565
62.22222222222222,47.52697
50.77222222222222,63.45529
16.11111111111111,27.495565
40.0,47.52697
53.11666666666667,63.45529
40.59999999999999,35.87223
37.0,51.934235
51.75555555555555,52.662422
18.42222222222222,-0.68338954
83.42222222222222,77.57113
17.86666666666666,3.5745385
97.22222222222224,84.61086
64.77777777777777,74.58175
23.06,21.130808
19.28,22.845488
28.58888888888889,33.100063
14.95925619327855,28.61266
27.12064412707177,32.10359
60.13675642388536,56.882496
152.9713149771578,131.13336
18.0,17.742569
44.0,38.593975
29.0,30.1345
46.0,49.770695
52.0,61.05302
72.0,71.96457
75.0,80.80155
26.0,35.143826
58.0,61.953968
72.0,83.645676
99.0,106.25273
49.07777777777778,39.122
33.96111111111111,34.886906
41.32222222222222,41.258125
51.18888888888889,45.99128
103.3333333333333,96.20354
128.7722222222222,120.36104
52.05,32.207867
60.78888888888889,48.744892
16.51111111111111,32.207867
44.95555555555555,48.744892
80.0,62.6316
58.0,62.6316
52.61111111111111,56.717274
64.38888888888889,56.717274
47.0,55.225
56.1,39.656166
38.8,80.13661
67.77777777777777,107.811386
138.0,124.955
155.0,153.79008
16.11111111111111,12.924016
19.23333333333333,20.431858
52.32777777777778,53.182545
179.7777777777778,155.25693
4.444444444444445,18.517857
39.44444444444444,49.194355
41.66666666666666,54.552956
27.77777777777778,39.33183
32.22222222222222,41.533943
55.55555555555556,63.095695
60.0,69.36922
76.66666666666667,77.336205
13.94,19.323673
25.56,25.433006
45.55555555555556,44.96086
13.88888888888889,17.10138
35.55555555555556,30.372229
30.58888888888889,29.388983
62.22222222222222,51.502502
79.42222222222223,53.130028
36.11111111111111,46.271873
60.0,68.253876
62.2,73.968124
80.55555555555556,61.619164
53.33333333333334,53.80083
85.55555555555556,75.32649
83.88888888888889,84.19842
86.66666666666667,92.40371
97.0,105.123856
5.0,19.569206
16.66666666666667,29.26334
45.55555555555556,49.463062
41.66666666666666,51.40576
23.33333333333333,20.645226
38.88888888888889,36.484985
67.22222222222223,61.472374
28.33333333333333,35.603024
57.22222222222222,57.441517
31.11111111111111,39.41807
47.65555555555555,44.75484
42.95555555555555,37.911625
45.10555555555555,43.848408
51.66666666666666,48.177086
66.11111111111111,60.929688
85.0,74.61875
83.33333333333333,83.78565
56.66666666666666,55.00721
88.88888888888889,70.218254
106.6666666666667,93.79648
91.86111111111111,95.964874
67.77777777777777,54.58708
88.88888888888889,67.20771
101.6666666666667,94.20657
105.6111111111111,95.53215
59.44444444444444,61.991833
-5.0,-3.2407794
91.66666666666669,88.31499
1.666666666666667,3.4924235
37.22222222222222,41.285698
72.77777777777777,64.43808
75.0,70.680885
80.27777777777777,78.4582
66.11111111111111,59.727283
40.0,41.637535
77.22222222222223,76.38323
77.85,75.89556
33.88888888888889,42.3879
63.88888888888889,77.01386
78.22777777777777,83.49803
22.77777777777778,22.755589
42.77777777777778,50.346615
48.33333333333334,54.881023
57.22222222222222,66.725624
36.66666666666666,44.11713
68.88888888888889,63.873665
65.55555555555556,70.14562
67.22222222222223,74.05473
27.77777777777778,43.196632
55.0,62.314716
74.44444444444444,76.2762
153.76323,154.47269
71.0,63.84362
77.0,61.40686
73.0,64.54367
115.0,103.962875
115.0,108.72063
110.0,110.80454
97.0,90.5609
128.0,112.481674
151.0,141.10733
89.0,90.07594
119.0,112.02284
160.0,142.8492
72.0,63.47696
102.0,96.56826
154.0,138.75433
55.0,63.47696
148.0,138.75433
87.77777777777777,65.43733
87.77777777777777,82.01796
88.77777777777777,84.82542
94.77777777777776,85.26575
90.77777777777776,87.24949
112.7777777777778,94.62785
132.7777777777778,125.41421
132.7777777777778,135.01909
127.7777777777778,133.40479
22.33,26.772839
29.67,29.929993
43.27222222222222,40.039856
31.15,36.272934
45.78888888888888,41.1082
47.22777777777777,44.514732
55.28888888888889,50.768055
42.77777777777778,36.198875
74.44444444444444,74.13696
56.11111111111111,59.00579
66.11111111111111,64.88119
64.44444444444444,58.146923
86.8111111111111,79.277
75.55555555555556,72.0406
76.11111111111111,83.46006
86.11111111111111,74.21739
76.11111111111111,79.32393
51.25555555555556,44.179405
58.37222222222223,54.554176
50.0,44.749958
73.0,61.02237
71.66666666666667,70.62248
70.49444444444445,71.5792
82.73888888888888,80.02293
70.16666666666667,80.38993
87.30555555555554,76.727554
63.16666666666667,74.24071
78.27777777777779,83.77967
28.0,31.289196
57.61111111111111,42.357975
43.33333333333333,44.159508
51.66666666666666,50.138733
58.33333333333334,57.35038
60.55555555555556,59.61306
52.22222222222222,48.737984
65.55555555555556,59.721058
44.66666666666666,50.457626
13.19292,17.29427
20.672,18.101225
35.83763,27.155767
37.583,32.969913
35.83763,40.761528
48.91707,49.407402
68.448,66.7628
10.068,10.461021
23.40675,16.51202
22.85712,24.489529
32.95548,33.529144
42.89147,40.54965
55.7,48.721413
55.07667,57.030376
13.71843,13.838663
12.14592,15.677805
27.85203,27.909851
35.25852,38.959373
42.89147,45.160374
34.68075,36.89854
59.46812,59.860252
42.89147,46.497864
85.82172,71.26933
50.75088,46.405212
53.83403,50.11785
33.52923,30.000126
45.88751999999999,42.833725
28.97675,31.479456
44.08587,44.820084
29.54112,28.202887
24.51003,31.507542
129.7777777777778,134.7961
88.88888888888889,71.21691
138.7777777777778,127.22864
144.1111111111111,135.10304
45.55555555555556,53.097454
-7.222222222222222,-7.6102424
86.11111111111111,80.53779
-17.77777777777778,-2.9366412
93.77777777777776,94.24847
95.77777777777776,98.68491
111.7777777777778,106.4146
125.7777777777778,106.4146
125.7777777777778,117.21672
131.7777777777778,117.21672
-20.55555555555556,-6.195743
27.77777777777778,33.7489
56.66666666666666,51.73124
47.22222222222222,64.53088
-12.22222222222222,-7.638646
76.66666666666667,73.35227
89.0,76.23183
104.0,90.94769
114.0,113.10591
126.0,124.0092
131.0,132.70879
63.0,76.062805
72.0,81.66766
86.0,88.5932
86.0,92.44454
100.0,109.5296
52.77777777777778,51.907967
78.33333333333333,85.23057
99.71666666666668,94.78036
76.0,71.95126
78.0,73.78037
140.6111111111111,135.99521
148.7777777777778,143.66537
56.66666666666666,62.58851
90.55555555555556,90.52748
91.11111111111111,99.6172
109.7611111111111,110.73157
69.55000000000001,62.58851
93.4388888888889,90.52748
111.2166666666667,99.6172
109.0111111111111,110.73157
121.0,124.40609
120.0,124.40609
119.0,117.02226
128.0,117.02226
159.261254643,139.7447
62.77777777777778,74.1047
130.0,114.98094
113.5944444444444,121.984146
72.77777777777777,59.410717
85.0,70.51459
101.1111111111111,80.66995
15.55555555555556,13.738756
71.05555555555556,58.527637
65.72222222222221,71.11384
82.05555555555556,76.564804
78.72222222222221,83.44088
76.66666666666666,58.527637
73.38888888888889,71.11384
100.1111111111111,76.564804
92.7222222222222,83.44088
55.0,45.94193
55.89,51.24729
21.66666666666667,24.555197
64.44444444444444,49.277912
56.66666666666666,49.62503
64.44444444444444,56.000587
47.77777777777778,42.71763
66.11111111111111,58.326008
73.33333333333333,66.39972
50.0,42.949932
53.33333333333334,50.12865
50.0,58.63792
39.44444444444444,41.089603
37.22222222222222,43.897892
92.77777777777776,76.73442
69.01666666666668,79.395164
32.77777777777778,35.963123
37.22222222222222,42.224113
48.88888888888889,52.134605
52.22222222222222,48.0848
11.66666666666667,23.855099
37.77777777777778,40.650402
37.85555555555555,35.885967
60.31666666666666,63.018654
56.08333333333334,50.618362
76.07222222222224,79.55496
68.52777777777777,66.90554
45.0,37.302948
48.33333333333334,41.223717
51.66666666666666,51.149387
45.55555555555556,52.89974
52.77777777777778,43.7403
51.11111111111111,48.218056
62.22222222222222,62.59806
41.66666666666666,63.873108
61.11111111111111,55.54132
82.22222222222223,68.68839
68.88888888888889,71.3091
44.44444444444444,42.102318
55.55555555555556,53.478996
52.22222222222222,53.87853
66.96111111111111,69.637085
99.44444444444444,95.36716
97.66666666666666,95.36716
12.66875,12.915308
21.76188,17.166399
36.41808,33.62298
44.68508,46.143166
58.83674999999999,57.846535
65.21075,67.45796
81.05507,78.72908
71.71875,63.702484
19.58748,15.587123
35.25852,30.343891
58.20672,50.130943
60.10083,61.39979
76.35408,71.71336
79.70523,79.00047
20.12907,15.405968
42.89147,44.130184
59.46812,63.447643
71.71875,71.983986
52.59675,50.856255
85.82172,90.22276
85.82172,73.14443
124.8,115.32417
73.03643,73.68016
77.02163,80.36008
37.583,39.53698
65.85552,54.066162
41.10992,41.07685
53.21472,55.388336
35.25852,37.365826
40.51875,41.277916
107.72043,106.31887
201.97212,187.29713
117.287,120.199196
83.77082999999999,87.68959
43.488,41.655872
62.007,61.210632
47.09532,39.563972
75.023,76.557945
68.448,77.95568
85.13674999999999,84.69259
92.74512,95.86287
85.82172,92.76945
139.248046875,156.72816
68.0,51.74093
40.0,52.56313
59.0,51.420948
52.5631,52.78773
62.43350000000001,68.14863
68.0662,72.282974
74.8546,81.16488
87.5449,87.913506
43.83950000000001,42.85947
52.8272,41.81786
58.1727,48.339344
60.9969,55.87081
63.81480000000001,59.663002
74.7956,68.920395
77.94129999999998,80.70479
28.1035,36.578163
36.8329,52.823273
72.5474,68.609055
77.885,68.75839
86.3393,75.75794
78.48779999999998,78.30319
78.5157,82.50313
89.2035,84.35548
72.6852,91.51199
86.161,90.556786
92.0609,90.68758
86.1688,91.57118
89.2587,91.5693
91.7858,91.43254
94.3138,91.431
86.7438,93.211136
89.27189999999999,93.20964
92.0809,93.20799
108.654,93.26325
99.9534,94.08502
108.695,97.76315
105.379,102.990685
108.476,103.6675
81.0,89.05652
67.0,72.08002
50.0,59.15272
78.0,77.333885
86.0,77.333885
94.0,91.653564
119.0,122.87533
151.0,147.3105
175.0,165.03363
76.77777777777777,70.49773
57.77777777777778,75.25728
85.77777777777777,73.8633
40.0,51.473682
56.11111111111111,44.050163
62.77777777777778,65.77362
120.7777777777778,109.186134
135.7777777777778,108.53717
120.7777777777778,110.08136
120.7777777777778,109.947876
80.77777777777777,84.10042
95.0,86.60652
71.66666666666667,70.20918
52.77777777777778,55.11434
76.77777777777777,80.28862
37.22222222222222,32.446083
43.88888888888889,39.3311
38.72222222222222,41.66203
35.55555555555556,29.001087
34.44444444444444,32.5409
31.66666666666667,12.768597
89.50000000000001,71.36431
94.7777777777778,90.1539
99.8888888888889,96.023735
105.6666666666667,100.79375
115.5555555555556,119.11397
57.11111111111111,53.069244
28.97675,19.524565
32.38307,26.361155
41.10992,29.506428
42.89147,36.00161
43.488,42.148937
19.58748,16.614208
28.97675,23.650684
39.92892,31.777029
44.08587,38.00182
18.50832,15.168175
30.10683,25.094341
34.10432,31.945007
33.52923,30.083721
48.91707,45.07995
60.73488,51.500854
48.30848,37.131683
34.10432,25.469011
47.09532,33.433678
41.10992,34.237087
25.06368,25.367731
17.97075,20.305431
36.99987,36.43679
50.13827,45.97866
63.92523,65.73866
74.35947,83.8654
15.83387,17.36054
26.73267,30.533955
59.46812,55.435352
72.37692,74.98619
16.89963,16.142387
40.51875,35.78942
55.7,60.443665
48.91707,47.651672
87.19568,82.34951
99.09075,96.54171
67.79787,67.30892
47.09532,42.848625
61.37027,56.032856
44.08587,57.354015
37.583,42.6166
156.736072763,167.97488
118.0,88.97251
103.0,89.88393
103.0,85.559784
103.0,94.564316
106.0,109.161865
125.0,130.5101
165.0,162.39374
27.22222222222222,60.01137
62.22222222222222,86.400345
-5.555555555555555,-5.4999113
75.55555555555556,58.352345
56.11111111111111,66.297676
77.22222222222223,69.84729
-4.444444444444445,0.3510336
14.33333333333333,16.102306
74.77777777777777,60.553062
58.33333333333334,56.378517
62.22222222222222,68.446976
91.77777777777776,84.536224
40.0,47.77874
52.77777777777778,53.086224
55.55555555555556,49.349243
97.22222222222224,92.24201
130.5555555555555,114.1935
127.7777777777778,120.592606
138.8888888888889,126.3729
199.035962763,176.78403
96.11111111111111,83.1318
112.7777777777778,106.505936
117.2222222222222,114.0291
124.7333333333333,119.94181
73.77777777777777,52.368103
36.33,27.062052
78.66111111111111,68.323044
94.21666666666668,85.32281
93.33333333333331,67.13881
76.66666666666667,82.7858
59.44444444444444,51.050346
60.55555555555556,67.58875
90.55555555555556,78.673546
78.88888888888889,81.27154
119.1444444444444,85.99051
92.38888888888889,77.40615
106.1,89.586555
103.9,105.46094
115.8,114.594215
130.6,133.57442
130.7,134.5436
32.22222222222222,26.256027
43.88888888888889,37.745625
52.37777777777777,42.946068
40.37222222222223,47.986717
111.0,102.07594
37.77777777777778,46.51003
63.33333333333334,68.033905
59.44444444444444,74.98674
83.72222222222223,86.92141
61.0,58.92928
122.0,79.85011
174.9,153.15567
2.96412,14.589198
11.10428,16.787825
15.83387,17.654537
26.73267,22.297083
26.73267,23.863209
17.97075,24.376581
23.40675,25.533903
23.40675,27.364115
26.73267,34.577724
0.98268,10.592236
12.14592,15.322294
25.06368,20.640347
19.58748,23.416927
22.30883,24.727736
20.12907,26.242626
23.95772,28.768917
6.48323,12.552626
18.50832,14.199527
25.61867,21.909365
17.43452,24.257341
19.04723,25.38417
32.95548,27.326935
35.83763,39.941875
27.85203,31.338406
38.16747,45.52476
27.85203,30.040442
27.85203,32.758198
25.06368,22.21051
21.21627,29.203272
19.58748,22.240608
15.83387,29.842716
19.58748,20.16312
13.19292,22.139507
5.97648,13.088928
14.77347,15.969307
17.43452,17.58423
38.75328,39.933155
55.07667,58.046486
62.007,62.085644
71.06192,71.94169
77.69051999999999,74.13212
83.77082999999999,83.95874
89.26666999999999,95.43345
6.991319999999999,9.076424
13.71843,16.218817
38.75328,35.184208
69.75228,63.561462
87.19568,79.48791
99.09075,92.13495
109.17747,99.88244
13.19292,14.084752
10.58547,16.45641
39.92892,52.49414
83.08988,80.62583
90.65403,92.85499
64.56732,64.73197
102.663,111.518555
105.54492,92.63518
154.57148,142.70256
89.26666999999999,93.41344
106.26875,102.2857
51.36483,54.881054
79.70523,71.9922
76.35408,57.827232
72.37692,74.49119
45.28563,51.600273
60.10083,57.956505
4.967000000000001,17.696064
23.40675,22.313904
27.85203,24.88934
63.92523,57.806915
87.19568,90.36586
94.14588,101.19009
126.31868,129.99829
171.85427,169.58382
181.143,196.33093
15.303,11.817663
21.76188,21.708118
45.88751999999999,48.51958
102.663,95.9059
146.54928,140.22885
183.70443,177.8106
213.57683,197.31114
17.43452,18.948162
20.12907,22.179935
73.69728,74.75722
133.99248,129.0555
157.81788,162.09908
94.14588,107.974365
205.51868,204.18637
174.37148,156.07437
269.09052,249.53825
159.44912,154.343
176.05632,174.0048
85.82172,87.09657
152.15075,135.52016
109.908,98.1915
143.37792,144.25926
82.41027,84.88846
89.95968,99.53254
16.89963,20.186611
38.75328,43.035694
50.75088,59.269367
78.36075000000001,83.6164
102.663,97.20196
15.303,18.0526
36.99987,36.55294
80.37948,77.586624
99.09075,96.69847
17.97075,17.501732
47.70123,49.66451
82.41027,88.12647
62.007,68.7211
108.44828,115.14846
145.75443,141.07968
104.82243,103.894264
50.13827,57.465515
76.35408,74.910515
69.75228,76.96026
56.32467,59.34832
20.12907,20.022812
23.40675,21.322104
34.10432,35.844513
44.68508,44.665512
55.7,54.850994
66.50163,65.063
81.05507,81.906715
12.66875,10.288658
17.97075,18.38132
34.10432,31.95724
44.08587,46.053185
52.59675,55.636982
71.06192,66.513275
74.35947,74.844955
18.50832,14.113596
13.71843,17.022472
39.34043,38.474983
49.527,55.25995
55.07667,64.18628
45.88751999999999,46.453575
82.41027,77.8575
64.56732,60.93142
97.67123,92.859055
61.37027,61.954346
58.20672,66.74361
45.28563,42.161736
67.14908,54.02538
44.68508,42.511665
48.91707,55.14568
35.25852,37.03564
41.70243,41.95491
168.51675,177.62901
339.040704563,326.21527
150.688051308,163.22562
102.2325612,91.65114
71.11111111111111,83.19157
98.33333333333331,98.70109
40.56,40.673824
0.0,8.313578
-2.0,21.731375
62.0,47.837105
107.0,107.449295
132.0,132.87997
131.0,132.87997
127.0,132.87997
167.0,189.34943
198.8888888888889,192.53369
158.3333333333333,153.00888
169.4444444444445,166.19803
170.0833333333333,169.75636
59.44444444444444,66.76889
91.66666666666669,80.319565
85.55555555555556,93.20268
99.44444444444444,104.10929
95.0,84.51964
138.8888888888889,127.806564
130.1277777777778,128.30759
61.88888888888889,62.62099
23.95772,21.1591
23.40675,22.824677
37.583,38.416058
60.10083,48.391533
51.98012,57.76414
60.10083,67.36399
87.88467,84.87255
15.83387,9.791331
19.04723,17.885834
35.83763,32.08581
41.70243,48.516792
54.45468,58.12256
65.21075,67.40934
74.35947,75.52667
6.991319999999999,12.673011
16.36608,15.492269
43.488,35.87223
55.07667,54.993206
62.64507,63.854797
45.28563,49.091248
75.68787,79.563354
64.56732,63.004738
100.51563,93.73621
63.28447999999999,63.135216
65.21075,68.59569
47.70123,43.77019
63.28447999999999,58.034985
39.34043,44.165306
51.36483,59.708015
32.95548,37.025105
41.70243,43.28063
187.586424768,172.5596
40.1253811111111,46.600914
56.53319111111109,46.600914
38.3625911111111,48.203377
33.72077777777777,48.203377
67.36519444444443,51.219013
50.9553811111111,51.219013
68.0144311111111,56.076965
58.41658111111109,56.076965
55.28429777777777,60.98684
44.88511444444443,60.98684
59.67887444444443,61.25965
67.36519444444443,61.25965
64.1391111111111,65.18745
75.9097911111111,65.18745
71.28071444444443,75.01556
70.62477777777777,75.01556
88.80540777777777,80.70585
79.25647444444444,80.70585
84.68084777777777,87.85313
90.19098111111109,87.85313
116.7908977777778,98.42183
106.5103244444444,98.42183
104.3415144444444,104.44177
100.0400744444444,104.44177
116.0478611111111,115.55276
112.3527777777778,115.55276
58.20672,51.672993
41.70243,51.672993
115.80048,108.49705
112.10763,108.49705
183.70443,175.29967
171.01788,175.29967
230.94492,222.07076
224.48987,222.07076
144.0,142.20047
173.0,166.91333
256.7777777777778,240.83731
273.7777777777778,268.96765
239.7777777777778,233.66878
303.7777777777778,299.2073
306.7777777777778,281.2282
49.44444444444444,49.94823
87.77777777777777,91.81264
97.22222222222224,79.88939
111.7777777777778,112.81976
131.7777777777778,128.60635
106.7777777777778,97.66678
125.7777777777778,107.83942
136.7777777777778,127.25238
81.66666666666667,70.123276
87.77777777777777,79.2047
91.66666666666669,91.890236
122.2222222222222,110.30907
121.0,127.306595
79.44444444444444,63.05551
96.66666666666669,87.63632
60.55555555555556,63.05551
82.77777777777777,80.02617
87.22222222222223,87.63632
18.0,3.4930007
5.0,6.272394
39.0,34.63453
74.0,54.6849
36.0,49.03408
60.0,53.97262
23.40675,26.463608
32.38307,28.055984
48.91707,49.07323
73.69728,68.199
79.70523,74.91542
122.53203,127.32108
21.21627,15.9632015
24.51003,24.863354
39.92892,42.17194
96.25707,94.97835
160.26675,153.27542
19.04723,21.612003
28.41372,24.121094
58.83674999999999,52.72114
118.77888,110.23218
161.08572,146.26
127.08003,123.373276
172.683616067,169.16434
192.312245868,170.69772
60.55555555555556,54.449482
100.5555555555556,96.43745
97.0222222222222,104.41256
128.5,155.79138
199.5,198.33934
205.0,185.68857
138.5,132.17487
40.55555555555556,36.227657
36.66666666666666,37.251343
37.10555555555555,39.85968
40.20036534363643,39.1616
47.40018099423715,43.04264
60.13675642388536,61.51366
134.5705415075701,111.81618
111.6666666666667,110.74248
95.0,83.18893
95.55555555555556,91.54708
82.67777777777776,95.26609
107.7777777777778,110.74248
86.66666666666667,83.18893
80.06666666666666,95.26609
92.77777777777776,80.81689
86.11111111111111,96.50879
124.4444444444444,111.49129
125.0,126.43909
60.0,67.26094
105.0,95.838455
107.7777777777778,104.21681
111.1111111111111,110.324905
119.9666666666667,115.41958
76.66666666666667,67.55138
96.66666666666669,94.1877
125.0,114.89311
107.8333333333333,99.81622
125.9444444444444,111.853165
106.1111111111111,116.608376
151.7222222222222,126.37498
58.0,62.108093
70.0,71.529526
52.0,70.8402
86.0,76.07124
78.0,76.19331
76.0,76.54469
83.0,76.90625
84.0,77.73985
85.0,78.0844
81.0,79.15815
72.0,79.90553
120.0,113.439125
117.0,111.75669
108.0,115.09487
159.0,157.84714
182.0,198.19272
140.0,134.77715
80.55555555555556,82.403625
100.0,95.94328
104.4444444444444,105.200966
106.3833333333333,111.83568
58.77777777777778,79.99577
67.77777777777777,88.56169
92.77777777777776,79.99577
98.77777777777776,88.56169
75.77777777777777,72.29738
87.77777777777777,87.212204
69.77777777777777,90.31693
103.7777777777778,96.888435
95.77777777777776,97.12748
93.77777777777776,97.77008
100.7777777777778,97.47159
101.7777777777778,97.90383
102.7777777777778,97.062294
98.77777777777776,95.599686
89.77777777777777,92.88414
137.7777777777778,131.24655
134.7777777777778,131.56021
125.7777777777778,134.57626
88.77777777777777,86.319374
91.61111111111111,100.91585
103.5555555555556,106.68534
99.16666666666666,117.188194
47.5,49.525913
90.27777777777776,77.201416
69.01666666666667,86.52675
101.6666666666667,90.11615
119.4444444444444,113.923744
132.1111111111111,134.13776
90.0,72.18637
97.77777777777776,89.22664
72.22222222222223,91.86437
109.7777777777778,100.66129
55.55555555555556,38.182568
80.55555555555556,85.72459
96.66666666666669,91.94854
27.22222222222222,37.257015
78.33333333333333,55.397686
68.33333333333333,63.312164
38.88888888888889,39.5673
101.6666666666667,75.23543
60.0,88.22386
32.39,30.181644
76.66666666666667,87.449776
52.61666666666666,50.05147
57.87777777777777,54.45501
25.61867,26.46207
39.92892,44.69877
57.57803,55.832134
80.37948,77.770546
82.41027,82.63577
22.30883,21.279875
31.24227,37.348557
67.79787,67.169846
95.552,87.72915
18.50832,18.634409
38.16747,41.814075
73.03643,73.26921
132.067,127.869064
130.44,131.7877
144.042,133.39519
126.218,142.4798
151.618,150.994
171.7777777777778,153.6987
183.7777777777778,176.30753
110.7777777777778,128.9022
144.7777777777778,145.32645
31.0,38.6687
38.33333333333334,33.797493
32.77777777777778,35.659477
30.90555555555556,38.6687
66.0611111111111,58.672615
60.02222222222221,59.31615
77.89444444444445,79.39329
65.85552,59.396202
76.35408,79.976135
101.94587,100.66399
65.21075,70.382225
78.36075000000001,90.11266
76.35408,77.40362
67.14908,63.017292
87.19568,101.20048
118.77888,119.54862
82.41027,87.950714
56.32467,54.414234
65.21075,70.21665
68.448,72.058
50.75088,53.531666
175.21323,185.33853
206.266181552,182.31111
85.55555555555556,84.415085
91.77777777777776,103.75822
96.77777777777776,104.33572
88.88888888888889,102.14449
67.72,60.503773
67.0,64.978065
105.6777777777778,94.048035
8.88888888888889,34.981464
38.33333333333334,64.5732
80.55555555555556,99.86867
73.57777777777778,76.398415
88.73333333333333,85.90813
108.1388888888889,106.825806
96.95,94.6506
117.2222222222222,98.11232
182.089323507,173.07108
157.7777777777778,152.27176
93.88888888888889,118.51465
76.11111111111111,78.143616
92.22222222222224,107.96019
125.7777777777778,111.82521
129.7777777777778,112.84908
60.94,48.731228
52.42999999999999,58.945484
31.812,29.942219
34.10432,32.002796
61.37027,54.851067
75.023,68.04219
78.36075000000001,80.000786
96.96348,93.03089
125.55867,114.71079
20.12907,15.341673
27.85203,26.438526
45.28563,46.501392
67.79787,69.2067
85.13674999999999,81.974525
103.38147,94.85222
112.10763,106.68479
16.89963,19.739584
29.54112,23.575567
62.64507,52.695282
81.05507,77.50723
92.04675,89.74477
67.14908,71.385185
120.27612,113.64352
99.80252,91.242905
146.54928,132.8522
93.44483,90.64436
99.09075,98.4405
73.03643,60.89331
85.13674999999999,78.930336
70.40643,62.058643
77.69051999999999,81.45634
53.21472,53.29676
63.28447999999999,61.047813
172.256213168,190.43784
164.7777777777778,127.88269
178.7777777777778,154.91826
178.7777777777778,156.37242
175.7777777777778,156.37242
116.6666666666667,105.50401
125.0,120.94447
121.6666666666667,127.09369
143.8888888888889,142.51823
155.6111111111111,152.4794
87.58888888888889,102.32405
145.3666666666666,137.611
63.88888888888889,70.26619
82.77777777777777,81.34009
91.66666666666669,97.84949
26.73267,28.582113
35.83763,30.307713
54.45468,53.37929
74.35947,66.67546
76.35408,78.56102
91.34972,87.80371
94.14588,91.1122
99.09075,100.1268
14.24528,16.539295
34.10432,27.611465
50.13827,47.83923
73.03643,68.99036
86.50803,80.17381
100.51563,89.82792
98.38032,97.47145
19.58748,23.382822
31.812,26.781986
63.28447999999999,55.98591
88.575,77.54967
75.68787,85.962975
67.14908,70.209404
104.82243,108.11399
101.94587,90.01374
133.99248,127.269066
81.05507,89.62144
89.95968,96.66588
65.85552,57.495014
84.45312,74.954414
68.448,58.234245
75.023,76.35733
45.88751999999999,50.712242
49.527,57.54707
155.1380523,172.93806
25.1745708,29.72283
19.1551728,29.72283
36.5343308,29.72283
27.9642608,32.73397
33.0701228,32.73397
30.7874508,32.73397
29.0895168,32.73397
49.6491468,55.332184
43.0106688,55.332184
49.0389488,43.580826
49.6491468,43.580826
50.2606848,43.580826
59.5945548,43.580826
52.1033388,59.24405
60.2275328,59.24405
47.8225728,46.752823
48.4300908,46.752823
45.4059008,46.752823
63.4125228,64.231766
78.49495679999998,64.231766
70.5374208,67.728806
74.49206879999998,67.728806
66.6310128,69.76891
60.2275328,69.76891
57.70366079999999,59.09444
55.2012288,59.09444
62.7728448,59.09444
87.3333708,72.703354
82.54608479999999,72.703354
87.3333708,77.5966
88.7132268,77.5966
86.6454528,81.824905
90.7930608,81.824905
82.54608479999999,81.824905
70.5374208,81.78357
80.51449079999999,81.78357
90.7930608,91.30073
89.4051648,91.30073
80.51449079999999,87.73419
97.1049228,87.73419
88.02262879999999,92.92389
94.2862508,92.92389
108.5940108,108.301025
111.5198828,108.301025
115.9488908,108.301025
116.6917488,108.301025
112.2547008,110.77102
121.1770368,110.77102
131.8303088,110.684715
115.9488908,110.684715
130.2923328,123.93298
115.9488908,123.93298
145.9132928,136.83862
140.3849868,136.83862
127.9954188,136.83862
92.74512,86.18419
171.85427,156.65897
219.00923,212.84895
229.09392,212.84895
245.94588,251.55704
276.97692,251.55704
130.5555555555555,109.11249
104.5,94.380684
105.5555555555556,89.778725
45.55555555555556,57.74868
95.55555555555556,98.307884
105.0,101.63841
91.66666666666669,112.51225
108.6555555555555,121.73049
92.22222222222224,88.12154
100.0,106.308105
120.5222222222222,111.45547
139.7777777777778,114.200455
161.7777777777778,159.824
159.7777777777778,159.824
165.7777777777778,165.52104
117.2222222222222,96.49675
165.5555555555555,152.43805
146.9555555555555,156.44951
16.89963,25.421228
38.16747,32.124184
37.583,35.47032
67.79787,64.694984
76.35408,79.49744
85.82172,82.364716
87.88467,89.8304
90.65403,91.73578
109.908,101.12315
101.23008,115.397095
19.58748,16.674545
29.54112,31.093777
62.007,59.74287
92.74512,84.80723
104.10128,96.71875
116.54307,108.36682
122.53203,116.64308
27.85203,24.87813
34.68075,30.235468
71.06192,75.399796
99.09075,98.0659
106.26875,108.37236
96.96348,90.17711
123.28668,137.43976
123.28668,118.19887
182.84928,168.31055
115.05923,118.37419
131.67627,127.80503
76.35408,70.02073
92.74512,87.458725
71.06192,71.23122
86.50803,89.54375
66.50163,64.09752
65.21075,70.95725
221.588254563,205.83066
30.55555555555556,26.955887
113.8888888888889,124.00404
87.22222222222223,80.22359
103.7777777777778,97.90962
98.33333333333331,99.40052
140.7777777777778,122.65212
91.66666666666669,92.403885
76.11111111111111,82.01486
108.3333333333333,135.1158
98.51666666666664,94.29586
110.0,109.45674
112.2222222222222,125.74376
143.8888888888889,130.67773
25.55555555555556,29.958883
58.88888888888889,54.5772
96.66666666666669,92.16169
136.9777777777778,114.62488
37.66666666666666,54.62774
149.397825483,149.56015
113.8888888888889,110.650185
151.1111111111111,141.31155
191.6666666666667,182.65335
123.3333333333333,126.09159
141.6666666666667,136.85323
202.85675,195.7013
30.55555555555556,31.321127
133.3333333333333,121.15171
60.0,82.73265
92.77777777777776,97.09093
70.55555555555556,55.695118
80.55555555555556,72.996826
87.22222222222223,79.96075
89.92222222222223,86.823975
146.3777777777778,141.93765
125.5555555555556,121.55282
72.22222222222223,73.59421
26.175,28.991404
34.10432,38.34797
71.71875,71.24715
97.67123,94.60567
99.09075,100.298325
102.663,115.015175
137.09952,135.79265
160.26675,155.89188
137.09952,127.83675
18.50832,19.864574
34.10432,34.113056
63.28447999999999,65.0941
106.26875,101.22114
124.8,123.61509
150.54363,142.45097
166.02768,155.35165
17.43452,6.7703295
32.95548,28.789227
26.73267,29.697134
43.488,38.421738
39.34043,34.36507
80.37948,89.14427
123.28668,123.407875
136.32075,139.06995
99.80252,107.540794
166.85603,169.23007
157.81788,142.1973
211.77675,205.21213
137.87963,143.96304
148.94187,155.25311
85.13674999999999,89.11459
124.04267,114.50259
98.38032,94.734474
121.02675,120.17165
85.82172,85.72042
94.14588,95.14408
180.29187,178.8519
329.26875,303.06876
192.32963,185.11697
134.76723,141.73538
75.023,72.4369
124.8,108.722
258.222600363,261.13568
70.0,90.37618
76.11111111111111,70.189064
102.75,100.593285
67.77777777777777,76.80715
106.7777777777778,103.767654
106.7777777777778,116.85555
20.672,27.183905
28.41372,30.702978
33.52923,36.79065
45.88751999999999,39.801483
43.488,42.54449
45.88751999999999,44.897297
53.21472,50.44189
38.16747,43.800404
31.24227,29.001461
34.10432,35.042202
39.34043,39.159943
43.488,41.900917
41.10992,44.267128
49.527,46.640522
13.71843,10.586522
19.58748,16.714016
30.10683,25.966782
28.97675,28.105093
37.583,36.539192
40.51875,40.119583
34.10432,42.213196
48.30848,45.721237
53.21472,56.58258
60.10083,51.97459
68.448,61.59716
47.70123,50.454357
56.95068,53.386444
36.41808,30.89397
45.88751999999999,37.965874
26.73267,30.549952
45.28563,38.76113
28.97675,27.867481
28.97675,30.20398
39.34043,31.48136
47.70123,38.478954
53.21472,41.69691
43.488,44.575626
54.45468,47.003475
55.7,53.21592
47.09532,45.813133
27.29168,29.570047
46.49075,36.782806
50.13827,41.296776
51.98012,44.214863
47.09532,46.714375
48.91707,49.28923
34.10432,28.529215
45.88751999999999,38.466297
43.488,42.42556
42.89147,44.714622
51.98012,49.247295
64.56732,63.002693
71.06192,57.458076
79.03232,70.083664
53.83403,56.08203
62.007,59.503517
39.34043,31.482864
42.29628,39.549515
26.73267,31.023184
38.16747,40.247902
28.41372,27.83393
26.73267,30.55589
32.95548,35.940536
42.89147,37.694477
62.64507,57.675972
73.69728,67.15203
68.448,75.73131
81.732,84.56676
89.26666999999999,96.732376
21.76188,21.782698
36.99987,34.79119
59.46812,54.203392
74.35947,69.78053
80.37948,77.691696
85.82172,85.49251
85.13674999999999,91.99772
23.40675,29.634808
36.99987,33.477875
71.06192,61.175934
85.13674999999999,76.4395
85.13674999999999,82.67679
79.70523,74.35618
96.96348,105.51969
106.26875,92.13728
133.99248,122.31996
96.96348,92.66641
95.552,98.60813
65.85552,56.89322
74.35947,71.794075
56.95068,57.158302
63.92523,73.345055
49.527,50.67268
49.527,56.37017
103.7412075,95.015274
131.7777777777778,111.2782
136.7777777777778,122.0533
96.66666666666669,88.52501
125.5555555555556,102.32908
17.77777777777778,27.172012
62.77777777777778,55.40677
54.44444444444444,56.680054
65.55555555555556,63.107704
26.73267,29.34139
39.34043,39.01377
65.85552,68.90959
88.575,83.4742
91.34972,85.99452
85.13674999999999,92.95693
105.54492,103.09529
119.52683,115.946144
19.58748,20.614567
35.25852,34.987774
62.64507,64.47482
92.04675,88.1989
101.94587,99.03801
115.80048,109.359604
123.28668,117.21885
15.83387,6.125343
21.76188,12.795877
32.38307,29.049704
27.85203,29.639032
40.51875,38.09698
38.16747,34.72872
74.35947,79.6227
101.23008,98.99881
106.99392,108.01809
92.04675,92.17128
133.99248,135.6542
135.54332,119.36344
170.18283,163.04578
115.05923,120.31885
126.31868,128.61183
73.03643,70.036964
96.25707,86.76735
76.35408,70.78386
87.19568,88.65122
67.79787,63.63548
69.75228,70.34778
120.27612,140.829
203.74272,216.66806
172.692,163.67696
132.447,129.5513
73.03643,74.09915
97.67123,101.35297
199.616723163,197.31291
202.85675,197.31291
220.7777777777778,200.75583
70.0,76.63246
98.77777777777776,93.864075
97.22222222222224,95.50392
121.7777777777778,110.75136
28.41372,29.885305
39.34043,36.520863
44.08587,39.838978
70.40643,69.35832
86.50803,84.93687
88.575,88.11654
89.95968,95.8354
99.09075,97.64259
102.663,106.761375
117.287,119.29598
18.50832,20.142994
37.583,34.686485
71.06192,62.972435
92.74512,88.885765
103.38147,101.372765
115.80048,112.49082
123.28668,120.566284
27.85203,28.28992
38.75328,33.288857
82.41027,76.65898
101.23008,98.56684
108.44828,109.070946
101.94587,96.600914
128.60675,141.98471
135.54332,124.0919
179.44208,169.98227
118.03227,123.60249
125.55867,133.32645
75.68787,70.208694
90.65403,88.751755
76.35408,71.0231
83.77082999999999,90.70207
64.56732,63.25168
62.007,70.592094
23.95772,25.782541
37.583,29.554453
30.10683,32.427917
46.49075,44.85482
55.7,51.566994
50.75088,53.073883
60.10083,56.521626
58.83674999999999,60.74994
59.46812,68.41768
18.50832,17.382687
30.67388,28.18197
42.89147,41.56844
59.46812,52.385426
63.92523,57.61077
67.14908,61.564594
62.64507,64.906876
22.30883,22.553303
30.10683,26.19167
44.68508,47.12854
62.007,56.26374
59.46812,60.211174
55.07667,54.18551
67.79787,69.923515
71.06192,62.5861
77.69051999999999,76.63475
66.50163,62.150684
60.73488,65.464905
54.45468,44.103817
58.20672,52.775322
49.527,45.850006
37.583,54.97936
40.51875,42.27177
45.28563,46.070557
14.77347,26.036047
40.51875,31.636463
35.83763,34.22978
62.007,56.78889
77.69051999999999,71.04341
77.69051999999999,74.392654
79.70523,81.40819
89.26666999999999,89.80159
99.09075,99.76918
19.04723,17.661503
30.10683,29.730036
50.75088,50.90281
74.35947,72.25142
91.34972,83.694084
92.74512,92.233795
101.94587,98.145546
23.40675,24.41808
28.41372,28.512562
63.92523,61.60031
90.65403,79.75728
89.26666999999999,88.3796
81.05507,79.13634
118.03227,118.142334
106.26875,99.72633
156.192,135.32387
98.38032,97.26069
116.54307,106.11997
66.50163,58.72027
81.732,71.35997
65.21075,60.2612
62.007,72.94997
63.92523,55.07483
51.98012,60.29897
30.67388,40.514626
74.35947,70.10828
82.41027,86.08058
112.84352,109.00252
112.84352,119.715004
34.10432,36.88305
65.21075,63.778004
114.31932,103.08724
127.08003,122.65437
41.70243,36.69936
73.69728,78.3756
101.94587,110.34652
94.14588,97.570816
126.31868,141.10391
178.59363,167.39493
134.76723,133.57164
65.21075,70.65702
102.663,88.92909
91.34972,91.80333
74.35947,72.6404
25.06368,25.400614
36.41808,33.28495
62.64507,59.04754
69.75228,72.72968
82.41027,82.280914
91.34972,90.633736
94.14588,102.748474
92.74512,87.184326
29.54112,29.53563
56.32467,52.978077
81.05507,75.26904
91.34972,85.28882
96.96348,93.9893
100.51563,100.53581
30.67388,28.231243
64.56732,64.40553
83.08988,82.96312
89.26666999999999,91.58404
79.03232,82.96684
112.10763,123.841324
115.80048,107.18369
144.16875,146.5397
104.10128,106.34672
106.99392,114.92598
62.007,59.725685
79.03232,76.08602
57.57803,59.653297
68.448,77.2764
51.98012,52.52719
53.83403,59.000378
204.266070827,197.40411
185.727896832,174.81674
203.0,155.26399
14.77347,22.540546
30.10683,25.146849
32.38307,26.118073
34.10432,31.46413
35.25852,34.096844
35.25852,34.90576
31.24227,36.83466
41.70243,37.358162
40.51875,39.719177
45.28563,45.851265
15.83387,17.556503
27.85203,23.790731
33.52923,29.738312
35.83763,33.69259
33.52923,36.460648
39.92892,39.139656
38.16747,42.033306
22.85712,20.688614
20.12907,22.627752
34.68075,31.35484
35.25852,35.03141
30.67388,37.295265
35.25852,35.787342
53.83403,53.847557
36.99987,39.698555
44.68508,48.198986
50.75088,41.003716
38.75328,42.53548
34.10432,29.64014
41.10992,36.179554
32.38307,29.13656
28.41372,36.410637
23.95772,26.334717
26.73267,28.69257
32.95548,41.59159
50.75088,52.610657
62.64507,58.02177
112.10763,107.611435
143.37792,139.36282
144.96092,147.67905
164.375,167.78116
166.85603,172.78218
189.728,195.85114
235.59587,230.50601
25.61867,27.110958
54.45468,48.482357
97.67123,93.1913
141.80028,143.86917
181.143,175.27681
219.91932,201.77863
213.57683,220.95613
31.812,39.55593
55.07667,46.662807
124.04267,120.54802
172.692,168.51233
201.08883,192.07387
156.192,163.09512
235.59587,243.0109
219.91932,203.57863
286.95552,280.51978
197.56907,199.91882
211.77675,216.7843
131.67627,129.13832
180.29187,170.88351
150.54363,139.50674
171.85427,180.23361
127.84272,126.179855
133.21907,140.9897
370.8304163,365.2614
47.22222222222222,36.01176
88.88888888888889,83.77863
119.4444444444444,115.574
64.56732,62.5635
175.21323,173.87503
238.40252,234.68657
35.83763,33.011135
206.40867,202.30173
267.13232,257.09375
47.09532,44.929108
224.48987,216.32767
269.09052,255.38762
219.91932,205.00485
21.21627,24.459953
34.10432,31.312983
46.49075,46.77618
58.83674999999999,56.634865
63.28447999999999,64.945694
69.75228,70.93184
73.69728,76.989136
75.023,68.642235
28.41372,26.508825
48.30848,41.07609
62.007,56.32955
74.35947,65.66168
79.70523,72.47473
73.03643,76.70308
26.175,24.51325
46.49075,47.03147
69.75228,60.739952
68.448,67.905975
64.56732,67.84183
88.575,95.91965
96.96348,81.2309
127.08003,109.73519
79.70523,78.69093
89.95968,85.51131
38.75328,40.313343
71.71875,54.38778
38.16747,40.729412
48.91707,55.57644
37.583,35.790737
34.10432,40.38771
33.52923,36.40836
50.13827,54.36143
68.448,66.62034
83.77082999999999,79.468834
84.45312,86.2973
87.88467,94.88713
27.29168,30.876583
50.13827,47.18057
81.05507,77.48968
100.51563,92.92773
22.30883,28.81664
64.56732,53.74943
81.05507,78.900024
79.03232,78.70395
99.09075,115.0921
157.81788,129.83951
101.94587,97.59242
71.06192,51.569878
72.37692,66.86684
62.007,68.8206
47.09532,52.786476
0.0,0.073555306
0.0,0.032745343
0.0,0.06933233
0.0,0.0579772
0.0,0.027969718
0.0,0.08891304
0.0,-0.004958725
0.0,0.07838074
0.0,0.14680454
0.0,0.042270083
0.0,-0.007893098
0.0,0.05768474
0.0,0.03856474
0.0,0.1103047
0.0,0.1614171
0.0,0.11115742
0.0,0.0385037
0.0,-0.06683008
0.0,0.028156519
0.0,0.07670335
0.0,0.0768889
0.0,0.04566283
0.0,0.25410134
0.0,0.10093369
0.0,0.027302105
0.0,0.1350112
0.0,0.0952559
0.0,0.08891304
0.0,-0.31085438
0.0,0.16955906
0.0,0.121047676
0.0,0.08971887
0.0,0.1614171
0.0,0.11115742
0.0,-0.0100416
0.0,0.0385037
0.0,-0.043703366
0.0,-0.06683008
0.0,0.03578227
0.0,0.028156519
0.0,0.1216918
0.0,0.19997373
0.0,0.072892
0.0,0.083352104
0.0,0.09088327
0.0,0.0375683
0.0,0.08981867
0.0,0.07670335
0.0,0.2036086
0.0,0.0768889
0.0,0.13757913
0.0,0.04566283
0.0,0.25410134
0.0,0.10093369
0.0,0.028066212
0.0,0.027302105
0.0,0.0054700016
0.0,0.055792082
0.0,0.009076625
0.0,0.1625818
0.0,0.097132966
0.0,0.093618505
0.0,0.04918431
0.0,0.09023219
0.0,0.057633422
0.0,0.11251096
0.0,-0.0077735423
0.0,0.013925994
0.0,0.0036834837
0.0,0.10669432
0.0,-0.015711308
0.0,0.099201195
0.0,0.15924335
0.0,0.008266246
0.0,-0.26514456
0.0,0.0036834837
0.0,0.018805182
0.0,-0.02734729
0.0,0.14111196
0.0,-0.029612172
0.0,-0.016924798
0.0,0.051655393
0.0,0.10702728
0.0,0.35679626
0.0,0.17111413
0.0,0.03312794
0.0,0.030276954
0.0,-0.09949047
0.0,0.17991042
0.0,-0.3321724
0.0,0.037255548
0.0,0.08459865
0.0,0.010454774
0.0,-0.004958725
0.0,0.07838074
0.0,0.021118259
0.0,0.05768474
0.0,0.03856474
0.0,0.1103047
0.0,-0.017180156
0.0,-0.053663336
0.0,0.024228562
0.0,0.085254595
0.0,-0.005232787
0.0,0.022318382
0.0,0.02289542
0.0,-0.05773288
0.0,0.00062584877
0.0,-0.012358129
0.0,0.069356136
0.0,0.036758613
0.0,0.09211821
0.0,0.054721355
0.0,-0.0076714694
0.0,-0.09892424
0.0,-0.013876582
0.0,0.019678652
0.0,0.018605042
0.0,0.015597033
0.0,0.20871297
0.0,0.07453546
0.0,-0.025369728
0.0,0.09465498
0.0,0.034023665
0.0,0.036758613
0.0,-0.32172698
0.0,0.10763012
0.0,0.089932986
0.0,0.043504544
0.0,0.09211821
0.0,0.054721355
0.0,-0.04912529
0.0,-0.0076714694
0.0,-0.14889202
0.0,-0.09892424
0.0,0.011869359
0.0,-0.013876582
0.0,0.061736442
0.0,0.14333549
0.0,0.015670557
0.0,0.025544584
0.0,0.034313418
0.0,-0.013726056
0.0,0.043656398
0.0,0.019678652
0.0,0.13823862
0.0,0.018605042
0.0,0.10341649
0.0,0.015597033
0.0,0.20871297
0.0,0.07453546
0.0,-0.025190521
0.0,-0.025369728
0.0,-0.04630071
0.0,0.0073499917
0.0,-0.046446703
0.0,0.11104147
0.0,0.045339238
0.0,0.052452825
0.0,-0.0020085692
0.0,0.034640573
0.0,0.004562676
0.0,0.0068270327
0.0,0.070044294
0.0,-0.049840547
0.0,-0.027361643
0.0,-0.045076825
0.0,0.071302235
0.0,-0.06496422
0.0,0.04054643
0.0,0.1037061
0.0,-0.03748063
0.0,-0.28459397
0.0,-0.045076825
0.0,-0.0298841
0.0,-0.08190068
0.0,0.069702834
0.0,-0.08265412
0.0,-0.07076377
0.0,-0.0028365671
0.0,0.064057596
0.0,0.26567483
0.0,0.12827674
0.0,-0.018355632
0.0,-0.02624892
0.0,-0.18480176
0.0,0.15012258
0.0,-0.36398134
0.0,-0.015574956
0.0,0.037687935
0.0,-0.045300186
0.0,-0.053663336
0.0,0.024228562
0.0,-0.027329564
0.0,0.00062584877
0.0,-0.012358129
0.0,0.069356136
0.0,-0.06666299
0.0,-0.104391456
0.0,-0.03201897
0.0,0.025333917
0.0,-0.06497018
0.0,-0.032269645
0.0,-0.019189846
0.0,-0.10414151
0.0,-0.04838903
0.0,-0.06397178
0.0,0.02576381
0.0,0.00040822625
0.0,0.016783763
0.0,-0.0060849786
0.0,-0.043147493
0.0,-0.12321045
0.0,-0.050022077
0.0,-0.03633778
0.0,-0.041921817
0.0,-0.04929664
0.0,0.12793843
0.0,0.053531595
0.0,-0.07218593
0.0,0.032926165
0.0,-0.020744931
0.0,0.00040822625
0.0,-0.3359034
0.0,0.05151739
0.0,0.060359698
0.0,-0.014327789
0.0,0.016783763
0.0,-0.0060849786
0.0,-0.10279901
0.0,-0.043147493
0.0,-0.2861487
0.0,-0.12321045
0.0,-0.014427936
0.0,-0.050022077
0.0,0.0007942617
0.0,0.05683566
0.0,-0.039386403
0.0,-0.037154086
0.0,-0.028339595
0.0,-0.054197706
0.0,-0.008694584
0.0,-0.03633778
0.0,0.07789113
0.0,-0.041921817
0.0,0.06959193
0.0,-0.04929664
0.0,0.12793843
0.0,0.053531595
0.0,-0.09842605
0.0,-0.07218593
0.0,-0.10211258
0.0,-0.038451623
0.0,-0.096755005
0.0,0.054841615
0.0,-0.004439843
0.0,0.0108140465
0.0,-0.060105823
0.0,-0.014911425
0.0,-0.04565873
0.0,-0.039637186
0.0,0.03283737
0.0,-0.09866579
0.0,-0.07591094
0.0,-0.08528886
0.0,0.031457268
0.0,-0.11256862
0.0,-0.01094302
0.0,0.03814224
0.0,-0.07101617
0.0,-0.31044596
0.0,-0.08528886
0.0,-0.0707113
0.0,-0.13861386
0.0,0.010754299
0.0,-0.13737397
0.0,-0.12582162
0.0,-0.041214406
0.0,0.028079921
0.0,0.15760127
0.0,0.070596665
0.0,-0.07029454
0.0,-0.0745215
0.0,-0.22494742
0.0,0.108287714
0.0,-0.38217956
0.0,-0.071108386
0.0,-0.0077982903
0.0,-0.1018285
0.0,-0.104391456
0.0,-0.03201897
0.0,-0.08100019
0.0,-0.04838903
0.0,-0.06397178
0.0,0.02576381
0.0,-0.117999926
0.0,-0.15601748
0.0,-0.091908656
0.0,-0.03514577
0.0,-0.13026658
0.0,-0.09006065
0.0,-0.06489265
0.0,-0.14773723
0.0,-0.10027965
0.0,-0.11694727
0.0,-0.027220106
0.0,-0.03350421
0.0,-0.11402567
0.0,-0.059462942
0.0,-0.07119838
0.0,-0.13528302
0.0,-0.10214347
0.0,-0.09751779
0.0,-0.102292344
0.0,-0.1418031
0.0,0.0056819143
0.0,0.012701452
0.0,-0.12839141
0.0,-0.12582643
0.0,-0.08148643
0.0,-0.03350421
0.0,-0.34829158
0.0,-0.007848119
0.0,-0.009604389
0.0,-0.18735045
0.0,-0.11402567
0.0,-0.059462942
0.0,-0.2076519
0.0,-0.07119838
0.0,-0.45663077
0.0,-0.13528302
0.0,-0.052232943
0.0,-0.10214347
0.0,-0.06815447
0.0,-0.09593104
0.0,-0.09730904
0.0,-0.09717933
0.0,-0.089447185
0.0,-0.08505283
0.0,-0.11339291
0.0,-0.09751779
0.0,0.011842412
0.0,-0.102292344
0.0,0.031998128
0.0,-0.1418031
0.0,0.0056819143
0.0,0.012701452
0.0,-0.17426708
0.0,-0.12839141
0.0,-0.15444353
0.0,-0.09977847
0.0,-0.15012267
0.0,-0.005711389
0.0,-0.06256592
0.0,-0.057116926
0.0,-0.120444655
0.0,-0.06860852
0.0,-0.09327634
0.0,-0.08916019
0.0,-0.015761042
0.0,-0.18509878
0.0,-0.14934562
0.0,-0.11331646
0.0,-0.0022149205
0.0,-0.16476259
0.0,-0.06077422
0.0,-0.035753034
0.0,-0.111393884
0.0,-0.33889946
0.0,-0.11331646
0.0,-0.10967779
0.0,-0.19454266
0.0,-0.031256247
0.0,-0.18426648
0.0,-0.17432785
0.0,-0.101279736
0.0,-0.06145977
0.0,0.0028190254
0.0,0.0031387745
0.0,-0.123699926
0.0,-0.12490108
0.0,-0.24058981
0.0,0.049287785
0.0,-0.38435262
0.0,-0.13039133
0.0,-0.054533016
0.0,-0.15330593
0.0,-0.15601748
0.0,-0.091908656
0.0,-0.13474871
0.0,-0.10027965
0.0,-0.11694727
0.0,-0.027220106
0.0,-0.19176076
0.0,-0.21946187
0.0,-0.17204693
0.0,-0.125838
0.0,-0.26316696
0.0,-0.16207634
0.0,-0.13849474
0.0,-0.22250883
0.0,-0.186411
0.0,-0.18396825
0.0,-0.109557115
0.0,-0.12850803
0.0,-0.32281584
0.0,-0.2061408
0.0,-0.14868805
0.0,-0.26089838
0.0,-0.18301228
0.0,-0.1798853
0.0,-0.18347487
0.0,-0.2516366
0.0,-0.26959044
0.0,-0.1101858
0.0,-0.23637696
0.0,-0.3450948
0.0,-0.16531023
0.0,-0.12850803
0.0,-0.3956161
0.0,-0.101704195
0.0,-0.17511621
0.0,-0.395128
0.0,-0.32281584
0.0,-0.2061408
0.0,-0.34649706
0.0,-0.14868805
0.0,-0.6009951
0.0,-0.26089838
0.0,-0.120701835
0.0,-0.18301228
0.0,-0.17858174
0.0,-0.3256495
0.0,-0.17918992
0.0,-0.17794314
0.0,-0.16890578
0.0,-0.21692762
0.0,-0.29120094
0.0,-0.1798853
0.0,-0.18444028
0.0,-0.18347487
0.0,-0.044996373
0.0,-0.2516366
0.0,-0.26959044
0.0,-0.1101858
0.0,-0.3576044
0.0,-0.23637696
0.0,-0.23439164
0.0,-0.20677662
0.0,-0.23020716
0.0,-0.090198174
0.0,-0.17599122
0.0,-0.14816199
0.0,-0.20881596
0.0,-0.1514619
0.0,-0.1590803
0.0,-0.16607453
0.0,-0.09312318
0.0,-0.33221644
0.0,-0.2674865
0.0,-0.17657477
0.0,-0.073449835
0.0,-0.24335048
0.0,-0.13976273
0.0,-0.18123285
0.0,-0.18560998
0.0,-0.38479072
0.0,-0.17657477
0.0,-0.16557984
0.0,-0.26843604
0.0,-0.112326086
0.0,-0.25380903
0.0,-0.24496803
0.0,-0.19467242
0.0,-0.17696172
0.0,-0.31173354
0.0,-0.13345997
0.0,-0.19618358
0.0,-0.19940019
0.0,-0.31239754
0.0,-0.015902227
0.0,-0.38927543
0.0,-0.20881589
0.0,-0.12608545
0.0,-0.2295804
0.0,-0.21946187
0.0,-0.17204693
0.0,-0.19871986
0.0,-0.186411
0.0,-0.18396825
0.0,-0.109557115
0.0,0.39122176
0.0,0.39966172
0.0,0.40963727
0.0,0.4874339
0.0,0.50014246
0.0,0.41838756
0.0,0.28137848
0.0,0.29882225
0.0,0.39241362
0.0,0.4042684
0.0,0.38561854
0.0,0.5543175
0.0,0.54048944
0.0,0.80661744
0.0,0.53345275
0.0,1.0140302
0.0,0.5048745
0.0,0.3436263
0.0,0.36829346
0.0,0.4940718
0.0,0.5174714
0.0,0.87895405
0.0,0.28934127
0.0,0.5175136
0.0,0.37199387
0.0,0.5543175
0.0,1.3201933
0.0,0.5066002
0.0,0.5084492
0.0,0.5570968
0.0,0.54048944
0.0,0.80661744
0.0,0.6866091
0.0,0.53345275
0.0,0.27222294
0.0,1.0140302
0.0,0.91007984
0.0,0.5048745
0.0,0.4631692
0.0,0.5394121
0.0,0.36446577
0.0,0.3753119
0.0,0.40127626
0.0,0.5303341
0.0,0.57353216
0.0,0.3436263
0.0,0.58034116
0.0,0.36829346
0.0,0.4666133
0.0,0.4940718
0.0,0.5174714
0.0,0.87895405
0.0,0.2819154
0.0,0.28934127
0.0,0.38097835
0.0,0.46886644
0.0,0.61440694
0.0,0.49009824
0.0,0.45575422
0.0,0.39672714
0.0,0.40067863
0.0,0.43378487
0.0,0.38065824
0.0,0.34400254
0.0,0.45627862
0.0,0.6802561
0.0,0.48981386
0.0,0.50389993
0.0,0.61341417
0.0,0.2655728
0.0,0.40816188
0.0,0.5104359
0.0,0.46869326
0.0,0.84573907
0.0,0.50389993
0.0,0.45785528
0.0,0.31910616
0.0,0.5071722
0.0,0.3144841
0.0,0.3263913
0.0,0.3926166
0.0,0.40393448
0.0,0.6318606
0.0,0.57371444
0.0,0.41082996
0.0,0.34418386
0.0,2.1012015
0.0,0.80161226
0.0,1.7968102
0.0,0.38906437
0.0,0.3988731
0.0,0.35851726
0.0,0.39966172
0.0,0.40963727
0.0,0.39146417
0.0,0.39241362
0.0,0.4042684
0.0,0.38561854
0.0,0.34742504
0.0,0.34558764
0.0,0.3666417
0.0,0.40970045
0.0,0.43949643
0.0,0.38541612
0.0,0.23817745
0.0,0.26877823
0.0,0.34826207
0.0,0.35975203
0.0,0.35785922
0.0,0.5283359
0.0,0.49257654
0.0,0.5859367
0.0,0.5137278
0.0,0.73286223
0.0,0.4575414
0.0,0.30324858
0.0,0.32485557
0.0,0.40099993
0.0,0.4782056
0.0,0.6243806
0.0,0.24756713
0.0,0.48231906
0.0,0.3339189
0.0,0.5283359
0.0,1.0304859
0.0,0.4581205
0.0,0.4474894
0.0,0.5557154
0.0,0.49257654
0.0,0.5859367
0.0,0.5631963
0.0,0.5137278
0.0,0.1262773
0.0,0.73286223
0.0,0.7626058
0.0,0.4575414
0.0,0.41589794
0.0,0.47848144
0.0,0.32378653
0.0,0.33227578
0.0,0.3551336
0.0,0.50340194
0.0,0.5797461
0.0,0.30324858
0.0,0.53515095
0.0,0.32485557
0.0,0.4178586
0.0,0.40099993
0.0,0.4782056
0.0,0.6243806
0.0,0.22849019
0.0,0.24756713
0.0,0.34315977
0.0,0.43375498
0.0,0.54664737
0.0,0.44961104
0.0,0.37308037
0.0,0.36258146
0.0,0.3730796
0.0,0.3940168
0.0,0.33081985
0.0,0.3111764
0.0,0.4135538
0.0,0.5667691
0.0,0.42740902
0.0,0.47432977
0.0,0.6071583
0.0,0.23577586
0.0,0.36944833
0.0,0.45744547
0.0,0.4443429
0.0,0.6327898
0.0,0.47432977
0.0,0.42563874
0.0,0.26605192
0.0,0.4531664
0.0,0.27554813
0.0,0.2858941
0.0,0.30768245
0.0,0.3477183
0.0,0.50412786
0.0,0.5013619
0.0,0.37576792
0.0,0.30801806
0.0,1.2617059
0.0,0.6058051
0.0,1.1308894
0.0,0.3517665
0.0,0.35807723
0.0,0.30261555
0.0,0.34558764
0.0,0.3666417
0.0,0.3571577
0.0,0.34826207
0.0,0.35975203
0.0,0.35785922
0.0,0.30077043
0.0,0.3037103
0.0,0.3323341
0.0,0.3734574
0.0,0.3937196
0.0,0.35336173
0.0,0.20825215
0.0,0.23974416
0.0,0.31534457
0.0,0.32023817
0.0,0.33100003
0.0,0.50265425
0.0,0.32618064
0.0,0.4690176
0.0,0.50027156
0.0,0.5768876
0.0,0.42551047
0.0,0.27082255
0.0,0.28507456
0.0,0.27507454
0.0,0.37693554
0.0,0.47752747
0.0,0.20177355
0.0,0.34924597
0.0,0.29804665
0.0,0.50265425
0.0,0.7411352
0.0,0.42255396
0.0,0.39831313
0.0,0.50546724
0.0,0.32618064
0.0,0.4690176
0.0,0.46604046
0.0,0.50027156
0.0,-0.07861794
0.0,0.5768876
0.0,0.6242668
0.0,0.42551047
0.0,0.34501535
0.0,0.28981972
0.0,0.28838396
0.0,0.29164797
0.0,0.31348804
0.0,0.4935297
0.0,0.61739653
0.0,0.27082255
0.0,0.4947858
0.0,0.28507456
0.0,0.39034677
0.0,0.27507454
0.0,0.37693554
0.0,0.47752747
0.0,0.16107866
0.0,0.20177355
0.0,0.30588546
0.0,0.4104051
0.0,0.48649803
0.0,0.4219777
0.0,0.38825804
0.0,0.31082422
0.0,0.33963618
0.0,0.3595485
0.0,0.29292768
0.0,0.2830785
0.0,0.38784623
0.0,0.5104558
0.0,0.39363176
0.0,0.4517323
0.0,0.5911683
0.0,0.213939
0.0,0.34148163
0.0,0.39267033
0.0,0.433364
0.0,0.4693544
0.0,0.4517323
0.0,0.40214768
0.0,0.2205576
0.0,0.41664988
0.0,0.24069229
0.0,0.25142983
0.0,0.23936911
0.0,0.29741257
0.0,0.38391027
0.0,0.44490147
0.0,0.34265393
0.0,0.2811922
0.0,0.7177187
0.0,0.47100067
0.0,0.68158007
0.0,0.3119612
0.0,0.3231289
0.0,0.2584116
0.0,0.3037103
0.0,0.3323341
0.0,0.32503074
0.0,0.31534457
0.0,0.32023817
0.0,0.33100003
0.0,0.25720844
0.0,0.26054057
0.0,0.287443
0.0,0.33983776
0.0,0.2467494
0.0,0.30382547
0.0,0.17646575
0.0,0.20880926
0.0,0.2855405
0.0,0.2828601
0.0,0.30153546
0.0,0.46623355
0.0,0.1015058
0.0,0.3878544
0.0,0.4705922
0.0,0.5357903
0.0,0.37074766
0.0,0.23195486
0.0,0.24483415
0.0,0.1716763
0.0,0.1909979
0.0,0.31704015
0.0,0.13425481
0.0,0.030179763
0.0,0.25730374
0.0,0.46623355
0.0,0.5610662
0.0,0.3725461
0.0,0.3048895
0.0,0.2379088
0.0,0.1015058
0.0,0.3878544
0.0,0.31314197
0.0,0.4705922
0.0,-0.3121264
0.0,0.5357903
0.0,0.5172578
0.0,0.37074766
0.0,0.2558403
0.0,0.041340463
0.0,0.24219796
0.0,0.2507493
0.0,0.26715004
0.0,0.4356246
0.0,0.47342834
0.0,0.23195486
0.0,0.3665343
0.0,0.24483415
0.0,0.35433474
0.0,0.1716763
0.0,0.1909979
0.0,0.31704015
0.0,0.015486265
0.0,0.13425481
0.0,0.2625935
0.0,0.3576605
0.0,0.39565027
0.0,0.3775112
0.0,0.35505828
0.0,0.24130468
0.0,0.2860226
0.0,0.31716937
0.0,0.26197407
0.0,0.25350603
0.0,0.35614753
0.0,0.35270125
0.0,0.30956048
0.0,0.42476216
0.0,0.5666264
0.0,0.17261991
0.0,0.30817032
0.0,0.34928676
0.0,0.39605242
0.0,0.34286004
0.0,0.42476216
0.0,0.37320238
0.0,0.1794055
0.0,0.3959797
0.0,0.20329896
0.0,0.21346192
0.0,0.17464516
0.0,0.19126944
0.0,0.14954428
0.0,0.31737405
0.0,0.29785058
0.0,0.24339077
0.0,0.46042767
0.0,0.39475912
0.0,0.4540661
0.0,0.26969638
0.0,0.2835849
0.0,0.21689503
0.0,0.26054057
0.0,0.287443
0.0,0.2847443
0.0,0.2855405
0.0,0.2828601
0.0,0.30153546
0.0,0.19400713
0.0,0.20324576
0.0,0.22166833
0.0,0.26688984
0.0,0.0062382696
0.0,0.21650557
0.0,0.122055575
0.0,0.14142108
0.0,0.22081351
0.0,0.23213995
0.0,0.23589978
0.0,0.19606955
0.0,-0.24650355
0.0,0.0064731417
0.0,0.28761303
0.0,0.20617461
0.0,0.27570158
0.0,0.15626034
0.0,0.16599047
0.0,-0.017775452
0.0,-0.27385268
0.0,0.09104943
0.0,0.010483163
0.0,-0.34162062
0.0,0.17177787
0.0,0.19606955
0.0,0.36391717
0.0,0.27440193
0.0,0.08175822
0.0,-0.013727439
0.0,-0.24650355
0.0,0.0064731417
0.0,0.11658782
0.0,0.28761303
0.0,-0.6242217
0.0,0.20617461
0.0,0.38289246
0.0,0.27570158
0.0,0.11306138
0.0,-0.3079122
0.0,0.17005622
0.0,0.17042255
0.0,0.17605406
0.0,0.09875669
0.0,0.20909366
0.0,0.15626034
0.0,0.079832934
0.0,0.16599047
0.0,0.2810992
0.0,-0.017775452
0.0,-0.27385268
0.0,0.09104943
0.0,-0.290806
0.0,0.010483163
0.0,0.17727761
0.0,0.2517074
0.0,0.24048555
0.0,0.23690443
0.0,0.23701659
0.0,0.14704773
0.0,0.18709657
0.0,0.25554162
0.0,0.20035776
0.0,0.17745894
0.0,0.29753435
0.0,0.117241
0.0,0.16053396
0.0,0.2723601
0.0,0.407111
0.0,0.094859876
0.0,0.24433064
0.0,0.19685005
0.0,0.30005997
0.0,0.20297441
0.0,0.2723601
0.0,0.3256679
0.0,0.12728572
0.0,0.3323858
0.0,0.1462652
0.0,0.15746626
0.0,0.058505286
0.0,-0.007159394
0.0,-0.32457075
0.0,0.121204875
0.0,0.22542015
0.0,0.16386883
0.0,0.19457634
0.0,0.31383908
0.0,0.3357653
0.0,0.20317197
0.0,0.2217766
0.0,0.159958
0.0,0.20324576
0.0,0.22166833
0.0,0.23264265
0.0,0.22081351
0.0,0.23213995
0.0,0.23589978
0.0,0.041015137
0.0,0.061252095
0.0,0.0689868
0.0,0.064581364
0.0,0.031139946
0.0,0.029819738
0.0,0.07942049
0.0,0.15357576
0.0,-0.0058775665
0.0,0.04294298
0.0,0.030083155
0.0,0.05256338
0.0,0.08959283
0.0,0.13200517
0.0,0.12296101
0.0,0.1582677
0.0,0.06760706
0.0,-0.027629126
0.0,0.05616641
0.0,0.051053427
0.0,0.065959975
0.0,0.09793858
0.0,-0.007893098
0.0,0.19373342
0.0,0.03536626
0.0,0.061398555
0.0,0.03536626
0.0,0.049039878
0.0,0.064007476
0.0,0.06196668
0.0,0.08084375
0.0,0.072363116
0.0,0.12303622
0.0,0.006484258
0.0,0.17564537
0.0,0.005450344
0.0,0.07942049
0.0,0.12926248
0.0,0.08810357
0.0,0.07942049
0.0,0.13150464
0.0,0.03194653
0.0,0.064581364
0.0,-0.05044373
0.0,0.042265557
0.0,0.06290226
0.0,0.023034621
0.0,0.11200303
0.0,0.052758027
0.0,0.05708573
0.0,0.0073510287
0.0,0.10116204
0.0,0.011323774
0.0,0.054207135
0.0,0.057082497
0.0,0.092715636
0.0,0.053142786
0.0,0.10752356
0.0,0.08422397
0.0,0.030836225
0.0,-0.005190623
0.0,0.03853073
0.0,0.08333045
0.0,0.12901556
0.0,0.06427088
0.0,0.06098668
0.0,0.070749745
0.0,0.05201698
0.0,0.05201698
0.0,0.06947775
0.0,0.025534183
0.0,0.042128466
0.0,0.041060485
0.0,0.064581364
0.0,-0.41901582
0.0,-0.009177888
0.0,0.06825266
0.0,-0.054659445
0.0,0.040846396
0.0,0.065480515
0.0,0.058881678
0.0,0.07468827
0.0,0.048063688
0.0,-0.008022035
0.0,0.08647741
0.0,0.058197647
0.0,0.041538943
0.0,0.029725384
0.0,0.03357501
0.0,0.031628586
0.0,0.057169903
0.0,0.04300337
0.0,0.037061073
0.0,0.064581364
0.0,0.05894512
0.0,0.046207972
0.0,-0.0011395573
0.0,0.002122438
0.0,0.0512634
0.0,0.14564364
0.0,-0.054659445
0.0,0.040846396
0.0,-0.044113554
0.0,0.020269418
0.0,0.064581364
0.0,0.12246482
0.0,0.04149636
0.0,0.100182965
0.0,-8.940697e-07
0.0,0.12389457
0.0,0.01523037
0.0,0.011703348
0.0,0.15491459
0.0,0.09430538
0.0,0.094243005
0.0,0.091990195
0.0,-0.024527961
0.0,0.065372266
0.0,0.05996914
0.0,0.061077703
0.0,0.049898542
0.0,0.03358438
0.0,0.042568456
0.0,0.060827803
0.0,0.06063035
0.0,0.06636888
0.0,0.048061382
0.0,0.08828664
0.0,0.04882021
0.0,0.061077394
0.0,0.0539523
0.0,0.039140247
0.0,0.075580254
0.0,0.060087312
0.0,0.046034176
0.0,0.046840213
0.0,0.057194125
0.0,0.10370489
0.0,0.0481354
0.0,0.05196049
0.0,0.0550884
0.0,0.07175571
0.0,0.06699568
0.0,0.034967147
0.0,0.076816656
0.0,0.07679896
0.0,0.068137966
0.0,0.057390295
0.0,0.03265605
0.0,0.023305213
0.0,0.04090638
0.0,0.07334185
0.0,0.04523043
0.0,0.041867316
0.0,0.058757685
0.0,0.09542574
0.0,0.042824637
0.0,0.03410127
0.0,0.04341305
0.0,0.04019258
0.0,0.036280084
0.0,0.014902997
0.0,0.07526402
0.0,0.09116706
0.0,0.07289739
0.0,0.07728539
0.0,0.0769044
0.0,0.0769044
0.0,0.0033574284
0.0,0.059191298
0.0,0.048649985
0.0,0.051679194
0.0,0.04226142
0.0,0.07466394
0.0,0.045392655
0.0,0.07769074
0.0,0.045869887
0.0,0.03181087
0.0,0.06745826
0.0,0.08528569
0.0,0.12508354
0.0,0.026964867
0.0,0.053903498
0.0,0.10612069
0.0,0.04188292
0.0,0.07620104
0.0,0.061933972
0.0,0.030162537
0.0,0.03236202
0.0,0.10313324
0.0,0.04285884
0.0,0.0513628
0.0,0.067366935
0.0,0.050810896
0.0,0.056691457
0.0,0.09763203
0.0,0.043782234
0.0,0.1625818
0.0,0.097132966
0.0,0.093618505
0.0,0.036884822
0.0,0.07942049
0.0,0.07387482
0.0,0.030836225
0.0,0.056100406
0.0,0.076163135
0.0,-0.008022035
0.0,0.0987566
0.0,-0.028971529
0.0,0.15018481
0.0,0.014493799
0.0,0.08344134
0.0,0.0334074
0.0,0.075785145
0.0,0.08567258
0.0,0.09997256
0.0,-0.008022035
0.0,0.07814169
0.0,0.026055789
0.0,0.071729556
0.0,0.070382655
0.0,0.04841305
0.0,0.04442916
0.0,-0.008022035
0.0,0.04229156
0.0,0.06036359
0.0,0.021123087
0.0,0.064581364
0.0,0.11156563
0.0,0.021469975
0.0,0.08547056
0.0,0.018724347
0.0,0.08670126
0.0,0.06925174
0.0,0.09170326
0.0,0.046517573
0.0,0.048525594
0.0,0.06444464
0.0,0.021340389
0.0,0.063886985
0.0,0.02206794
0.0,0.018261194
0.0,0.080485806
0.0,0.08175464
0.0,0.018049348
0.0,0.0064445375
0.0,-0.021898437
0.0,-0.024408806
0.0,0.030567849
0.0,0.03069396
0.0,0.031515706
0.0,0.027042126
0.0,0.03547263
0.0,0.022784341
0.0,0.012405073
0.0,0.009319449
0.0,0.008523119
0.0,0.0153476
0.0,0.084272824
0.0,0.035688806
0.0,0.057334166
0.0,0.023010707
0.0,0.02921263
0.0,0.024426425
0.0,0.02491064
0.0,0.028241228
0.0,0.01946417
0.0,0.009316767
0.0,0.02099291
0.0,0.020618701
0.0,0.009769881
0.0,0.011248207
0.0,0.009854388
0.0,-0.001975751
0.0,0.023891937
0.0,-0.0021602034
0.0,0.016911423
0.0,0.05619635
0.0,0.049599193
0.0,0.014495015
0.0,0.021558642
0.0,0.02379769
0.0,0.025878435
0.0,0.026383478
0.0,0.030112755
0.0,0.03192969
0.0,0.03497217
0.0,0.037733264
0.0,0.01830033
0.0,0.029034281
0.0,0.028559005
0.0,0.026558936
0.0,0.021037662
0.0,0.015613293
0.0,0.012238991
0.0,0.009505987
0.0,0.014807379
0.0,0.04037442
0.0,0.015105868
0.0,0.013977659
0.0,0.03334099
0.0,0.03513391
0.0,0.028708387
0.0,0.023260165
0.0,0.028302789
0.0,0.033469833
0.0,0.02322482
0.0,0.023064543
0.0,0.021950364
0.0,0.012271369
0.0,0.01337632
0.0,0.027373279
0.0,0.018300783
0.0,0.025781285
0.0,0.017584002
0.0,0.022734415
0.0,0.02475074
0.0,0.043982994
0.0,0.022396564
0.0,0.022705972
0.0,0.033572577
0.0,0.029708719
0.0,0.030136347
0.0,0.026022827
0.0,0.031174218
0.0,0.10248554
0.0,0.02206112
0.0,0.045859177
0.0,0.012763655
0.0,0.028840434
0.0,0.0004742265
0.0,0.025287032
0.0,0.019420076
0.0,0.10381675
0.0,0.033014677
0.0,0.058990646
0.0,0.044853557
0.0,0.057633422
0.0,0.064581364
0.0,0.11251096
0.0,0.01577444
0.0,0.13758194
0.0,0.12154122
0.0,0.14174591
0.0,0.120746754
0.0,0.061515003
0.0,0.048175104
0.0,0.03827121
0.0,0.06446494
0.0,0.0856264
0.0,0.030464757
0.0,0.14802667
0.0,0.08409722
0.0,0.119815946
0.0,-0.005190623
0.0,0.097383045
0.0,0.09495069
0.0,0.07942049
0.0,0.06773083
0.0,0.006399238
0.0,0.16853681
0.0,0.060062308
0.0,0.035207827
0.0,0.040143132
0.0,0.01405785
0.0,0.036034573
0.0,0.030462945
0.0,0.07942049
0.0,0.018805182
0.0,0.0768412
0.0,0.07251118
0.0,0.07353549
0.0,0.09534557
0.0,0.03853073
0.0,0.12221618
0.0,0.034627527
0.0,0.0432147
0.0,0.04133129
0.0,0.064581364
0.0,-0.0011395573
0.0,0.007922387
0.0,0.064581364
0.0,-0.027544428
0.0,0.016618287
0.0,0.04521178
0.0,0.064581364
0.0,-0.044113554
0.0,0.09424122
0.0,0.0432147
0.0,0.019937253
0.0,0.00071953534
0.0,-0.0019043445
0.0,0.037061073
0.0,0.058197647
0.0,0.030836225
0.0,-0.005190623
0.0,0.03853073
0.0,0.08333045
0.0,0.064581364
0.0,-0.008022035
0.0,0.006671512
0.0,-0.003962457
0.0,0.04767648
0.0,0.043574266
0.0,0.12287849
0.0,0.042128466
0.0,0.097383045
0.0,0.094142534
0.0,0.041538943
0.0,0.064020686
0.0,0.04312537
0.0,0.13684933
0.0,0.039429523
0.0,0.07020841
0.0,0.1842658
0.0,0.0713972
0.0,0.06292969
0.0,0.112742186
0.0,-0.018477965
0.0,0.006090343
0.0,0.12223331
0.0,0.048072733
0.0,0.047219902
0.0,0.10526782
0.0,0.0425167
0.0,0.051792108
0.0,0.062377192
0.0,0.096793175
0.0,0.12701716
0.0,0.04854405
0.0,0.18203786
0.0,0.053087078
0.0,0.06686006
0.0,0.09074004
0.0,0.08211516
0.0,0.06909435
0.0,0.124124505
0.0,0.011539495
0.0,0.12457371
0.0,0.24842453
0.0,-0.0031948567
0.0,0.0023344518
0.0,0.11941495
0.0,0.1240499
0.0,0.020081932
0.0,0.016024243
0.0,0.20417614
0.0,0.07673706
0.0,0.17140493
0.0,0.13913727
0.0,0.07942049
0.0,0.11936991
0.0,0.10604906
0.0,0.12528843
0.0,0.13560764
0.0,0.019048344
0.0,0.02720337
0.0,-0.008022035
0.0,0.053694475
0.0,0.028627371
0.0,0.053023256
0.0,0.064581364
0.0,0.055096276
0.0,0.096047804
0.0,0.030007761
0.0,0.0733336
0.0,0.066732556
0.0,0.01885761
0.0,0.064581364
0.0,0.15950108
0.0,0.048823774
0.0,0.064581364
0.0,0.052174468
0.0,0.005826175
0.0,0.14953084
0.0,0.037019037
0.0,0.044261217
0.0,0.07942049
0.0,0.1503996
0.0,0.036305152
0.0,0.07942049
0.0,0.052149486
0.0,0.007783902
0.0,0.06815283
0.0,0.08333045
0.0,0.05543245
0.0,-0.044784635
0.0,0.07493354
0.0,0.11303489
0.0,0.08488114
0.0,0.05218637
0.0,0.094142534
0.0,0.053234674
0.0,0.06177429
0.0,0.15748404
0.0,0.039172016
0.0,0.04668293
0.0,0.18050991
0.0,0.06508997
0.0,0.0070586144
0.0,0.012977565
0.0,0.023172747
0.0,0.058348548
0.0,0.064581364
0.0,0.08133869
0.0,0.0280299
0.0,0.1308856
0.0,0.03704425
0.0,0.15322956
0.0,0.07182505
0.0,0.07876907
0.0,0.07027799
0.0,0.08358437
0.0,0.052026786
0.0,0.07942049
0.0,0.096472815
0.0,0.06406858
0.0,0.07942049
0.0,0.09494015
0.0,0.0010801435
0.0,0.038568377
0.0,0.034168918
0.0,-0.008022035
0.0,0.03999691
0.0,0.07942049
0.0,0.107050225
0.0,0.010800147
0.0,0.07942049
0.0,0.078715906
0.0,0.12720865
0.0,-0.023067856
0.0,0.1066006
0.0,0.028108442
0.0,0.04860755
0.0,0.087514624
0.0,0.038508236
0.0,0.079268284
0.0,0.114850044
0.0,0.20432754
0.0,0.015927339
0.0,0.064581364
0.0,0.10027722
0.0,0.0065332414
0.0,0.064581364
0.0,0.062389888
0.0,0.06825266
0.0,-0.054659445
0.0,-0.011153901
0.0,-0.0022697211
0.0,0.114548646
0.0,0.002283883
0.0,0.0059221745
0.0,0.15491459
0.0,0.005663693
0.0,0.064581364
0.0,0.0056267856
0.0,-0.013968336
0.0,-0.054659445
0.0,-0.011153901
0.0,0.057926785
0.0,0.060725737
0.0,-0.008022035
0.0,0.014650727
0.0,0.04218942
0.0,0.019225681
0.0,0.064581364
0.0,0.037255548
0.0,0.06053553
0.0,0.07967633
0.0,0.15388489
0.0,0.07711188
0.0,0.061186343
0.0,0.06225852
0.0,0.06081794
0.0,0.091524206
0.0,0.07226962
0.0,0.102901794
0.0,0.072067395
0.0,0.05531473
0.0,0.037955068
0.0,0.1226472
0.0,0.022410786
0.0,0.092058346
0.0,0.0027870953
0.0,0.06360547
0.0,0.04758527
0.0,0.20983176
0.0,0.03143114
0.0,0.051053427
0.0,0.009958744
0.0,0.18860182
0.0,0.0053744316
0.0,0.14857903
0.0,0.040862106
0.0,0.08459865
0.0,0.07175463
0.0,0.14438073
0.0,0.035493948
0.0,0.035493948
0.0,0.09001299
0.0,0.036282994
0.0,0.07800644
0.0,-0.0099542495
0.0,0.07942049
0.0,0.07885808
0.0,0.009620488
0.0,0.07711188
0.0,0.04888183
0.0,0.038229056
0.0,0.008097279
0.0,0.099766955
0.0,0.064812794
0.0,0.09032197
0.0,0.026944077
0.0,0.09879002
0.0,0.08103625
0.0,0.110594496
0.0,0.02676425
0.0,0.064581364
0.0,0.011962747
0.0,0.10992221
0.0,0.064581364
0.0,0.046445154
0.0,-0.012034988
0.0,0.014469862
0.0,0.021049429
0.0,0.009562755
0.0,-0.022793006
0.0,-0.023608971
0.0,0.018217098
0.0,0.11397866
0.0,-0.0578804
0.0,-0.0104707
0.0,-0.020670425
0.0,0.0021869182
0.0,0.040362068
0.0,0.089120165
0.0,0.08131248
0.0,0.121429384
0.0,0.021239173
0.0,-0.06972462
0.0,0.010187352
0.0,-0.0035179616
0.0,0.020388221
0.0,0.052907895
0.0,-0.05773288
0.0,0.15837148
0.0,-0.021688605
0.0,0.009254301
0.0,-0.021688605
0.0,-0.0019212484
0.0,0.005396092
0.0,0.012741971
0.0,0.02063204
0.0,0.026500702
0.0,0.08535446
0.0,-0.05009544
0.0,0.14312378
0.0,-0.051985763
0.0,0.018217098
0.0,0.085632235
0.0,0.03266971
0.0,0.018217098
0.0,0.089221664
0.0,-0.019462371
0.0,0.009562755
0.0,-0.11546481
0.0,-0.0068688393
0.0,0.014054936
0.0,-0.02655809
0.0,0.05688414
0.0,0.010102868
0.0,-0.0015613318
0.0,-0.040118776
0.0,0.059327424
0.0,-0.037760247
0.0,0.0034612776
0.0,0.0016997934
0.0,0.037801526
0.0,0.012386406
0.0,0.04708443
0.0,0.029113054
0.0,-0.021583628
0.0,-0.05764798
0.0,-0.011468279
0.0,0.034063708
0.0,0.074630775
0.0,0.007979798
0.0,0.009180439
0.0,0.023232495
0.0,0.0019074917
0.0,0.0019074917
0.0,0.020267958
0.0,-0.025527751
0.0,-0.008744085
0.0,-0.008911443
0.0,0.009562755
0.0,-0.49562588
0.0,-0.06140276
0.0,0.015201474
0.0,-0.10585729
0.0,-0.0069489838
0.0,0.01571517
0.0,0.0056737065
0.0,0.021998655
0.0,0.0012931109
0.0,-0.054915965
0.0,0.039968025
0.0,0.02252031
0.0,-0.002303946
0.0,-0.015492355
0.0,-0.018025303
0.0,-0.020942282
0.0,0.009776855
0.0,-0.009696662
0.0,-0.011023426
0.0,0.009562755
0.0,0.0040899753
0.0,-0.009369314
0.0,-0.05242752
0.0,-0.047347747
0.0,0.0071649672
0.0,0.09952276
0.0,-0.10585729
0.0,-0.0069489838
0.0,-0.096400395
0.0,-0.032974742
0.0,0.009562755
0.0,0.0661811
0.0,-0.010680842
0.0,0.04618772
0.0,-0.05317398
0.0,0.07305006
0.0,-0.04111868
0.0,-0.042548776
0.0,0.1050833
0.0,0.044971
0.0,0.042529404
0.0,0.046954423
0.0,-0.072604045
0.0,0.013194466
0.0,0.013108122
0.0,0.0108577255
0.0,0.0066866516
0.0,-0.0160169
0.0,-0.004755497
0.0,0.0060993433
0.0,0.014869082
0.0,0.008982396
0.0,-0.016702628
0.0,0.047062993
0.0,0.0025231242
0.0,0.017922169
0.0,0.0038265109
0.0,-0.0043713213
0.0,0.024945557
0.0,0.018106258
0.0,-0.00706718
0.0,-0.00022516251
0.0,0.007193589
0.0,0.050641358
0.0,0.0019541264
0.0,0.008193207
0.0,0.005144036
0.0,0.021397352
0.0,0.023205161
0.0,-0.010007119
0.0,0.022797346
0.0,0.027043879
0.0,0.020897437
0.0,0.016345907
0.0,-0.018012714
0.0,-0.023212802
0.0,-0.0105383275
0.0,0.022225535
0.0,-0.006334233
0.0,-0.0019734025
0.0,0.005709839
0.0,0.044123553
0.0,-0.00851736
0.0,-0.010601783
0.0,-0.0073236465
0.0,-0.0043215156
0.0,-0.011783933
0.0,-0.030245412
0.0,0.026912892
0.0,0.040573537
0.0,0.016125893
0.0,0.02129494
0.0,0.024050724
0.0,0.024050724
0.0,-0.052372884
0.0,0.0085123535
0.0,0.005030036
0.0,-0.0057668327
0.0,0.00012469292
0.0,0.02139144
0.0,-0.010877574
0.0,0.02449503
0.0,-0.0045667887
0.0,-0.010305261
0.0,0.009904647
0.0,0.029661547
0.0,0.08208143
0.0,-0.02499212
0.0,0.0026138425
0.0,0.064673305
0.0,-0.009554053
0.0,0.026008463
0.0,0.009200454
0.0,-0.015131128
0.0,-0.018592274
0.0,0.052407008
0.0,-0.00811323
0.0,0.010828781
0.0,0.022713888
0.0,0.008526194
0.0,0.002945435
0.0,0.05012511
0.0,-0.008223796
0.0,0.11104147
0.0,0.045339238
0.0,0.052452825
0.0,-0.014942765
0.0,0.018217098
0.0,0.034133416
0.0,-0.021583628
0.0,0.0063102483
0.0,0.02584834
0.0,-0.054915965
0.0,0.040915985
0.0,-0.07554593
0.0,0.10485627
0.0,-0.037392534
0.0,0.04089403
0.0,-0.0035843372
0.0,0.022151137
0.0,0.03713099
0.0,0.05298092
0.0,-0.054915965
0.0,0.034427714
0.0,-0.029203821
0.0,0.027554214
0.0,0.0229815
0.0,-0.0018638968
0.0,-0.005850935
0.0,-0.054915965
0.0,-0.009937704
0.0,0.012522316
0.0,-0.02689836
0.0,0.009562755
0.0,0.049981885
0.0,-0.024628675
0.0,0.026385497
0.0,-0.025758218
0.0,0.02792666
0.0,0.0124270795
0.0,0.032508362
0.0,-0.0009284139
0.0,-0.004478872
0.0,0.008773607
0.0,-0.023774337
0.0,0.0078012585
0.0,-0.022548342
0.0,-0.025866354
0.0,0.022298831
0.0,0.023268616
0.0,-0.0264709
0.0,-0.035963047
0.0,-0.063580826
0.0,-0.062498927
0.0,-0.01605754
0.0,-0.016314602
0.0,-0.012618589
0.0,-0.019929279
0.0,-0.008547997
0.0,-0.021373188
0.0,-0.032479085
0.0,-0.0342157
0.0,-0.036342584
0.0,-0.030947233
0.0,0.028800523
0.0,-0.017402302
0.0,0.002157533
0.0,-0.027502704
0.0,-0.018870544
0.0,-0.021826923
0.0,-0.022099674
0.0,-0.016234362
0.0,-0.02631781
0.0,-0.036156356
0.0,-0.02484188
0.0,-0.025016595
0.0,-0.039653957
0.0,-0.035997223
0.0,-0.04241575
0.0,-0.045764517
0.0,-0.025413573
0.0,-0.0456043
0.0,-0.030583179
0.0,0.003975338
0.0,-0.0018454551
0.0,-0.03152884
0.0,-0.025795663
0.0,-0.024368083
0.0,-0.021122014
0.0,-0.020644676
0.0,-0.017584085
0.0,-0.016393388
0.0,-0.0140569685
0.0,-0.011292529
0.0,-0.02567991
0.0,-0.016242195
0.0,-0.01531471
0.0,-0.016702985
0.0,-0.021508694
0.0,-0.028756965
0.0,-0.032684468
0.0,-0.031665303
0.0,-0.024995614
0.0,-0.0042113303
0.0,-0.02904507
0.0,-0.029817224
0.0,-0.012442743
0.0,-0.0105265975
0.0,-0.01604483
0.0,-0.021007884
0.0,-0.016968548
0.0,-0.012857592
0.0,-0.025480341
0.0,-0.026144207
0.0,-0.028383613
0.0,-0.039550353
0.0,-0.035663567
0.0,-0.021010255
0.0,-0.029522872
0.0,-0.021744406
0.0,-0.030577779
0.0,-0.032967843
0.0,-0.024300968
0.0,-0.0077821254
0.0,-0.02631693
0.0,-0.025992442
0.0,-0.017487764
0.0,-0.022063041
0.0,-0.021693278
0.0,-0.025154043
0.0,-0.013678288
0.0,0.05814896
0.0,-0.030164909
0.0,-0.008645391
0.0,-0.03786404
0.0,-0.022907615
0.0,-0.046278097
0.0,-0.014630884
0.0,-0.032273162
0.0,0.05903109
0.0,-0.018843567
0.0,0.009406269
0.0,-0.005879581
0.0,0.0068270327
0.0,0.009562755
0.0,0.070044294
0.0,-0.034769274
0.0,0.09136308
0.0,0.08590089
0.0,0.097474836
0.0,0.06638995
0.0,0.011143613
0.0,-0.0024603368
0.0,-0.01189444
0.0,0.006902182
0.0,0.03769529
0.0,-0.023131728
0.0,0.10320471
0.0,0.03842956
0.0,0.07891737
0.0,-0.05764798
0.0,0.028066522
0.0,0.023799634
0.0,0.018217098
0.0,0.02134729
0.0,-0.040565155
0.0,0.14046185
0.0,0.0054012416
0.0,-0.014728022
0.0,-0.0068684043
0.0,-0.032692242
0.0,-0.012793201
0.0,-0.020156395
0.0,0.018217098
0.0,-0.0298841
0.0,0.024537217
0.0,0.02970903
0.0,0.015528751
0.0,0.058739733
0.0,-0.011468279
0.0,0.07850419
0.0,-0.015679425
0.0,-0.008310449
0.0,-0.0057148575
0.0,0.009562755
0.0,-0.05242752
0.0,-0.037533723
0.0,0.009562755
0.0,-0.074624084
0.0,-0.034734916
0.0,-0.0051419614
0.0,0.009562755
0.0,-0.096400395
0.0,0.054910887
0.0,-0.008310449
0.0,-0.03182564
0.0,-0.047594726
0.0,-0.048048247
0.0,-0.011023426
0.0,0.02252031
0.0,-0.021583628
0.0,-0.05764798
0.0,-0.011468279
0.0,0.034063708
0.0,0.009562755
0.0,-0.054915965
0.0,-0.045623004
0.0,-0.05167997
0.0,0.0033335567
0.0,-0.010770762
0.0,0.07882604
0.0,-0.008744085
0.0,0.028066522
0.0,0.049158335
0.0,-0.002303946
0.0,0.0050826548
0.0,-0.011790889
0.0,0.08525763
0.0,-0.009731579
0.0,0.017571067
0.0,0.13618486
0.0,0.019945228
0.0,0.012069916
0.0,0.056614887
0.0,-0.06946339
0.0,-0.04734813
0.0,0.077894256
0.0,-0.001109457
0.0,-0.0020239532
0.0,0.05555948
0.0,-0.006705391
0.0,-0.0044303415
0.0,0.01930672
0.0,0.046469223
0.0,0.06943067
0.0,-0.015043914
0.0,0.119578324
0.0,-0.0019894838
0.0,0.015139639
0.0,0.0394004
0.0,0.031944137
0.0,0.022126436
0.0,0.03182329
0.0,-0.048090566
0.0,0.06343979
0.0,0.20310357
0.0,-0.05555121
0.0,-0.05115677
0.0,0.0661581
0.0,0.06626497
0.0,-0.040334642
0.0,-0.04106475
0.0,0.15237027
0.0,0.021295512
0.0,0.11900504
0.0,-0.025089812
0.0,0.09801724
0.0,0.018217098
0.0,0.050444864
0.0,0.051439755
0.0,0.05631082
0.0,0.075799614
0.0,-0.028303694
0.0,-0.01698581
0.0,-0.054915965
0.0,0.0058710934
0.0,-0.021997988
0.0,0.005320358
0.0,0.009562755
0.0,0.0025115372
0.0,0.0525889
0.0,-0.010813189
0.0,0.018658739
0.0,0.02019555
0.0,-0.034038745
0.0,0.009562755
0.0,0.122730836
0.0,-0.00804311
0.0,0.009562755
0.0,0.006641221
0.0,-0.045601357
0.0,0.11026527
0.0,-0.021911323
0.0,-0.0146235945
0.0,0.018217098
0.0,0.10122286
0.0,-0.018648958
0.0,0.018217098
0.0,-0.0036969124
0.0,-0.042024244
0.0,0.017744172
0.0,0.034063708
0.0,0.015469384
0.0,-0.1058506
0.0,0.018408477
0.0,0.070942454
0.0,0.036969054
0.0,-0.00037992
0.0,0.049158335
0.0,0.0035911202
0.0,0.011341751
0.0,0.10165566
0.0,-0.008860695
0.0,-0.0023084343
0.0,0.14103167
0.0,0.01391207
0.0,-0.044963647
0.0,-0.042608716
0.0,-0.033146583
0.0,0.018828237
0.0,0.009562755
0.0,0.011165345
0.0,-0.030993879
0.0,0.09141448
0.0,-0.012499976
0.0,0.11039356
0.0,0.022945141
0.0,0.03248751
0.0,0.013157117
0.0,0.035096884
0.0,-0.009438383
0.0,0.018217098
0.0,0.05455758
0.0,0.009429073
0.0,0.018217098
0.0,0.03993271
0.0,-0.04998382
0.0,-0.011122525
0.0,-0.016946625
0.0,-0.054915965
0.0,-0.019508231
0.0,0.018217098
0.0,0.06240356
0.0,-0.038226128
0.0,0.018217098
0.0,0.03199031
0.0,0.0799651
0.0,-0.066475175
0.0,0.055513196
0.0,-0.020502204
0.0,-0.0053994777
0.0,0.04398184
0.0,-0.013339448
0.0,0.030843358
0.0,0.06780588
0.0,0.17382912
0.0,-0.038641967
0.0,0.009562755
0.0,0.05068755
0.0,-0.047319017
0.0,0.009562755
0.0,0.014926213
0.0,0.015201474
0.0,-0.10585729
0.0,-0.066203654
0.0,-0.055595983
0.0,0.06655683
0.0,-0.05147791
0.0,-0.047435842
0.0,0.1050833
0.0,-0.048748206
0.0,0.009562755
0.0,-0.045259308
0.0,-0.06640395
0.0,-0.10585729
0.0,-0.066203654
0.0,0.009137643
0.0,0.00975045
0.0,-0.054915965
0.0,-0.048683584
0.0,-0.009650493
0.0,-0.031108225
0.0,0.009562755
0.0,-0.015574956
0.0,0.015550601
0.0,0.031981707
0.0,0.112738356
0.0,0.03284359
0.0,0.010568058
0.0,0.014544165
0.0,0.008621079
0.0,0.048947264
0.0,0.027147781
0.0,0.06249053
0.0,0.02284367
0.0,0.0038251043
0.0,-0.012061859
0.0,0.073900305
0.0,-0.026732748
0.0,0.041553568
0.0,-0.04606999
0.0,0.0073083164
0.0,-0.0053215744
0.0,0.1533411
0.0,-0.019719541
0.0,-0.0035179616
0.0,-0.040405773
0.0,0.15706447
0.0,-0.041017722
0.0,0.087185636
0.0,-0.013863218
0.0,0.037687935
0.0,0.023587966
0.0,0.09823237
0.0,-0.018837739
0.0,-0.018837739
0.0,0.04840075
0.0,-0.010628807
0.0,0.02225337
0.0,-0.059416484
0.0,0.018217098
0.0,0.03218471
0.0,-0.040018417
0.0,0.03284359
0.0,0.0061089634
0.0,-0.003611338
0.0,-0.04423865
0.0,0.06493591
0.0,0.014523029
0.0,0.05623585
0.0,-0.025803804
0.0,0.057664126
0.0,0.023797322
0.0,0.06674296
0.0,-0.025978137
0.0,0.009562755
0.0,-0.039337885
0.0,0.062737145
0.0,0.009562755
0.0,-0.0025964617
0.0,-0.061882198
0.0,-0.038239084
0.0,-0.03040601
0.0,-0.04103185
0.0,-0.07885815
0.0,-0.07075696
0.0,-0.029271066
0.0,0.056838285
0.0,-0.10255475
0.0,-0.060952604
0.0,-0.0669335
0.0,-0.050741863
0.0,-0.015575469
0.0,0.042461623
0.0,0.028988356
0.0,0.07951333
0.0,-0.017741919
0.0,-0.13087764
0.0,-0.041093767
0.0,-0.05356691
0.0,-0.020709932
0.0,0.0066172956
0.0,-0.10414151
0.0,0.10517393
0.0,-0.07399094
0.0,-0.036789525
0.0,-0.07399094
0.0,-0.048177313
0.0,-0.051702835
0.0,-0.031692326
0.0,-0.033607077
0.0,-0.015054238
0.0,0.0444237
0.0,-0.0974249
0.0,0.10102328
0.0,-0.11091932
0.0,-0.029271066
0.0,0.034236163
0.0,-0.022773862
0.0,-0.029271066
0.0,0.04052641
0.0,-0.07379185
0.0,-0.04103185
0.0,-0.16944347
0.0,-0.05706215
0.0,-0.03070643
0.0,-0.07277451
0.0,-0.008269036
0.0,-0.03172853
0.0,-0.044183217
0.0,-0.08626459
0.0,0.008304966
0.0,-0.0839478
0.0,-0.05856868
0.0,-0.04206456
0.0,-0.007326937
0.0,-0.020626927
0.0,-0.0028227926
0.0,-0.01735673
0.0,-0.066576526
0.0,-0.10796472
0.0,-0.050634705
0.0,-0.014804351
0.0,0.03341744
0.0,-0.032758594
0.0,-0.041625835
0.0,-0.016371798
0.0,-0.052031636
0.0,-0.052031636
0.0,-0.034090817
0.0,-0.07833727
0.0,-0.05892279
0.0,-0.051333617
0.0,-0.04103185
0.0,-0.5940141
0.0,-0.11849362
0.0,-0.04038192
0.0,-0.15784936
0.0,-0.047931384
0.0,-0.03697753
0.0,-0.04929142
0.0,-0.03015982
0.0,-0.049359597
0.0,-0.10456606
0.0,-0.01183604
0.0,-0.017322112
0.0,-0.037621617
0.0,-0.058209218
0.0,-0.06636103
0.0,-0.06688347
0.0,-0.043214284
0.0,-0.060907435
0.0,-0.05718988
0.0,-0.04103185
0.0,-0.04540024
0.0,-0.067567065
0.0,-0.10653542
0.0,-0.10326241
0.0,-0.033783387
0.0,0.046329785
0.0,-0.15784936
0.0,-0.047931384
0.0,-0.15481271
0.0,-0.08253131
0.0,-0.04103185
0.0,0.01969009
0.0,-0.06291876
0.0,0.008477867
0.0,-0.099352404
0.0,0.025911987
0.0,-0.088009894
0.0,-0.08723824
0.0,0.059485853
0.0,0.005360484
0.0,-0.016478527
0.0,0.0004407048
0.0,-0.12339131
0.0,-0.034483634
0.0,-0.036628723
0.0,-0.03399521
0.0,-0.03405098
0.0,-0.062812746
0.0,-0.04475846
0.0,-0.046144664
0.0,-0.030769002
0.0,-0.044914223
0.0,-0.06507884
0.0,-0.0060635684
0.0,-0.04248949
0.0,-0.027070468
0.0,-0.039050184
0.0,-0.047131825
0.0,-0.022375489
0.0,-0.021532487
0.0,-0.054690503
0.0,-0.05072882
0.0,-0.039310895
0.0,-0.0034974576
0.0,-0.04426354
0.0,-0.034613907
0.0,-0.045325495
0.0,-0.027768075
0.0,-0.020685185
0.0,-0.059197284
0.0,-0.027119529
0.0,-0.02507726
0.0,-0.021856666
0.0,-0.02879045
0.0,-0.06317828
0.0,-0.07220763
0.0,-0.05731673
0.0,-0.019674981
0.0,-0.05435922
0.0,-0.047298275
0.0,-0.044875048
0.0,-0.0068511367
0.0,-0.05396712
0.0,-0.060774136
0.0,-0.055626594
0.0,-0.041962326
0.0,-0.056470297
0.0,-0.07584888
0.0,-0.020897472
0.0,-0.005170739
0.0,-0.031998288
0.0,-0.028249752
0.0,-0.024314057
0.0,-0.024314057
0.0,-0.114520706
0.0,-0.036111258
0.0,-0.03621552
0.0,-0.056025922
0.0,-0.0381008
0.0,-0.03128184
0.0,-0.06337625
0.0,-0.020374883
0.0,-0.050784312
0.0,-0.058467127
0.0,-0.040910304
0.0,-0.024981905
0.0,0.03250917
0.0,-0.068552755
0.0,-0.044669043
0.0,0.02040428
0.0,-0.058034528
0.0,-0.021659065
0.0,-0.038292825
0.0,-0.06336819
0.0,-0.06580476
0.0,-0.0004185915
0.0,-0.056456946
0.0,-0.028557146
0.0,-0.020188725
0.0,-0.029551279
0.0,-0.044672977
0.0,-0.0033888458
0.0,-0.057984304
0.0,0.054841615
0.0,-0.004439843
0.0,0.0108140465
0.0,-0.0659277
0.0,-0.029271066
0.0,-0.0077619078
0.0,-0.066576526
0.0,-0.041202627
0.0,-0.022194516
0.0,-0.10456606
0.0,-0.02937584
0.0,-0.11628586
0.0,0.056660652
0.0,-0.0852043
0.0,0.00422529
0.0,-0.047732912
0.0,-0.028953742
0.0,-0.021346558
0.0,-0.003331673
0.0,-0.10456606
0.0,-0.014032746
0.0,-0.07641055
0.0,-0.012900221
0.0,-0.019401098
0.0,-0.051461875
0.0,-0.052934587
0.0,-0.10456606
0.0,-0.06433944
0.0,-0.035205506
0.0,-0.07586996
0.0,-0.04103185
0.0,0.0014656127
0.0,-0.06715311
0.0,-0.021432389
0.0,-0.06912415
0.0,-0.019517934
0.0,-0.03529482
0.0,-0.015542185
0.0,-0.041973315
0.0,-0.05150033
0.0,-0.04090483
0.0,-0.06629233
0.0,-0.03977133
0.0,-0.06559034
0.0,-0.07007196
0.0,-0.025048112
0.0,-0.024110282
0.0,-0.070327744
0.0,-0.074650146
0.0,-0.10056873
0.0,-0.09688069
0.0,-0.058693685
0.0,-0.060313977
0.0,-0.056973815
0.0,-0.06117736
0.0,-0.049484063
0.0,-0.06295323
0.0,-0.07400125
0.0,-0.073566295
0.0,-0.07877898
0.0,-0.07310404
0.0,-0.020842886
0.0,-0.06173545
0.0,-0.04608195
0.0,-0.07158016
0.0,-0.06569934
0.0,-0.06510969
0.0,-0.065512165
0.0,-0.058806002
0.0,-0.07125219
0.0,-0.07838513
0.0,-0.069560505
0.0,-0.06958149
0.0,-0.08343593
0.0,-0.07913385
0.0,-0.0847796
0.0,-0.08810435
0.0,-0.06820512
0.0,-0.08754957
0.0,-0.07264586
0.0,-0.044390738
0.0,-0.04967662
0.0,-0.07366113
0.0,-0.06892159
0.0,-0.06728311
0.0,-0.06445559
0.0,-0.06392193
0.0,-0.060593225
0.0,-0.059344064
0.0,-0.056843422
0.0,-0.053787947
0.0,-0.06667787
0.0,-0.060443234
0.0,-0.058213364
0.0,-0.05962318
0.0,-0.063022695
0.0,-0.07132852
0.0,-0.07478682
0.0,-0.06898387
0.0,-0.06347116
0.0,-0.043491054
0.0,-0.07181166
0.0,-0.07374193
0.0,-0.052958928
0.0,-0.050979696
0.0,-0.056500398
0.0,-0.06363533
0.0,-0.06113373
0.0,-0.055707265
0.0,-0.06774102
0.0,-0.06935434
0.0,-0.07155969
0.0,-0.08205296
0.0,-0.07737468
0.0,-0.062843785
0.0,-0.069696024
0.0,-0.061551582
0.0,-0.0710655
0.0,-0.078136705
0.0,-0.066397205
0.0,-0.051938284
0.0,-0.06818843
0.0,-0.06787689
0.0,-0.060311902
0.0,-0.064849354
0.0,-0.064499035
0.0,-0.0691836
0.0,-0.052952897
0.0,0.0042460323
0.0,-0.08037865
0.0,-0.06421703
0.0,-0.085491434
0.0,-0.07961492
0.0,-0.08888259
0.0,-0.05863737
0.0,-0.07578723
0.0,0.017523717
0.0,-0.06482597
0.0,-0.038669635
0.0,-0.05290103
0.0,-0.039637186
0.0,-0.04103185
0.0,0.03283737
0.0,-0.07961504
0.0,0.04808093
0.0,0.018387724
0.0,0.04989965
0.0,0.025689602
0.0,-0.038716566
0.0,-0.05174669
0.0,-0.0616876
0.0,-0.047614314
0.0,-0.0050840974
0.0,-0.06788109
0.0,0.061460078
0.0,-0.0073863985
0.0,0.035419982
0.0,-0.10796472
0.0,-0.02196449
0.0,-0.042964578
0.0,-0.029271066
0.0,-0.02619009
0.0,-0.08457102
0.0,0.10850227
0.0,-0.05442946
0.0,-0.064187825
0.0,-0.06268736
0.0,-0.07551441
0.0,-0.06669998
0.0,-0.06995692
0.0,-0.029271066
0.0,-0.0707113
0.0,-0.020569598
0.0,-0.013121176
0.0,-0.03893069
0.0,0.0005764961
0.0,-0.050634705
0.0,0.04195751
0.0,-0.059615206
0.0,-0.056490578
0.0,-0.05164361
0.0,-0.04103185
0.0,-0.10653542
0.0,-0.077069625
0.0,-0.04103185
0.0,-0.12193862
0.0,-0.083532736
0.0,-0.054115664
0.0,-0.04103185
0.0,-0.15481271
0.0,0.010927337
0.0,-0.056490578
0.0,-0.07886751
0.0,-0.096736945
0.0,-0.095432125
0.0,-0.05718988
0.0,-0.017322112
0.0,-0.066576526
0.0,-0.10796472
0.0,-0.050634705
0.0,-0.014804351
0.0,-0.04103185
0.0,-0.10456606
0.0,-0.10389773
0.0,-0.101713456
0.0,-0.049159635
0.0,-0.0640168
0.0,0.031749915
0.0,-0.05892279
0.0,-0.02196449
0.0,0.0068401336
0.0,-0.037621617
0.0,-0.039165318
0.0,-0.056979418
0.0,0.027026724
0.0,-0.0514776
0.0,-0.021787643
0.0,0.07904353
0.0,-0.021547984
0.0,-0.029659713
0.0,0.007898319
0.0,-0.110904336
0.0,-0.09576647
0.0,0.029735625
0.0,-0.042698264
0.0,-0.045209505
0.0,0.008616519
0.0,-0.051020384
0.0,-0.0515936
0.0,-0.025581121
0.0,0.0037047924
0.0,0.0145613905
0.0,-0.065550186
0.0,0.068470635
0.0,-0.049457528
0.0,-0.026368976
0.0,-0.00625872
0.0,-0.012421739
0.0,-0.025906002
0.0,-0.048906375
0.0,-0.09869573
0.0,0.005154294
0.0,0.14761826
0.0,-0.10152334
0.0,-0.0953614
0.0,0.017024208
0.0,0.010727227
0.0,-0.093619406
0.0,-0.096479714
0.0,0.09625565
0.0,-0.025015151
0.0,0.06909089
0.0,-0.07984699
0.0,0.05588002
0.0,-0.029271066
0.0,-0.009947467
0.0,0.009581214
0.0,-0.0032543777
0.0,0.026576782
0.0,-0.08229842
0.0,-0.06876638
0.0,-0.10456606
0.0,-0.041148923
0.0,-0.06802665
0.0,-0.03916608
0.0,-0.04103185
0.0,-0.05337099
0.0,0.015596056
0.0,-0.052946996
0.0,-0.037359238
0.0,-0.026173735
0.0,-0.07966634
0.0,-0.04103185
0.0,0.062768415
0.0,-0.05440346
0.0,-0.04103185
0.0,-0.04584519
0.0,-0.09316258
0.0,0.06661046
0.0,-0.07336209
0.0,-0.068492666
0.0,-0.029271066
0.0,0.038309585
0.0,-0.06799106
0.0,-0.029271066
0.0,-0.060430218
0.0,-0.08877774
0.0,-0.039479733
0.0,-0.014804351
0.0,-0.031827223
0.0,-0.15760444
0.0,-0.03991214
0.0,0.023796285
0.0,-0.0029162467
0.0,-0.04560653
0.0,0.0068401336
0.0,-0.04098885
0.0,-0.033507098
0.0,0.04680065
0.0,-0.052021883
0.0,-0.04847325
0.0,0.09281488
0.0,-0.03421942
0.0,-0.1001482
0.0,-0.09769604
0.0,-0.09020923
0.0,-0.025550902
0.0,-0.04103185
0.0,-0.042346917
0.0,-0.08704375
0.0,0.050978053
0.0,-0.05927708
0.0,0.06689438
0.0,-0.024101818
0.0,-0.0067408322
0.0,-0.041957654
0.0,-0.0052895783
0.0,-0.06891509
0.0,-0.029271066
0.0,0.0057245553
0.0,-0.04333836
0.0,-0.029271066
0.0,-0.019278442
0.0,-0.10416871
0.0,-0.06453109
0.0,-0.07321952
0.0,-0.10456606
0.0,-0.073408686
0.0,-0.029271066
0.0,0.010617507
0.0,-0.086528
0.0,-0.029271066
0.0,-0.01873598
0.0,0.032079995
0.0,-0.11498584
0.0,0.008587921
0.0,-0.0710546
0.0,-0.05693532
0.0,0.0020619154
0.0,-0.058838308
0.0,-0.02858988
0.0,0.0047881724
0.0,0.13897142
0.0,-0.0886114
0.0,-0.04103185
0.0,-0.02012012
0.0,-0.0990931
0.0,-0.04103185
0.0,-0.03138722
0.0,-0.04038192
0.0,-0.15784936
0.0,-0.12451198
0.0,-0.10261716
0.0,0.021922505
0.0,-0.09709947
0.0,-0.093359984
0.0,0.059485853
0.0,-0.09780604
0.0,-0.04103185
0.0,-0.09918674
0.0,-0.12101867
0.0,-0.15784936
0.0,-0.12451198
0.0,-0.038047027
0.0,-0.035559475
0.0,-0.10456606
0.0,-0.12091931
0.0,-0.05725447
0.0,-0.07708218
0.0,-0.04103185
0.0,-0.071108386
0.0,-0.033197116
0.0,-0.009744406
0.0,0.06338917
0.0,-0.016666854
0.0,-0.033569884
0.0,-0.03635355
0.0,-0.03573071
0.0,0.0030710697
0.0,-0.017084097
0.0,0.018442381
0.0,-0.029238056
0.0,-0.049222387
0.0,-0.070110574
0.0,0.02790668
0.0,-0.08991502
0.0,-0.0076143863
0.0,-0.10141647
0.0,-0.039126754
0.0,-0.050097965
0.0,0.10103208
0.0,-0.062725805
0.0,-0.05356691
0.0,-0.08628404
0.0,0.12605049
0.0,-0.08639149
0.0,0.020614898
0.0,-0.06391171
0.0,-0.0077982903
0.0,-0.0204252
0.0,0.053329818
0.0,-0.0686368
0.0,-0.0686368
0.0,0.011956787
0.0,-0.05521865
0.0,-0.03613945
0.0,-0.10691972
0.0,-0.029271066
0.0,-0.034648895
0.0,-0.08564539
0.0,-0.016666854
0.0,-0.03270947
0.0,-0.050028455
0.0,-0.08733145
0.0,0.029763889
0.0,-0.024456536
0.0,0.018749774
0.0,-0.072083935
0.0,0.01271373
0.0,-0.02586602
0.0,0.019921506
0.0,-0.07569929
0.0,-0.04103185
0.0,-0.09029864
0.0,0.016727675
0.0,-0.04103185
0.0,-0.053385984
0.0,-0.10934236
0.0,-0.09554076
0.0,-0.08773638
0.0,-0.09390189
0.0,-0.13681109
0.0,-0.12025298
0.0,-0.08097742
0.0,-0.052426375
0.0,-0.15343343
0.0,-0.10753007
0.0,-0.11447903
0.0,-0.10064193
0.0,-0.076551415
0.0,-0.020409668
0.0,-0.023329401
0.0,0.026461482
0.0,-0.069146834
0.0,-0.18179509
0.0,-0.09711782
0.0,-0.10152016
0.0,-0.06822952
0.0,-0.040454566
0.0,-0.14773723
0.0,-0.0063257692
0.0,-0.12698537
0.0,-0.08244179
0.0,-0.12698537
0.0,-0.09435737
0.0,-0.120414
0.0,-0.07656522
0.0,-0.08886709
0.0,-0.061930668
0.0,-0.00689342
0.0,-0.14879115
0.0,0.045362674
0.0,-0.165043
0.0,-0.08097742
0.0,-0.029973125
0.0,-0.0811409
0.0,-0.08097742
0.0,-0.027669001
0.0,-0.13558383
0.0,-0.09390189
0.0,-0.2123309
0.0,-0.1053592
0.0,-0.07172215
0.0,-0.12104694
0.0,-0.06396703
0.0,-0.08367423
0.0,-0.08985684
0.0,-0.13211426
0.0,-0.04745251
0.0,-0.12654406
0.0,-0.1137766
0.0,-0.09373449
0.0,-0.070546485
0.0,-0.07272768
0.0,-0.06704299
0.0,-0.06986882
0.0,-0.11065601
0.0,-0.15392867
0.0,-0.09549679
0.0,-0.065732144
0.0,-0.02244929
0.0,-0.074542984
0.0,-0.10138098
0.0,-0.06257607
0.0,-0.108734585
0.0,-0.108734585
0.0,-0.10778054
0.0,-0.13827838
0.0,-0.107960224
0.0,-0.100765005
0.0,-0.09390189
0.0,-0.67548037
0.0,-0.17167267
0.0,-0.1009322
0.0,-0.20853043
0.0,-0.09760766
0.0,-0.09367287
0.0,-0.1049786
0.0,-0.08410593
0.0,-0.10370078
0.0,-0.15943934
0.0,-0.092326365
0.0,-0.06691696
0.0,-0.083384976
0.0,-0.104514696
0.0,-0.11287268
0.0,-0.11371946
0.0,-0.10219391
0.0,-0.11412932
0.0,-0.108386554
0.0,-0.09390189
0.0,-0.09547558
0.0,-0.1268866
0.0,-0.1643647
0.0,-0.15495428
0.0,-0.076494135
0.0,-0.015595066
0.0,-0.20853043
0.0,-0.09760766
0.0,-0.21105509
0.0,-0.12916215
0.0,-0.09390189
0.0,-0.039867282
0.0,-0.12193984
0.0,-0.041117918
0.0,-0.13840064
0.0,-0.02387321
0.0,-0.13335337
0.0,-0.12671867
0.0,0.0036212564
0.0,-0.051701285
0.0,-0.07339922
0.0,-0.061158977
0.0,-0.1674583
0.0,-0.08578469
0.0,-0.08747766
0.0,-0.08378545
0.0,-0.08398695
0.0,-0.119045235
0.0,-0.0911168
0.0,-0.10125194
0.0,-0.10541991
0.0,-0.102872565
0.0,-0.10989831
0.0,-0.06704241
0.0,-0.093639776
0.0,-0.07807288
0.0,-0.08459171
0.0,-0.09775374
0.0,-0.07490887
0.0,-0.0743202
0.0,-0.1029494
0.0,-0.104243234
0.0,-0.091974065
0.0,-0.06489382
0.0,-0.09895827
0.0,-0.08560999
0.0,-0.09882927
0.0,-0.07963006
0.0,-0.074795105
0.0,-0.11239302
0.0,-0.0801625
0.0,-0.079329826
0.0,-0.069587134
0.0,-0.08159052
0.0,-0.11310673
0.0,-0.12610868
0.0,-0.10709105
0.0,-0.069948874
0.0,-0.10469224
0.0,-0.097782716
0.0,-0.09545623
0.0,-0.058615077
0.0,-0.10235037
0.0,-0.11415919
0.0,-0.10823145
0.0,-0.08954227
0.0,-0.104921915
0.0,-0.124663554
0.0,-0.07238003
0.0,-0.05450157
0.0,-0.08980159
0.0,-0.090584084
0.0,-0.08725493
0.0,-0.08725493
0.0,-0.17402866
0.0,-0.084254146
0.0,-0.08698741
0.0,-0.10933614
0.0,-0.08674578
0.0,-0.08735038
0.0,-0.12280412
0.0,-0.07251771
0.0,-0.100050546
0.0,-0.112077236
0.0,-0.10019708
0.0,-0.08664974
0.0,-0.050727963
0.0,-0.11312562
0.0,-0.099600814
0.0,-0.039586414
0.0,-0.107644
0.0,-0.07320501
0.0,-0.08735317
0.0,-0.116780974
0.0,-0.116184175
0.0,-0.059334934
0.0,-0.11117969
0.0,-0.07925987
0.0,-0.06919764
0.0,-0.07811238
0.0,-0.09608712
0.0,-0.06533165
0.0,-0.10442241
0.0,-0.005711389
0.0,-0.06256592
0.0,-0.057116926
0.0,-0.11273272
0.0,-0.08097742
0.0,-0.061956763
0.0,-0.11065601
0.0,-0.09317309
0.0,-0.070524395
0.0,-0.15943934
0.0,-0.09204187
0.0,-0.16891168
0.0,-0.009197449
0.0,-0.13698734
0.0,-0.043188978
0.0,-0.104250416
0.0,-0.090365626
0.0,-0.07542038
0.0,-0.057298638
0.0,-0.15943934
0.0,-0.062014066
0.0,-0.124719694
0.0,-0.060528874
0.0,-0.08424334
0.0,-0.102928855
0.0,-0.10641042
0.0,-0.15943934
0.0,-0.12087534
0.0,-0.085600615
0.0,-0.12544385
0.0,-0.09390189
0.0,-0.042502027
0.0,-0.11477771
0.0,-0.074881114
0.0,-0.11583654
0.0,-0.072157264
0.0,-0.08708571
0.0,-0.06843432
0.0,-0.08978784
0.0,-0.107516065
0.0,-0.0986339
0.0,-0.11495175
0.0,-0.092367694
0.0,-0.11364088
0.0,-0.11656545
0.0,-0.078431346
0.0,-0.0775335
0.0,-0.116294935
0.0,-0.12371571
0.0,-0.1431937
0.0,-0.14020863
0.0,-0.104912564
0.0,-0.10663638
0.0,-0.102399334
0.0,-0.10700879
0.0,-0.094409384
0.0,-0.10665037
0.0,-0.12306328
0.0,-0.12075968
0.0,-0.12806799
0.0,-0.122314416
0.0,-0.07687758
0.0,-0.112477936
0.0,-0.097978756
0.0,-0.1208299
0.0,-0.11545575
0.0,-0.114675894
0.0,-0.114954665
0.0,-0.10775478
0.0,-0.12027732
0.0,-0.12758143
0.0,-0.11818732
0.0,-0.11865858
0.0,-0.13280891
0.0,-0.13115726
0.0,-0.13203214
0.0,-0.13673235
0.0,-0.11824461
0.0,-0.13874733
0.0,-0.12234056
0.0,-0.1015861
0.0,-0.104839705
0.0,-0.122901835
0.0,-0.11712514
0.0,-0.11548185
0.0,-0.112308286
0.0,-0.11180745
0.0,-0.10850314
0.0,-0.10712929
0.0,-0.10462314
0.0,-0.101852104
0.0,-0.11278745
0.0,-0.10592407
0.0,-0.103998825
0.0,-0.10529055
0.0,-0.10691725
0.0,-0.11850957
0.0,-0.12102201
0.0,-0.11409362
0.0,-0.105862774
0.0,-0.08991718
0.0,-0.11743231
0.0,-0.11929049
0.0,-0.10142841
0.0,-0.09958287
0.0,-0.10307467
0.0,-0.10977522
0.0,-0.10660499
0.0,-0.104126036
0.0,-0.11917957
0.0,-0.117974475
0.0,-0.11917778
0.0,-0.12910128
0.0,-0.12607436
0.0,-0.11003132
0.0,-0.118169524
0.0,-0.108288065
0.0,-0.11944075
0.0,-0.12907597
0.0,-0.11769521
0.0,-0.10607153
0.0,-0.11960174
0.0,-0.11922383
0.0,-0.10911914
0.0,-0.11457554
0.0,-0.11421125
0.0,-0.11978434
0.0,-0.09718205
0.0,-0.05864494
0.0,-0.12735492
0.0,-0.12399465
0.0,-0.13562411
0.0,-0.13187823
0.0,-0.13142495
0.0,-0.110293925
0.0,-0.1273787
0.0,-0.024580812
0.0,-0.12092658
0.0,-0.08677153
0.0,-0.09902903
0.0,-0.08916019
0.0,-0.09390189
0.0,-0.015761042
0.0,-0.12600355
0.0,-0.0066481233
0.0,-0.038180757
0.0,-0.002238345
0.0,-0.023806656
0.0,-0.08327403
0.0,-0.10280101
0.0,-0.11056669
0.0,-0.10924139
0.0,-0.04780215
0.0,-0.11216213
0.0,-0.007151568
0.0,-0.052268125
0.0,-0.016248118
0.0,-0.15392867
0.0,-0.06716162
0.0,-0.11479417
0.0,-0.08097742
0.0,-0.08994494
0.0,-0.12477136
0.0,0.0523327
0.0,-0.120940425
0.0,-0.119701505
0.0,-0.1142077
0.0,-0.11940265
0.0,-0.1292452
0.0,-0.12550613
0.0,-0.08097742
0.0,-0.10967779
0.0,-0.06835381
0.0,-0.071046375
0.0,-0.08666597
0.0,-0.13088742
0.0,-0.09549679
0.0,-0.009368491
0.0,-0.114656165
0.0,-0.10328873
0.0,-0.0985085
0.0,-0.09390189
0.0,-0.1643647
0.0,-0.122609414
0.0,-0.09390189
0.0,-0.1690242
0.0,-0.12986383
0.0,-0.11000307
0.0,-0.09390189
0.0,-0.21105509
0.0,-0.048139654
0.0,-0.10328873
0.0,-0.13242105
0.0,-0.15011528
0.0,-0.14189205
0.0,-0.108386554
0.0,-0.06691696
0.0,-0.11065601
0.0,-0.15392867
0.0,-0.09549679
0.0,-0.065732144
0.0,-0.09390189
0.0,-0.15943934
0.0,-0.16100168
0.0,-0.15291765
0.0,-0.10556612
0.0,-0.115623154
0.0,-0.023744738
0.0,-0.107960224
0.0,-0.06716162
0.0,-0.04148798
0.0,-0.083384976
0.0,-0.08811857
0.0,-0.10177175
0.0,-0.035271358
0.0,-0.09946896
0.0,-0.07038915
0.0,0.023553645
0.0,-0.0684426
0.0,-0.0771685
0.0,-0.042396806
0.0,-0.15508081
0.0,-0.14244366
0.0,-0.039518096
0.0,-0.09655104
0.0,-0.09418055
0.0,-0.036760796
0.0,-0.10097474
0.0,-0.10119206
0.0,-0.0740626
0.0,-0.041778766
0.0,-0.03272283
0.0,-0.113940634
0.0,0.0024777888
0.0,-0.09767964
0.0,-0.07331916
0.0,-0.05485456
0.0,-0.059636366
0.0,-0.07450496
0.0,-0.13258581
0.0,-0.14636508
0.0,-0.04789015
0.0,0.0842983
0.0,-0.14374465
0.0,-0.1402524
0.0,-0.049887896
0.0,-0.043078102
0.0,-0.14272472
0.0,-0.14996219
0.0,0.029139841
0.0,-0.07551521
0.0,0.01472677
0.0,-0.13823102
0.0,-0.0026718616
0.0,-0.08097742
0.0,-0.05378542
0.0,-0.03638805
0.0,-0.06113764
0.0,-0.027274419
0.0,-0.14311026
0.0,-0.12547053
0.0,-0.15943934
0.0,-0.094398424
0.0,-0.11362468
0.0,-0.0861994
0.0,-0.09390189
0.0,-0.115821496
0.0,-0.033343196
0.0,-0.102426305
0.0,-0.10013769
0.0,-0.082938865
0.0,-0.124505796
0.0,-0.09390189
0.0,-0.0062117814
0.0,-0.10062488
0.0,-0.09390189
0.0,-0.10165872
0.0,-0.15068
0.0,0.010151237
0.0,-0.12100482
0.0,-0.11862727
0.0,-0.08097742
0.0,-0.044887237
0.0,-0.11556584
0.0,-0.08097742
0.0,-0.12186332
0.0,-0.13547827
0.0,-0.097630635
0.0,-0.065732144
0.0,-0.087011635
0.0,-0.24227342
0.0,-0.09589802
0.0,-0.033479095
0.0,-0.05784305
0.0,-0.09729487
0.0,-0.04148798
0.0,-0.08727218
0.0,-0.079390764
0.0,-0.006936252
0.0,-0.096972585
0.0,-0.09598823
0.0,0.025500154
0.0,-0.082020484
0.0,-0.15785064
0.0,-0.1519517
0.0,-0.14395785
0.0,-0.075528346
0.0,-0.09390189
0.0,-0.09661649
0.0,-0.14505896
0.0,-0.007825052
0.0,-0.11023191
0.0,0.01044712
0.0,-0.07362493
0.0,-0.05141132
0.0,-0.102002546
0.0,-0.04978584
0.0,-0.12922904
0.0,-0.08097742
0.0,-0.06182462
0.0,-0.09359451
0.0,-0.08097742
0.0,-0.08549108
0.0,-0.15769514
0.0,-0.12009515
0.0,-0.12959537
0.0,-0.15943934
0.0,-0.12883893
0.0,-0.08097742
0.0,-0.05867542
0.0,-0.1325768
0.0,-0.08097742
0.0,-0.07626082
0.0,-0.017729223
0.0,-0.1665184
0.0,-0.039254226
0.0,-0.13342229
0.0,-0.10965441
0.0,-0.05106015
0.0,-0.09965292
0.0,-0.083487555
0.0,-0.11198298
0.0,0.060033463
0.0,-0.14002572
0.0,-0.09390189
0.0,-0.08080564
0.0,-0.14819553
0.0,-0.09390189
0.0,-0.08305842
0.0,-0.1009322
0.0,-0.20853043
0.0,-0.17314465
0.0,-0.14477494
0.0,-0.025357056
0.0,-0.14237502
0.0,-0.13778523
0.0,0.0036212564
0.0,-0.14300066
0.0,-0.09390189
0.0,-0.15185298
0.0,-0.17446552
0.0,-0.20853043
0.0,-0.17314465
0.0,-0.08474581
0.0,-0.08492218
0.0,-0.15943934
0.0,-0.18690088
0.0,-0.104128376
0.0,-0.12250123
0.0,-0.09390189
0.0,-0.13039133
0.0,-0.08356546
0.0,-0.04813664
0.0,0.0046348097
0.0,-0.06894541
0.0,-0.07997465
0.0,-0.088796064
0.0,-0.08325666
0.0,-0.04876839
0.0,-0.06586839
0.0,-0.035283647
0.0,-0.08456458
0.0,-0.09794734
0.0,-0.12761106
0.0,-0.021491766
0.0,-0.16160834
0.0,-0.054850627
0.0,-0.15693787
0.0,-0.0901014
0.0,-0.094722904
0.0,0.05228082
0.0,-0.1123269
0.0,-0.10152016
0.0,-0.12881772
0.0,0.07372359
0.0,-0.13062015
0.0,-0.041130044
0.0,-0.112052105
0.0,-0.054533016
0.0,-0.066338815
0.0,0.0045820116
0.0,-0.11382488
0.0,-0.11382488
0.0,-0.034213386
0.0,-0.1039017
0.0,-0.093062796
0.0,-0.1558642
0.0,-0.08097742
0.0,-0.089544654
0.0,-0.13170356
0.0,-0.06894541
0.0,-0.08066593
0.0,-0.09781985
0.0,-0.12605676
0.0,-0.01867361
0.0,-0.07351583
0.0,-0.03190899
0.0,-0.116421305
0.0,-0.040021777
0.0,-0.07468537
0.0,-0.037023354
0.0,-0.12639417
0.0,-0.09390189
0.0,-0.15073544
0.0,-0.039484967
0.0,-0.09390189
0.0,-0.104595706
0.0,-0.18758975
0.0,-0.17423144
0.0,-0.1720558
0.0,-0.17283554
0.0,-0.2109468
0.0,-0.1894805
0.0,-0.15918538
0.0,-0.25386852
0.0,-0.2385459
0.0,-0.19057742
0.0,-0.18333434
0.0,-0.18520454
0.0,-0.16584677
0.0,-0.11354244
0.0,-0.10137044
0.0,-0.062255703
0.0,-0.13803563
0.0,-0.2879696
0.0,-0.18235238
0.0,-0.16532138
0.0,-0.14558637
0.0,-0.10478221
0.0,-0.22250883
0.0,-0.13555078
0.0,-0.1973955
0.0,-0.14443439
0.0,-0.1973955
0.0,-0.17043753
0.0,-0.19938615
0.0,-0.14529273
0.0,-0.16596223
0.0,-0.14001201
0.0,-0.08310062
0.0,-0.220927
0.0,-0.077547096
0.0,-0.24260001
0.0,-0.15918538
0.0,-0.11621741
0.0,-0.1588136
0.0,-0.15918538
0.0,-0.14319979
0.0,-0.21903577
0.0,-0.17283554
0.0,-0.27104482
0.0,-0.1752226
0.0,-0.13476951
0.0,-0.1926306
0.0,-0.14418122
0.0,-0.16506264
0.0,-0.17306744
0.0,-0.20092408
0.0,-0.17681456
0.0,-0.18918876
0.0,-0.19240607
0.0,-0.1704059
0.0,-0.17003095
0.0,-0.15428498
0.0,-0.16074605
0.0,-0.15458038
0.0,-0.1771988
0.0,-0.21420303
0.0,-0.16692969
0.0,-0.1374534
0.0,-0.11828395
0.0,-0.13395076
0.0,-0.17725232
0.0,-0.13105938
0.0,-0.186542
0.0,-0.186542
0.0,-0.20537317
0.0,-0.22552386
0.0,-0.17955528
0.0,-0.17917733
0.0,-0.17283554
0.0,-0.74998796
0.0,-0.23566647
0.0,-0.17800367
0.0,-0.27043933
0.0,-0.16682214
0.0,-0.16501437
0.0,-0.17773905
0.0,-0.15722662
0.0,-0.18389168
0.0,-0.22677565
0.0,-0.19895166
0.0,-0.15129867
0.0,-0.16158459
0.0,-0.18560481
0.0,-0.18872394
0.0,-0.20300157
0.0,-0.17859606
0.0,-0.1957933
0.0,-0.1854721
0.0,-0.17283554
0.0,-0.17817141
0.0,-0.20485425
0.0,-0.24003224
0.0,-0.22216296
0.0,-0.13373494
0.0,-0.09836306
0.0,-0.27043933
0.0,-0.16682214
0.0,-0.2814227
0.0,-0.19866642
0.0,-0.17283554
0.0,-0.13797314
0.0,-0.22360244
0.0,-0.120695256
0.0,-0.20281264
0.0,-0.09890467
0.0,-0.20648232
0.0,-0.1959672
0.0,-0.082617745
0.0,-0.15839544
0.0,-0.15414307
0.0,-0.14338489
0.0,-0.22979188
0.0,-0.16324376
0.0,-0.15955679
0.0,-0.16876031
0.0,-0.16088954
0.0,-0.21177378
0.0,-0.15980686
0.0,-0.18016212
0.0,-0.2151247
0.0,-0.18506305
0.0,-0.18442725
0.0,-0.1764182
0.0,-0.1723972
0.0,-0.1478542
0.0,-0.1634109
0.0,-0.17843153
0.0,-0.15297052
0.0,-0.15687725
0.0,-0.17726967
0.0,-0.1775374
0.0,-0.17108418
0.0,-0.1468457
0.0,-0.17907795
0.0,-0.16116825
0.0,-0.17684802
0.0,-0.15295032
0.0,-0.15642743
0.0,-0.18693168
0.0,-0.15741764
0.0,-0.15430734
0.0,-0.15024982
0.0,-0.16332772
0.0,-0.202703
0.0,-0.2023396
0.0,-0.18473996
0.0,-0.14338037
0.0,-0.17980744
0.0,-0.1751131
0.0,-0.17383188
0.0,-0.13239303
0.0,-0.17968129
0.0,-0.19031385
0.0,-0.18596643
0.0,-0.16172549
0.0,-0.19217435
0.0,-0.19855891
0.0,-0.14379849
0.0,-0.1258526
0.0,-0.1760198
0.0,-0.17523737
0.0,-0.17643014
0.0,-0.17643014
0.0,-0.2515269
0.0,-0.1711301
0.0,-0.16815032
0.0,-0.18529466
0.0,-0.16092798
0.0,-0.16775969
0.0,-0.20292811
0.0,-0.14617501
0.0,-0.17541356
0.0,-0.18958654
0.0,-0.18470715
0.0,-0.16541168
0.0,-0.14623056
0.0,-0.18306592
0.0,-0.18418041
0.0,-0.12822309
0.0,-0.18353808
0.0,-0.14504884
0.0,-0.16372137
0.0,-0.19309422
0.0,-0.18989865
0.0,-0.13943025
0.0,-0.18949175
0.0,-0.15498936
0.0,-0.14850937
0.0,-0.15178739
0.0,-0.17076929
0.0,-0.14714924
0.0,-0.16776887
0.0,-0.090198174
0.0,-0.17599122
0.0,-0.14816199
0.0,-0.17974296
0.0,-0.15918538
0.0,-0.13246945
0.0,-0.1771988
0.0,-0.17851974
0.0,-0.15186697
0.0,-0.22677565
0.0,-0.17862065
0.0,-0.28615895
0.0,-0.105942026
0.0,-0.20590572
0.0,-0.12352421
0.0,-0.18921427
0.0,-0.18594483
0.0,-0.14815289
0.0,-0.12606551
0.0,-0.22677565
0.0,-0.11764945
0.0,-0.20072603
0.0,-0.13018629
0.0,-0.16950558
0.0,-0.174153
0.0,-0.18613988
0.0,-0.22677565
0.0,-0.2071518
0.0,-0.16324908
0.0,-0.19853947
0.0,-0.17283554
0.0,-0.12509924
0.0,-0.18692222
0.0,-0.15522459
0.0,-0.18365163
0.0,-0.14765093
0.0,-0.1617724
0.0,-0.1453497
0.0,-0.16430695
0.0,-0.19195579
0.0,-0.1833131
0.0,-0.1846137
0.0,-0.17347087
0.0,-0.1821455
0.0,-0.18446423
0.0,-0.15747793
0.0,-0.15696171
0.0,-0.182425
0.0,-0.20493278
0.0,-0.204933
0.0,-0.20082338
0.0,-0.17240393
0.0,-0.17499304
0.0,-0.17057006
0.0,-0.17303526
0.0,-0.16396882
0.0,-0.17439136
0.0,-0.20511207
0.0,-0.20206547
0.0,-0.19829944
0.0,-0.19363196
0.0,-0.16007544
0.0,-0.1858682
0.0,-0.1772582
0.0,-0.18619928
0.0,-0.18306142
0.0,-0.1813466
0.0,-0.18178594
0.0,-0.17669812
0.0,-0.19010963
0.0,-0.19818205
0.0,-0.18568154
0.0,-0.18615879
0.0,-0.19861229
0.0,-0.20342961
0.0,-0.19617742
0.0,-0.20437221
0.0,-0.19374286
0.0,-0.20633133
0.0,-0.19853343
0.0,-0.18495293
0.0,-0.18769297
0.0,-0.1937672
0.0,-0.19013208
0.0,-0.18876812
0.0,-0.18229195
0.0,-0.18175475
0.0,-0.17906518
0.0,-0.17841668
0.0,-0.17657249
0.0,-0.17362966
0.0,-0.18252845
0.0,-0.17264423
0.0,-0.17234339
0.0,-0.1727592
0.0,-0.17510103
0.0,-0.19785646
0.0,-0.2024487
0.0,-0.19475004
0.0,-0.18237647
0.0,-0.15932563
0.0,-0.18404171
0.0,-0.18619825
0.0,-0.17410477
0.0,-0.17266151
0.0,-0.17402956
0.0,-0.17696807
0.0,-0.17329176
0.0,-0.17100671
0.0,-0.2008502
0.0,-0.1832291
0.0,-0.18458577
0.0,-0.19851609
0.0,-0.19431996
0.0,-0.18051672
0.0,-0.18894245
0.0,-0.18117033
0.0,-0.19231248
0.0,-0.20090127
0.0,-0.19853877
0.0,-0.18963474
0.0,-0.19720672
0.0,-0.19663803
0.0,-0.18442886
0.0,-0.18594582
0.0,-0.18554373
0.0,-0.18606806
0.0,-0.17239301
0.0,-0.15154055
0.0,-0.19715193
0.0,-0.19887921
0.0,-0.21326952
0.0,-0.20460972
0.0,-0.2017313
0.0,-0.20128393
0.0,-0.21257946
0.0,-0.09644876
0.0,-0.19814911
0.0,-0.16098233
0.0,-0.17328337
0.0,-0.16607453
0.0,-0.17283554
0.0,-0.09312318
0.0,-0.20137835
0.0,-0.085683286
0.0,-0.12461247
0.0,-0.08045999
0.0,-0.09508534
0.0,-0.15971626
0.0,-0.1758834
0.0,-0.1785351
0.0,-0.19858095
0.0,-0.11972777
0.0,-0.18658528
0.0,-0.13750802
0.0,-0.12891065
0.0,-0.09126645
0.0,-0.21420303
0.0,-0.14071676
0.0,-0.20670299
0.0,-0.15918538
0.0,-0.20914996
0.0,-0.18681209
0.0,-0.056502152
0.0,-0.2072641
0.0,-0.19232923
0.0,-0.1865525
0.0,-0.18924852
0.0,-0.24467316
0.0,-0.20240875
0.0,-0.15918538
0.0,-0.16557984
0.0,-0.14523937
0.0,-0.16783994
0.0,-0.16064714
0.0,-0.27171442
0.0,-0.16692969
0.0,-0.09268488
0.0,-0.20267376
0.0,-0.17451562
0.0,-0.16299397
0.0,-0.17283554
0.0,-0.24003224
0.0,-0.19690576
0.0,-0.17283554
0.0,-0.23418784
0.0,-0.19937806
0.0,-0.20132706
0.0,-0.17283554
0.0,-0.2814227
0.0,-0.16654848
0.0,-0.17451562
0.0,-0.20785813
0.0,-0.23739466
0.0,-0.20542736
0.0,-0.1854721
0.0,-0.15129867
0.0,-0.1771988
0.0,-0.21420303
0.0,-0.16692969
0.0,-0.1374534
0.0,-0.17283554
0.0,-0.22677565
0.0,-0.23824844
0.0,-0.22546434
0.0,-0.1909503
0.0,-0.18707368
0.0,-0.09987433
0.0,-0.17955528
0.0,-0.14071676
0.0,-0.11434604
0.0,-0.16158459
0.0,-0.17059961
0.0,-0.18242353
0.0,-0.12624557
0.0,-0.1759043
0.0,-0.14412428
0.0,-0.0865988
0.0,-0.14299038
0.0,-0.15436544
0.0,-0.12251028
0.0,-0.22460885
0.0,-0.21376857
0.0,-0.14136398
0.0,-0.17425552
0.0,-0.17464882
0.0,-0.12126138
0.0,-0.17983516
0.0,-0.18565483
0.0,-0.13936721
0.0,-0.12457438
0.0,-0.08467934
0.0,-0.18917589
0.0,-0.09014901
0.0,-0.17409123
0.0,-0.14733699
0.0,-0.13427402
0.0,-0.13873236
0.0,-0.15363535
0.0,-0.22658694
0.0,-0.24509616
0.0,-0.13557222
0.0,0.0042158724
0.0,-0.21185088
0.0,-0.21071632
0.0,-0.14300902
0.0,-0.12812814
0.0,-0.22290596
0.0,-0.23075958
0.0,-0.07678286
0.0,-0.15874854
0.0,-0.0664315
0.0,-0.21308115
0.0,-0.08755209
0.0,-0.15918538
0.0,-0.12626168
0.0,-0.13016337
0.0,-0.15135676
0.0,-0.1131158
0.0,-0.22682528
0.0,-0.25708574
0.0,-0.22677565
0.0,-0.16032217
0.0,-0.18418571
0.0,-0.15850171
0.0,-0.17283554
0.0,-0.20088911
0.0,-0.11289867
0.0,-0.17534468
0.0,-0.1844916
0.0,-0.168806
0.0,-0.19374593
0.0,-0.17283554
0.0,-0.115250096
0.0,-0.18945403
0.0,-0.17283554
0.0,-0.17795448
0.0,-0.22051895
0.0,-0.07795246
0.0,-0.18779823
0.0,-0.19427621
0.0,-0.15918538
0.0,-0.18382439
0.0,-0.19857766
0.0,-0.15918538
0.0,-0.20518784
0.0,-0.20710425
0.0,-0.18323216
0.0,-0.1374534
0.0,-0.161727
0.0,-0.33923584
0.0,-0.17737874
0.0,-0.11150174
0.0,-0.14154887
0.0,-0.17804952
0.0,-0.11434604
0.0,-0.16909054
0.0,-0.1619215
0.0,-0.07609842
0.0,-0.17844865
0.0,-0.18148714
0.0,-0.09519036
0.0,-0.1571163
0.0,-0.22988424
0.0,-0.22313634
0.0,-0.21066447
0.0,-0.15721521
0.0,-0.17283554
0.0,-0.17194517
0.0,-0.22482447
0.0,-0.0910192
0.0,-0.18161234
0.0,-0.0905327
0.0,-0.15099913
0.0,-0.13090307
0.0,-0.1842288
0.0,-0.119822346
0.0,-0.22406168
0.0,-0.15918538
0.0,-0.1568222
0.0,-0.16236849
0.0,-0.15918538
0.0,-0.1819752
0.0,-0.22204518
0.0,-0.19202259
0.0,-0.20264983
0.0,-0.22677565
0.0,-0.20817098
0.0,-0.15918538
0.0,-0.1866602
0.0,-0.19801854
0.0,-0.15918538
0.0,-0.15568437
0.0,-0.09343998
0.0,-0.24037747
0.0,-0.11664282
0.0,-0.21460514
0.0,-0.19278139
0.0,-0.12726147
0.0,-0.16580942
0.0,-0.15869513
0.0,-0.24850722
0.0,-0.08796631
0.0,-0.21247058
0.0,-0.17283554
0.0,-0.17370056
0.0,-0.22505899
0.0,-0.17283554
0.0,-0.15323082
0.0,-0.17800367
0.0,-0.27043933
0.0,-0.2363329
0.0,-0.20819218
0.0,-0.09423262
0.0,-0.22175746
0.0,-0.20529456
0.0,-0.082617745
0.0,-0.21272841
0.0,-0.17283554
0.0,-0.22218029
0.0,-0.23977809
0.0,-0.27043933
0.0,-0.2363329
0.0,-0.15820476
0.0,-0.15852195
0.0,-0.22677565
0.0,-0.26911807
0.0,-0.1754003
0.0,-0.19452131
0.0,-0.17283554
0.0,-0.20881589
0.0,-0.16852745
0.0,-0.10784967
0.0,-0.085912846
0.0,-0.14465544
0.0,-0.15628457
0.0,-0.1642239
0.0,-0.1590384
0.0,-0.12550674
0.0,-0.1639736
0.0,-0.109084725
0.0,-0.16025753
0.0,-0.18127051
0.0,-0.19911647
0.0,-0.09957427
0.0,-0.25991577
0.0,-0.1314149
0.0,-0.24366477
0.0,-0.17508408
0.0,-0.16710302
0.0,-0.032877125
0.0,-0.18977934
0.0,-0.16532138
0.0,-0.19585647
0.0,-0.023841238
0.0,-0.19518666
0.0,-0.16758773
0.0,-0.188273
0.0,-0.12608545
0.0,-0.14496249
0.0,-0.068091795
0.0,-0.18712574
0.0,-0.18712574
0.0,-0.10445313
0.0,-0.1787378
0.0,-0.18266438
0.0,-0.2250197
0.0,-0.15918538
0.0,-0.16316153
0.0,-0.19731228
0.0,-0.14465544
0.0,-0.15042135
0.0,-0.1755148
0.0,-0.19286215
0.0,-0.108040854
0.0,-0.1614517
0.0,-0.12067404
0.0,-0.18750182
0.0,-0.114155136
0.0,-0.14806867
0.0,-0.13365613
0.0,-0.20233941
0.0,-0.17283554
0.0,-0.23490784
0.0,-0.11672703
0.0,-0.17283554
0.0,-0.1701161
0.0,0.32251844
0.0,0.36087203
0.0,0.38686085
0.0,0.40517172
0.0,0.3712327
0.0,0.3378697
0.0,0.4055419
0.0,0.5049917
0.0,0.29596785
0.0,0.3730514
0.0,0.35725245
0.0,0.42784828
0.0,0.41161776
0.0,0.50074303
0.0,0.35246462
0.0,0.42148066
0.0,0.43817645
0.0,0.36484975
0.0,0.41016087
0.0,0.3777586
0.0,0.39834422
0.0,0.47301584
0.0,0.29882225
0.0,0.5204875
0.0,0.3812242
0.0,0.38308507
0.0,0.3812242
0.0,0.33474603
0.0,0.5271103
0.0,0.35212928
0.0,0.4970278
0.0,0.36475438
0.0,0.40867168
0.0,0.33108354
0.0,0.49504337
0.0,0.31940275
0.0,0.4055419
0.0,0.4564318
0.0,0.40847835
0.0,0.4055419
0.0,0.45433283
0.0,0.38458413
0.0,0.40517172
0.0,0.30402535
0.0,0.3351532
0.0,0.41210097
0.0,0.34378958
0.0,0.66674596
0.0,0.3202582
0.0,0.33291608
0.0,0.31001863
0.0,0.45533514
0.0,0.3067158
0.0,0.4422155
0.0,0.39840943
0.0,0.3980081
0.0,0.26700997
0.0,0.4043719
0.0,0.36261493
0.0,0.3294059
0.0,0.35321444
0.0,0.35001355
0.0,0.3998747
0.0,0.47113204
0.0,0.38764483
0.0,0.42757282
0.0,0.36794415
0.0,0.34015402
0.0,0.34015402
0.0,0.425098
0.0,0.39156836
0.0,0.33548817
0.0,0.3889443
0.0,0.40517172
0.0,0.49137545
0.0,0.38795853
0.0,0.3997299
0.0,0.33603173
0.0,0.4057921
0.0,0.43577775
0.0,0.42123976
0.0,0.42274004
0.0,0.40623298
0.0,0.3458889
0.0,0.4173215
0.0,0.31229246
0.0,0.30294576
0.0,0.3503777
0.0,0.31899333
0.0,0.29735854
0.0,0.38672704
0.0,0.36496407
0.0,0.3469462
0.0,0.40517172
0.0,0.40224776
0.0,0.3978833
0.0,0.35670847
0.0,0.36074227
0.0,0.4817327
0.0,0.47172084
0.0,0.33603173
0.0,0.4057921
0.0,0.30276364
0.0,0.34389573
0.0,0.40517172
0.0,0.46079993
0.0,0.34336346
0.0,0.4446117
0.0,0.2871259
0.0,0.34724587
0.0,0.31512815
0.0,0.3172093
0.0,0.39005455
0.0,0.4281424
0.0,0.4776616
0.0,0.51333916
0.0,0.39639047
0.0,0.32183832
0.0,0.3686474
0.0,0.3209343
0.0,0.33095518
0.0,0.28875118
0.0,0.34352547
0.0,0.35746232
0.0,0.39170927
0.0,0.38039783
0.0,0.3305603
0.0,0.39764088
0.0,0.30671877
0.0,0.36474752
0.0,0.3103134
0.0,0.3070168
0.0,0.33818787
0.0,0.3209796
0.0,0.31533068
0.0,0.3539734
0.0,0.31007767
0.0,0.4056707
0.0,0.30446336
0.0,0.340152
0.0,0.3124294
0.0,0.39433533
0.0,0.31914407
0.0,0.33263892
0.0,0.35492945
0.0,0.41397077
0.0,0.31768876
0.0,0.3290308
0.0,0.2909502
0.0,0.30117506
0.0,0.31784818
0.0,0.40423617
0.0,0.334157
0.0,0.32954493
0.0,0.34115198
0.0,0.42378777
0.0,0.30108565
0.0,0.32521996
0.0,0.2940708
0.0,0.33790207
0.0,0.2967791
0.0,0.3068653
0.0,0.36866683
0.0,0.37205008
0.0,0.35653108
0.0,0.3689157
0.0,0.3578603
0.0,0.3578603
0.0,0.3410926
0.0,0.32350552
0.0,0.31526965
0.0,0.3454876
0.0,0.3402753
0.0,0.3763787
0.0,0.33340043
0.0,0.40786368
0.0,0.3137837
0.0,0.31696582
0.0,0.35283062
0.0,0.37679535
0.0,0.44821987
0.0,0.2959548
0.0,0.31962124
0.0,0.41391453
0.0,0.32302308
0.0,0.41042203
0.0,0.3467256
0.0,0.32713357
0.0,0.3047855
0.0,0.4417522
0.0,0.31831914
0.0,0.3412957
0.0,0.31650725
0.0,0.34579453
0.0,0.3323704
0.0,0.43493804
0.0,0.34841245
0.0,0.49009824
0.0,0.45575422
0.0,0.39672714
0.0,0.35115924
0.0,0.4055419
0.0,0.47947598
0.0,0.3294059
0.0,0.33333102
0.0,0.35766116
0.0,0.3458889
0.0,0.440936
0.0,0.26088205
0.0,0.484574
0.0,0.3290326
0.0,0.32853022
0.0,0.32404953
0.0,0.42341524
0.0,0.4324716
0.0,0.44729584
0.0,0.3458889
0.0,0.47209257
0.0,0.32830262
0.0,0.3613486
0.0,0.41084495
0.0,0.3677388
0.0,0.37368688
0.0,0.3458889
0.0,0.405723
0.0,0.40009364
0.0,0.38197526
0.0,0.40517172
0.0,0.4045666
0.0,0.26975742
0.0,0.3323396
0.0,0.21307902
0.0,0.33670726
0.0,0.293119
0.0,0.34333557
0.0,0.29046065
0.0,0.2590657
0.0,0.28586882
0.0,0.25036186
0.0,0.2919542
0.0,0.23703384
0.0,0.22302265
0.0,0.32566005
0.0,0.32727093
0.0,0.22305958
0.0,0.283571
0.0,0.28303522
0.0,0.29047754
0.0,0.26095095
0.0,0.2529098
0.0,0.2517927
0.0,0.25988218
0.0,0.26731342
0.0,0.26741272
0.0,0.27339038
0.0,0.27872652
0.0,0.22133808
0.0,0.22646746
0.0,0.32494497
0.0,0.25489932
0.0,0.28040308
0.0,0.23426232
0.0,0.24294
0.0,0.23280115
0.0,0.23299405
0.0,0.24191956
0.0,0.24624875
0.0,0.22127941
0.0,0.2438874
0.0,0.24264327
0.0,0.24366483
0.0,0.24914631
0.0,0.26066828
0.0,0.19317982
0.0,0.24017206
0.0,0.18726783
0.0,0.22528407
0.0,0.27573475
0.0,0.26857242
0.0,0.22644977
0.0,0.23084824
0.0,0.23262572
0.0,0.2372082
0.0,0.23791797
0.0,0.24229455
0.0,0.24379256
0.0,0.24706599
0.0,0.25114447
0.0,0.25389504
0.0,0.24539104
0.0,0.26044574
0.0,0.2609098
0.0,0.27014574
0.0,0.26797676
0.0,0.27045584
0.0,0.2836927
0.0,0.28618318
0.0,0.2687685
0.0,0.22844657
0.0,0.2170622
0.0,0.288052
0.0,0.28943714
0.0,0.2629281
0.0,0.2327396
0.0,0.24383958
0.0,0.26160592
0.0,0.22813301
0.0,0.23838595
0.0,0.24451943
0.0,0.25027424
0.0,0.24353819
0.0,0.26440254
0.0,0.262008
0.0,0.26975638
0.0,0.2649459
0.0,0.35351044
0.0,0.23077688
0.0,0.2575459
0.0,0.22703227
0.0,0.2277124
0.0,0.24953303
0.0,0.2462463
0.0,0.2470139
0.0,0.23610544
0.0,0.3218327
0.0,0.44946727
0.0,0.34717155
0.0,0.41464424
0.0,0.3026185
0.0,0.42175564
0.0,0.2886661
0.0,0.4254397
0.0,0.2962324
0.0,0.4001349
0.0,0.342207
0.0,0.38319468
0.0,0.3321177
0.0,0.34400254
0.0,0.40517172
0.0,0.45627862
0.0,0.30881423
0.0,0.45231128
0.0,0.51283365
0.0,0.44905043
0.0,0.46879888
0.0,0.41260767
0.0,0.36993942
0.0,0.30655092
0.0,0.3803083
0.0,0.38819942
0.0,0.32196826
0.0,0.479491
0.0,0.38652003
0.0,0.3995226
0.0,0.35321444
0.0,0.41630787
0.0,0.4347136
0.0,0.4055419
0.0,0.408453
0.0,0.29242602
0.0,0.47070193
0.0,0.4387439
0.0,0.36270192
0.0,0.3996138
0.0,0.3019548
0.0,0.40278935
0.0,0.32059354
0.0,0.4055419
0.0,0.45785528
0.0,0.40002394
0.0,0.3907349
0.0,0.38060403
0.0,0.44658312
0.0,0.35001355
0.0,0.3747913
0.0,0.38657886
0.0,0.3306667
0.0,0.3453536
0.0,0.40517172
0.0,0.35670847
0.0,0.3047509
0.0,0.40517172
0.0,0.340582
0.0,0.3205251
0.0,0.32961208
0.0,0.40517172
0.0,0.30276364
0.0,0.44417334
0.0,0.3306667
0.0,0.34846
0.0,0.27264518
0.0,0.3302838
0.0,0.3469462
0.0,0.31229246
0.0,0.3294059
0.0,0.35321444
0.0,0.35001355
0.0,0.3998747
0.0,0.40517172
0.0,0.3458889
0.0,0.35201246
0.0,0.35663483
0.0,0.40271902
0.0,0.4125944
0.0,0.46752748
0.0,0.33548817
0.0,0.41630787
0.0,0.38653064
0.0,0.30294576
0.0,0.35487947
0.0,0.32549098
0.0,0.41090384
0.0,0.33791608
0.0,0.37101674
0.0,0.4757398
0.0,0.3776077
0.0,0.3663954
0.0,0.40309376
0.0,0.27050766
0.0,0.3290468
0.0,0.34376794
0.0,0.344314
0.0,0.3364502
0.0,0.4047709
0.0,0.31849307
0.0,0.33691353
0.0,0.3974477
0.0,0.3970938
0.0,0.4162007
0.0,0.3399629
0.0,0.4612599
0.0,0.33179086
0.0,0.36022717
0.0,0.39294416
0.0,0.38794357
0.0,0.36885482
0.0,0.6642153
0.0,0.32708365
0.0,0.4238358
0.0,0.55222136
0.0,0.2806812
0.0,0.30685672
0.0,0.35155964
0.0,0.43891725
0.0,0.3070612
0.0,0.31449836
0.0,0.5033932
0.0,0.37751347
0.0,0.4789222
0.0,0.42385754
0.0,0.5061889
0.0,0.4055419
0.0,0.4857107
0.0,0.5249996
0.0,0.46569175
0.0,0.48803073
0.0,0.38663143
0.0,0.39155513
0.0,0.3458889
0.0,0.4046518
0.0,0.31484416
0.0,0.34519345
0.0,0.40517172
0.0,0.3937376
0.0,0.35930726
0.0,0.30786318
0.0,0.39962727
0.0,0.36717016
0.0,0.29088956
0.0,0.40517172
0.0,0.44478846
0.0,0.32490736
0.0,0.40517172
0.0,0.37205097
0.0,0.3072948
0.0,0.4482945
0.0,0.38279298
0.0,0.3873023
0.0,0.4055419
0.0,0.5734089
0.0,0.35855752
0.0,0.4055419
0.0,0.41692987
0.0,0.305655
0.0,0.42383718
0.0,0.3998747
0.0,0.43443093
0.0,0.4042824
0.0,0.46139598
0.0,0.5454984
0.0,0.4896036
0.0,0.34588894
0.0,0.38653064
0.0,0.33055466
0.0,0.34889245
0.0,0.45159635
0.0,0.32840452
0.0,0.33645406
0.0,0.4889392
0.0,0.34884244
0.0,0.36162943
0.0,0.4023408
0.0,0.40065917
0.0,0.40097412
0.0,0.40517172
0.0,0.40088597
0.0,0.36090204
0.0,0.48799238
0.0,0.34104183
0.0,0.48961896
0.0,0.34731683
0.0,0.3545458
0.0,0.3792618
0.0,0.36393172
0.0,0.3820901
0.0,0.4055419
0.0,0.4259777
0.0,0.4163103
0.0,0.4055419
0.0,0.4673902
0.0,0.35973418
0.0,0.3919832
0.0,0.3995934
0.0,0.3458889
0.0,0.37840512
0.0,0.4055419
0.0,0.47640148
0.0,0.3049369
0.0,0.4055419
0.0,0.42930394
0.0,0.44685555
0.0,0.34007254
0.0,0.42133102
0.0,0.3787417
0.0,0.40790996
0.0,0.3840677
0.0,0.3032306
0.0,0.4581542
0.0,0.40460706
0.0,0.51635206
0.0,0.3714114
0.0,0.40517172
0.0,0.46585718
0.0,0.32834548
0.0,0.40517172
0.0,0.40261525
0.0,0.3997299
0.0,0.33603173
0.0,0.39645407
0.0,0.28530684
0.0,0.34782377
0.0,0.29695743
0.0,0.29997987
0.0,0.39005455
0.0,0.32143134
0.0,0.40517172
0.0,0.399286
0.0,0.37420115
0.0,0.33603173
0.0,0.39645407
0.0,0.34482703
0.0,0.34812865
0.0,0.3458889
0.0,0.4841373
0.0,0.3285342
0.0,0.30550495
0.0,0.40517172
0.0,0.38906437
0.0,0.36379918
0.0,0.53687835
0.0,0.3989845
0.0,0.38096672
0.0,0.3220702
0.0,0.37382823
0.0,0.32135493
0.0,0.4310453
0.0,0.33864242
0.0,0.4439946
0.0,0.38929117
0.0,0.36132544
0.0,0.3865348
0.0,0.42876068
0.0,0.3999547
0.0,0.3937284
0.0,0.35258684
0.0,0.36574128
0.0,0.3320555
0.0,0.520393
0.0,0.25494105
0.0,0.3777586
0.0,0.3194305
0.0,0.5026008
0.0,0.2993424
0.0,0.5511846
0.0,0.36001593
0.0,0.3988731
0.0,0.38036594
0.0,0.43299618
0.0,0.32528448
0.0,0.32528448
0.0,0.36797318
0.0,0.32117772
0.0,0.54593664
0.0,0.31007135
0.0,0.4055419
0.0,0.42371494
0.0,0.30887944
0.0,0.38096672
0.0,0.3352632
0.0,0.40668756
0.0,0.2835304
0.0,0.43918458
0.0,0.33813196
0.0,0.43270174
0.0,0.34248003
0.0,0.43562976
0.0,0.41277903
0.0,0.45881334
0.0,0.34663185
0.0,0.40517172
0.0,0.36584988
0.0,0.43101183
0.0,0.40517172
0.0,0.3877012
0.0,0.28439993
0.0,0.33347648
0.0,0.35075656
0.0,0.35779136
0.0,0.33205062
0.0,0.30222383
0.0,0.3521563
0.0,0.49003714
0.0,0.26468125
0.0,0.3081593
0.0,0.31830093
0.0,0.36099604
0.0,0.3795012
0.0,0.46950406
0.0,0.30845645
0.0,0.374931
0.0,0.39655638
0.0,0.32224527
0.0,0.3808502
0.0,0.32345754
0.0,0.36758214
0.0,0.44003248
0.0,0.26877823
0.0,0.48372927
0.0,0.34597182
0.0,0.32874125
0.0,0.34597182
0.0,0.3019446
0.0,0.4165221
0.0,0.32425237
0.0,0.4048637
0.0,0.33217758
0.0,0.36561042
0.0,0.29386926
0.0,0.48335138
0.0,0.2737326
0.0,0.3521563
0.0,0.41948777
0.0,0.37207112
0.0,0.3521563
0.0,0.42172116
0.0,0.3474579
0.0,0.35779136
0.0,0.24813938
0.0,0.2972862
0.0,0.35197696
0.0,0.31507525
0.0,0.6273169
0.0,0.2900586
0.0,0.26046434
0.0,0.28117472
0.0,0.435857
0.0,0.27512723
0.0,0.40781125
0.0,0.35520825
0.0,0.34097373
0.0,0.22782071
0.0,0.3414948
0.0,0.29887813
0.0,0.29181162
0.0,0.3019537
0.0,0.3081954
0.0,0.36257136
0.0,0.42594153
0.0,0.33940014
0.0,0.39333707
0.0,0.3188586
0.0,0.2902001
0.0,0.2902001
0.0,0.36231562
0.0,0.34545958
0.0,0.28199762
0.0,0.31533313
0.0,0.35779136
0.0,0.21238962
0.0,0.3472976
0.0,0.35652724
0.0,0.29737672
0.0,0.36604512
0.0,0.3916518
0.0,0.39765152
0.0,0.39764646
0.0,0.38578606
0.0,0.31917247
0.0,0.3835558
0.0,0.2791768
0.0,0.2533091
0.0,0.30601773
0.0,0.2814285
0.0,0.26472622
0.0,0.35074902
0.0,0.32961884
0.0,0.31300783
0.0,0.35779136
0.0,0.36048326
0.0,0.35850814
0.0,0.31900388
0.0,0.31765217
0.0,0.45507187
0.0,0.4332117
0.0,0.29737672
0.0,0.36604512
0.0,0.25566435
0.0,0.31472832
0.0,0.35779136
0.0,0.4077711
0.0,0.2988069
0.0,0.38987622
0.0,0.2536795
0.0,0.29830238
0.0,0.2789967
0.0,0.28115717
0.0,0.35099104
0.0,0.111868285
0.0,0.45244426
0.0,0.4458708
0.0,0.3513447
0.0,0.29026446
0.0,0.32264858
0.0,0.29158863
0.0,0.2923711
0.0,0.25711092
0.0,0.30125666
0.0,0.32496774
0.0,0.3631819
0.0,0.3415589
0.0,0.2910809
0.0,0.36363536
0.0,0.27632067
0.0,0.32555142
0.0,0.27835777
0.0,0.27473283
0.0,0.3082423
0.0,0.2905104
0.0,0.28083512
0.0,0.31795508
0.0,0.28047997
0.0,0.36691564
0.0,0.27621394
0.0,0.3049086
0.0,0.28143874
0.0,0.34433573
0.0,0.29140663
0.0,0.2957028
0.0,0.32096273
0.0,0.36506927
0.0,0.28684545
0.0,0.29589564
0.0,0.25840068
0.0,0.265243
0.0,0.28646937
0.0,0.3614493
0.0,0.29995194
0.0,0.29458588
0.0,0.3048579
0.0,0.36651704
0.0,0.27151045
0.0,0.28913927
0.0,0.26619977
0.0,0.2972147
0.0,0.26734304
0.0,0.27059767
0.0,0.33298165
0.0,0.33673826
0.0,0.32220334
0.0,0.33490032
0.0,0.32453513
0.0,0.32453513
0.0,0.29783562
0.0,0.29348722
0.0,0.28356054
0.0,0.30915537
0.0,0.30133754
0.0,0.34349886
0.0,0.29829597
0.0,0.36652175
0.0,0.28280485
0.0,0.28140208
0.0,0.31078526
0.0,0.3322143
0.0,0.42025012
0.0,0.26314005
0.0,0.28379202
0.0,0.39393267
0.0,0.2879897
0.0,0.35851938
0.0,0.31264606
0.0,0.2900993
0.0,0.27343786
0.0,0.3910083
0.0,0.2887643
0.0,0.30338112
0.0,0.28964922
0.0,0.30630535
0.0,0.29646665
0.0,0.3869366
0.0,0.31251332
0.0,0.44961104
0.0,0.37308037
0.0,0.36258146
0.0,0.32217282
0.0,0.3521563
0.0,0.4498516
0.0,0.29181162
0.0,0.2964209
0.0,0.3201511
0.0,0.31917247
0.0,0.39106983
0.0,0.201475
0.0,0.44571024
0.0,0.28088433
0.0,0.2936392
0.0,0.2886769
0.0,0.3984055
0.0,0.40624866
0.0,0.4204119
0.0,0.31917247
0.0,0.4418552
0.0,0.29328507
0.0,0.32743555
0.0,0.37911716
0.0,0.3346726
0.0,0.33940643
0.0,0.31917247
0.0,0.36448383
0.0,0.36860824
0.0,0.34468222
0.0,0.35779136
0.0,0.35078305
0.0,0.21837106
0.0,0.27577823
0.0,0.17357442
0.0,0.28009325
0.0,0.24405074
0.0,0.28611025
0.0,0.24462135
0.0,0.21124732
0.0,0.23581651
0.0,0.20598269
0.0,0.24216323
0.0,0.19673058
0.0,0.18396698
0.0,0.27022886
0.0,0.2715338
0.0,0.18447688
0.0,0.24398151
0.0,0.25087968
0.0,0.2559371
0.0,0.22033282
0.0,0.21391468
0.0,0.21102972
0.0,0.21934986
0.0,0.23046298
0.0,0.22801933
0.0,0.23313865
0.0,0.23921335
0.0,0.18182549
0.0,0.18645296
0.0,0.27240044
0.0,0.20440125
0.0,0.2325736
0.0,0.1844529
0.0,0.19888899
0.0,0.18758976
0.0,0.187234
0.0,0.19782755
0.0,0.19994888
0.0,0.18171316
0.0,0.19838879
0.0,0.19687943
0.0,0.19222133
0.0,0.20046344
0.0,0.20583144
0.0,0.15533724
0.0,0.19787976
0.0,0.14915738
0.0,0.18500884
0.0,0.22862506
0.0,0.22202384
0.0,0.18650004
0.0,0.18933827
0.0,0.19075751
0.0,0.19537611
0.0,0.19597803
0.0,0.19947436
0.0,0.20054968
0.0,0.20308645
0.0,0.20689984
0.0,0.2129151
0.0,0.20452133
0.0,0.22290996
0.0,0.22253147
0.0,0.23265214
0.0,0.22435763
0.0,0.22759373
0.0,0.24603696
0.0,0.2507922
0.0,0.228322
0.0,0.19150105
0.0,0.178093
0.0,0.24122557
0.0,0.24357939
0.0,0.22491524
0.0,0.19403778
0.0,0.20301008
0.0,0.21883893
0.0,0.18464403
0.0,0.19010255
0.0,0.1949615
0.0,0.195496
0.0,0.19252014
0.0,0.2174218
0.0,0.21201888
0.0,0.22234991
0.0,0.21498623
0.0,0.28485116
0.0,0.18638203
0.0,0.21127307
0.0,0.18179393
0.0,0.18231168
0.0,0.19964762
0.0,0.19572172
0.0,0.19637099
0.0,0.18674442
0.0,0.28612605
0.0,0.41410264
0.0,0.3126766
0.0,0.37783924
0.0,0.2704072
0.0,0.38629392
0.0,0.25874242
0.0,0.37928507
0.0,0.2682161
0.0,0.3719024
0.0,0.3088182
0.0,0.32842553
0.0,0.29697776
0.0,0.3111764
0.0,0.35779136
0.0,0.4135538
0.0,0.27400175
0.0,0.39913815
0.0,0.44919586
0.0,0.4271961
0.0,0.42154837
0.0,0.34816092
0.0,0.33518842
0.0,0.26978335
0.0,0.33460447
0.0,0.33198512
0.0,0.29068145
0.0,0.43778378
0.0,0.3462364
0.0,0.36156112
0.0,0.3019537
0.0,0.35894704
0.0,0.37874168
0.0,0.3521563
0.0,0.37431917
0.0,0.26686335
0.0,0.4506535
0.0,0.38472778
0.0,0.32831883
0.0,0.34776178
0.0,0.27271947
0.0,0.3678127
0.0,0.2834423
0.0,0.3521563
0.0,0.42563874
0.0,0.35353675
0.0,0.36422324
0.0,0.330717
0.0,0.41708755
0.0,0.3081954
0.0,0.33772668
0.0,0.30678934
0.0,0.2913115
0.0,0.31312355
0.0,0.35779136
0.0,0.31900388
0.0,0.2696796
0.0,0.35779136
0.0,0.29168534
0.0,0.27219567
0.0,0.28651652
0.0,0.35779136
0.0,0.25566435
0.0,0.4193476
0.0,0.2913115
0.0,0.29915452
0.0,0.23818135
0.0,0.28298813
0.0,0.31300783
0.0,0.2791768
0.0,0.29181162
0.0,0.3019537
0.0,0.3081954
0.0,0.36257136
0.0,0.35779136
0.0,0.31917247
0.0,0.31106788
0.0,0.31559834
0.0,0.37501773
0.0,0.37056312
0.0,0.44192973
0.0,0.28199762
0.0,0.35894704
0.0,0.35544664
0.0,0.2533091
0.0,0.30426863
0.0,0.27932325
0.0,0.36151433
0.0,0.30241114
0.0,0.33414003
0.0,0.43360138
0.0,0.3427248
0.0,0.32834363
0.0,0.35398445
0.0,0.23827314
0.0,0.29276642
0.0,0.3022185
0.0,0.30112234
0.0,0.29952264
0.0,0.34662828
0.0,0.28341538
0.0,0.28514713
0.0,0.37339163
0.0,0.36058652
0.0,0.371138
0.0,0.28816816
0.0,0.40262324
0.0,0.2880227
0.0,0.32318437
0.0,0.3372888
0.0,0.3441902
0.0,0.3279745
0.0,0.5377559
0.0,0.2809977
0.0,0.3719632
0.0,0.5297341
0.0,0.24807791
0.0,0.27176267
0.0,0.30219203
0.0,0.392913
0.0,0.2584339
0.0,0.27268586
0.0,0.44757786
0.0,0.33100778
0.0,0.43270254
0.0,0.3784151
0.0,0.48064288
0.0,0.3521563
0.0,0.43865404
0.0,0.4944622
0.0,0.40361366
0.0,0.43432623
0.0,0.36094117
0.0,0.37146682
0.0,0.31917247
0.0,0.36206037
0.0,0.27813178
0.0,0.3077414
0.0,0.35779136
0.0,0.3424186
0.0,0.32722607
0.0,0.2758492
0.0,0.3630558
0.0,0.3313186
0.0,0.25591952
0.0,0.35779136
0.0,0.40765804
0.0,0.28866285
0.0,0.35779136
0.0,0.34060025
0.0,0.25594294
0.0,0.42209822
0.0,0.34584466
0.0,0.34754953
0.0,0.3521563
0.0,0.5006379
0.0,0.3222279
0.0,0.3521563
0.0,0.3848307
0.0,0.2755821
0.0,0.39225876
0.0,0.36257136
0.0,0.40164343
0.0,0.33167475
0.0,0.42601842
0.0,0.53608143
0.0,0.43894464
0.0,0.3136364
0.0,0.35544664
0.0,0.2895214
0.0,0.30685878
0.0,0.41146582
0.0,0.28619605
0.0,0.29168886
0.0,0.41504756
0.0,0.31250182
0.0,0.32455263
0.0,0.35795993
0.0,0.35853606
0.0,0.3743255
0.0,0.35779136
0.0,0.3381369
0.0,0.31513488
0.0,0.4620987
0.0,0.30801994
0.0,0.47158232
0.0,0.3153702
0.0,0.298912
0.0,0.33737874
0.0,0.29772347
0.0,0.34038848
0.0,0.3521563
0.0,0.39523923
0.0,0.38357
0.0,0.3521563
0.0,0.44445997
0.0,0.33739036
0.0,0.36347932
0.0,0.37111473
0.0,0.31917247
0.0,0.34084994
0.0,0.3521563
0.0,0.4593114
0.0,0.27435812
0.0,0.3521563
0.0,0.40484047
0.0,0.4042743
0.0,0.31620854
0.0,0.37736002
0.0,0.34968254
0.0,0.36146337
0.0,0.3421797
0.0,0.27420422
0.0,0.4298009
0.0,0.37208948
0.0,0.5100862
0.0,0.33231157
0.0,0.35779136
0.0,0.42525607
0.0,0.28770518
0.0,0.35779136
0.0,0.36158875
0.0,0.35652724
0.0,0.29737672
0.0,0.3571064
0.0,0.254297
0.0,0.30255395
0.0,0.26131982
0.0,0.26437315
0.0,0.35099104
0.0,0.2873534
0.0,0.35779136
0.0,0.36623523
0.0,0.3354852
0.0,0.29737672
0.0,0.3571064
0.0,0.3090549
0.0,0.30737597
0.0,0.31917247
0.0,0.39537707
0.0,0.29295143
0.0,0.26707855
0.0,0.35779136
0.0,0.3517665
0.0,0.3348404
0.0,0.44505253
0.0,0.37249947
0.0,0.34655538
0.0,0.29028416
0.0,0.33790538
0.0,0.28424698
0.0,0.40575162
0.0,0.30446023
0.0,0.4207436
0.0,0.35280642
0.0,0.32775575
0.0,0.35372263
0.0,0.38313192
0.0,0.3687424
0.0,0.3547026
0.0,0.31800544
0.0,0.32845408
0.0,0.29338333
0.0,0.47696027
0.0,0.21150379
0.0,0.32345754
0.0,0.28770608
0.0,0.49742135
0.0,0.27541107
0.0,0.4166697
0.0,0.3268839
0.0,0.35807723
0.0,0.3438356
0.0,0.3850431
0.0,0.2878489
0.0,0.2878489
0.0,0.33476835
0.0,0.28911346
0.0,0.5523344
0.0,0.2828769
0.0,0.3521563
0.0,0.37818706
0.0,0.28166962
0.0,0.34655538
0.0,0.31012064
0.0,0.3619736
0.0,0.24826618
0.0,0.41688687
0.0,0.30306464
0.0,0.40738034
0.0,0.30708855
0.0,0.4125147
0.0,0.37325484
0.0,0.43211278
0.0,0.31357697
0.0,0.35779136
0.0,0.299489
0.0,0.40892592
0.0,0.35779136
0.0,0.3561576
0.0,0.24913065
0.0,0.30380034
0.0,0.32418877
0.0,0.31647906
0.0,0.2986884
0.0,0.27068263
0.0,0.31800842
0.0,0.36300266
0.0,0.22507346
0.0,0.26378497
0.0,0.25967854
0.0,0.2983624
0.0,0.34578466
0.0,0.43893656
0.0,0.2683459
0.0,0.33280435
0.0,0.36864752
0.0,0.23409215
0.0,0.34632573
0.0,0.28570485
0.0,0.34103218
0.0,0.4130208
0.0,0.23974416
0.0,0.40774804
0.0,0.31087637
0.0,0.28644612
0.0,0.31087637
0.0,0.27191463
0.0,0.32194224
0.0,0.30385467
0.0,0.32108158
0.0,0.2942218
0.0,0.3381486
0.0,0.25716025
0.0,0.44696492
0.0,0.23287623
0.0,0.31800842
0.0,0.382721
0.0,0.33476955
0.0,0.31800842
0.0,0.385637
0.0,0.30820403
0.0,0.31647906
0.0,0.20958218
0.0,0.2704767
0.0,0.3068617
0.0,0.29041895
0.0,0.6517098
0.0,0.26753226
0.0,0.2156873
0.0,0.25858516
0.0,0.3931623
0.0,0.24873635
0.0,0.3478054
0.0,0.32054025
0.0,0.3094809
0.0,0.2045373
0.0,0.30548614
0.0,0.2637997
0.0,0.2602846
0.0,0.26247868
0.0,0.2750755
0.0,0.33370194
0.0,0.3952542
0.0,0.30861062
0.0,0.36712638
0.0,0.2901265
0.0,0.24721965
0.0,0.24721965
0.0,0.314279
0.0,0.2894494
0.0,0.24534142
0.0,0.30284187
0.0,0.31647906
0.0,0.022417407
0.0,0.31069833
0.0,0.31876585
0.0,0.2630721
0.0,0.32304737
0.0,0.36982313
0.0,0.36555368
0.0,0.37289712
0.0,0.35614786
0.0,0.28518125
0.0,0.34226567
0.0,0.25111458
0.0,0.22462407
0.0,0.2690924
0.0,0.25048223
0.0,0.24521573
0.0,0.31798762
0.0,0.29783124
0.0,0.28657657
0.0,0.31647906
0.0,0.3301844
0.0,0.31802577
0.0,0.28322536
0.0,0.28752342
0.0,0.43360367
0.0,0.40315866
0.0,0.2630721
0.0,0.32304737
0.0,0.21315055
0.0,0.28277004
0.0,0.31647906
0.0,0.37664104
0.0,0.2636211
0.0,0.36361092
0.0,0.23050432
0.0,0.26503462
0.0,0.25033757
0.0,0.25342178
0.0,0.32509354
0.0,0.16798255
0.0,0.4321313
0.0,0.42360973
0.0,0.3206845
0.0,0.26937285
0.0,0.28710914
0.0,0.27289128
0.0,0.26358578
0.0,0.23961861
0.0,0.27979845
0.0,0.29438952
0.0,0.32264203
0.0,0.30410874
0.0,0.26211992
0.0,0.32081473
0.0,0.25989532
0.0,0.29120976
0.0,0.26047784
0.0,0.24569917
0.0,0.2872611
0.0,0.26347917
0.0,0.2614538
0.0,0.28392
0.0,0.26246053
0.0,0.33244485
0.0,0.25878358
0.0,0.27837285
0.0,0.2610622
0.0,0.30230784
0.0,0.27664852
0.0,0.2653528
0.0,0.2972814
0.0,0.3253576
0.0,0.2714947
0.0,0.26646343
0.0,0.23870759
0.0,0.2387583
0.0,0.26436037
0.0,0.33130303
0.0,0.2772045
0.0,0.26124734
0.0,0.28016433
0.0,0.32903472
0.0,0.25346464
0.0,0.25978905
0.0,0.24523851
0.0,0.2765501
0.0,0.24972849
0.0,0.24148631
0.0,0.30224806
0.0,0.31350416
0.0,0.29834548
0.0,0.31204724
0.0,0.30309707
0.0,0.30309707
0.0,0.2534943
0.0,0.27353972
0.0,0.2545747
0.0,0.2797029
0.0,0.28112015
0.0,0.3142795
0.0,0.2699654
0.0,0.3362619
0.0,0.26397413
0.0,0.25335553
0.0,0.28455827
0.0,0.3026113
0.0,0.37796217
0.0,0.24506935
0.0,0.26513523
0.0,0.37010163
0.0,0.2676623
0.0,0.31500328
0.0,0.29009676
0.0,0.26066634
0.0,0.25170463
0.0,0.34354234
0.0,0.2646661
0.0,0.281581
0.0,0.2728404
0.0,0.28596598
0.0,0.27473283
0.0,0.34687942
0.0,0.28509244
0.0,0.4219777
0.0,0.38825804
0.0,0.31082422
0.0,0.29650137
0.0,0.31800842
0.0,0.42824015
0.0,0.2602846
0.0,0.26425967
0.0,0.2893681
0.0,0.28518125
0.0,0.35330433
0.0,0.14414401
0.0,0.40702844
0.0,0.24935515
0.0,0.27212724
0.0,0.26003855
0.0,0.40200058
0.0,0.37592086
0.0,0.3988441
0.0,0.28518125
0.0,0.41149935
0.0,0.26246673
0.0,0.30793366
0.0,0.33753595
0.0,0.30932674
0.0,0.30498695
0.0,0.28518125
0.0,0.320776
0.0,0.334231
0.0,0.2980145
0.0,0.31647906
0.0,0.3281679
0.0,0.18892929
0.0,0.23537579
0.0,0.1462738
0.0,0.24094339
0.0,0.207014
0.0,0.24484834
0.0,0.21496496
0.0,0.17212722
0.0,0.19415298
0.0,0.17707069
0.0,0.20586996
0.0,0.1686699
0.0,0.15620059
0.0,0.2315655
0.0,0.23248787
0.0,0.15824243
0.0,0.20966306
0.0,0.22342508
0.0,0.22969441
0.0,0.19232468
0.0,0.18440163
0.0,0.1834676
0.0,0.19201554
0.0,0.20597067
0.0,0.2013441
0.0,0.20061198
0.0,0.20511064
0.0,0.15587187
0.0,0.15911365
0.0,0.22848323
0.0,0.16760388
0.0,0.19438994
0.0,0.14585748
0.0,0.16352323
0.0,0.15343837
0.0,0.15239081
0.0,0.16564241
0.0,0.16397242
0.0,0.15534082
0.0,0.16291903
0.0,0.1610301
0.0,0.15078864
0.0,0.16444087
0.0,0.16809087
0.0,0.12760997
0.0,0.16844583
0.0,0.12175628
0.0,0.15399715
0.0,0.18702415
0.0,0.18181343
0.0,0.15942329
0.0,0.15877476
0.0,0.15985075
0.0,0.16567162
0.0,0.16636108
0.0,0.16989593
0.0,0.17060813
0.0,0.17299497
0.0,0.1770374
0.0,0.18628289
0.0,0.17661914
0.0,0.19605523
0.0,0.19615763
0.0,0.20549831
0.0,0.19067699
0.0,0.19431674
0.0,0.21227694
0.0,0.2201601
0.0,0.20235136
0.0,0.16591194
0.0,0.15195684
0.0,0.21285054
0.0,0.21540053
0.0,0.19891922
0.0,0.16880968
0.0,0.17529203
0.0,0.19040099
0.0,0.15131138
0.0,0.15134157
0.0,0.15484147
0.0,0.15542719
0.0,0.15309091
0.0,0.17721505
0.0,0.17607658
0.0,0.18633743
0.0,0.17859791
0.0,0.24982181
0.0,0.15303043
0.0,0.17476404
0.0,0.1479078
0.0,0.14833969
0.0,0.16352153
0.0,0.15945181
0.0,0.1600007
0.0,0.14867148
0.0,0.2606073
0.0,0.38319987
0.0,0.2813823
0.0,0.3464505
0.0,0.24643627
0.0,0.35988134
0.0,0.2366496
0.0,0.33039975
0.0,0.24826483
0.0,0.34808946
0.0,0.28323275
0.0,0.2897101
0.0,0.26658106
0.0,0.2830785
0.0,0.31647906
0.0,0.38784623
0.0,0.24694672
0.0,0.3578816
0.0,0.33801422
0.0,0.40666112
0.0,0.39565453
0.0,0.29116276
0.0,0.30529302
0.0,0.24015847
0.0,0.2924592
0.0,0.29906923
0.0,0.26165205
0.0,0.4199757
0.0,0.31775385
0.0,0.33366284
0.0,0.26247868
0.0,0.32714638
0.0,0.35182467
0.0,0.31800842
0.0,0.31470442
0.0,0.24376073
0.0,0.38824672
0.0,0.3242231
0.0,0.29766375
0.0,0.305128
0.0,0.24931756
0.0,0.33587056
0.0,0.25325578
0.0,0.31800842
0.0,0.40214768
0.0,0.31721252
0.0,0.32713768
0.0,0.29078075
0.0,0.27212915
0.0,0.2750755
0.0,0.31257397
0.0,0.21846762
0.0,0.2587904
0.0,0.29226035
0.0,0.31647906
0.0,0.28322536
0.0,0.24376969
0.0,0.31647906
0.0,0.25553408
0.0,0.2204608
0.0,0.2529294
0.0,0.31647906
0.0,0.21315055
0.0,0.39379328
0.0,0.2587904
0.0,0.26249012
0.0,0.21378437
0.0,0.24652848
0.0,0.28657657
0.0,0.25111458
0.0,0.2602846
0.0,0.26247868
0.0,0.2750755
0.0,0.33370194
0.0,0.31647906
0.0,0.28518125
0.0,0.26354676
0.0,0.27981275
0.0,0.34129924
0.0,0.33876902
0.0,0.41048998
0.0,0.24534142
0.0,0.32714638
0.0,0.33269295
0.0,0.22462407
0.0,0.26908514
0.0,0.24759726
0.0,0.3318712
0.0,0.2766868
0.0,0.30743903
0.0,0.40015426
0.0,0.31346703
0.0,0.3013305
0.0,0.3227759
0.0,0.21433957
0.0,0.2604003
0.0,0.2716124
0.0,0.27375865
0.0,0.2663115
0.0,0.3127206
0.0,0.2582428
0.0,0.25090212
0.0,0.34958977
0.0,0.3332321
0.0,0.33755213
0.0,0.25075975
0.0,0.290896
0.0,0.2595599
0.0,0.29498917
0.0,0.30407432
0.0,0.30339903
0.0,0.2923829
0.0,0.36070687
0.0,0.23335114
0.0,0.33512732
0.0,0.485905
0.0,0.22415867
0.0,0.24366519
0.0,0.2732115
0.0,0.36977607
0.0,0.21838641
0.0,0.22810635
0.0,0.40116683
0.0,0.294386
0.0,0.39421135
0.0,0.3337723
0.0,0.45564684
0.0,0.31800842
0.0,0.40596765
0.0,0.4752644
0.0,0.36066785
0.0,0.40354258
0.0,0.3303859
0.0,0.34229335
0.0,0.28518125
0.0,0.32919642
0.0,0.24619034
0.0,0.27623746
0.0,0.31647906
0.0,0.2985388
0.0,0.30711314
0.0,0.24837354
0.0,0.322313
0.0,0.29591462
0.0,0.23526469
0.0,0.31647906
0.0,0.35902265
0.0,0.26702118
0.0,0.31647906
0.0,0.30884403
0.0,0.23020239
0.0,0.39882943
0.0,0.3111228
0.0,0.31200606
0.0,0.31800842
0.0,0.35318324
0.0,0.27882653
0.0,0.31800842
0.0,0.3436976
0.0,0.25437704
0.0,0.36532298
0.0,0.33370194
0.0,0.35986462
0.0,0.22244923
0.0,0.37656552
0.0,0.5262309
0.0,0.3901093
0.0,0.29366285
0.0,0.33269295
0.0,0.26052937
0.0,0.2755056
0.0,0.3825956
0.0,0.2536437
0.0,0.25813127
0.0,0.37481147
0.0,0.28207818
0.0,0.29321423
0.0,0.29166883
0.0,0.3023676
0.0,0.34053704
0.0,0.31647906
0.0,0.30250272
0.0,0.26592132
0.0,0.4404394
0.0,0.2817478
0.0,0.45081085
0.0,0.29645506
0.0,0.261882
0.0,0.30081823
0.0,0.24891177
0.0,0.30166978
0.0,0.31800842
0.0,0.349199
0.0,0.34841174
0.0,0.31800842
0.0,0.38551977
0.0,0.29997662
0.0,0.3342603
0.0,0.33493927
0.0,0.28518125
0.0,0.3046313
0.0,0.31800842
0.0,0.41298598
0.0,0.24668145
0.0,0.31800842
0.0,0.34858084
0.0,0.36274022
0.0,0.28916648
0.0,0.34191036
0.0,0.31971562
0.0,0.31676024
0.0,0.3139124
0.0,0.25603867
0.0,0.36779264
0.0,0.33245865
0.0,0.4386011
0.0,0.28841126
0.0,0.31647906
0.0,0.3837455
0.0,0.24630718
0.0,0.31647906
0.0,0.33269864
0.0,0.31876585
0.0,0.2630721
0.0,0.31824273
0.0,0.22725888
0.0,0.27326024
0.0,0.22575252
0.0,0.24077463
0.0,0.32509354
0.0,0.24895044
0.0,0.31647906
0.0,0.33366123
0.0,0.3001091
0.0,0.2630721
0.0,0.31824273
0.0,0.27846313
0.0,0.27560806
0.0,0.28518125
0.0,0.32596248
0.0,0.26108688
0.0,0.23717335
0.0,0.31647906
0.0,0.3119612
0.0,0.30519885
0.0,0.37294045
0.0,0.3459536
0.0,0.3146247
0.0,0.27019486
0.0,0.3033661
0.0,0.25849885
0.0,0.37662062
0.0,0.27918053
0.0,0.39318442
0.0,0.32556063
0.0,0.29807127
0.0,0.32035634
0.0,0.31432527
0.0,0.32787743
0.0,0.32015863
0.0,0.28359216
0.0,0.29708302
0.0,0.26965582
0.0,0.445117
0.0,0.18175755
0.0,0.28570485
0.0,0.25554767
0.0,0.46840054
0.0,0.25351003
0.0,0.25645274
0.0,0.2976132
0.0,0.3231289
0.0,0.3134041
0.0,0.34535766
0.0,0.2491444
0.0,0.2491444
0.0,0.30930695
0.0,0.26374802
0.0,0.5515639
0.0,0.25763088
0.0,0.31800842
0.0,0.35324955
0.0,0.25598168
0.0,0.3146247
0.0,0.29176006
0.0,0.3222698
0.0,0.22815618
0.0,0.3687307
0.0,0.2836817
0.0,0.36013067
0.0,0.27482274
0.0,0.3843477
0.0,0.33496946
0.0,0.38825023
0.0,0.2797938
0.0,0.31647906
0.0,0.24977191
0.0,0.35458845
0.0,0.31647906
0.0,0.32808775
0.0,0.2063736
0.0,0.2639749
0.0,0.28392524
0.0,0.26997843
0.0,0.2519449
0.0,0.23514438
0.0,0.28086877
0.0,0.20325787
0.0,0.17788948
0.0,0.22497793
0.0,0.16730241
0.0,0.22879057
0.0,0.3047731
0.0,0.3898185
0.0,0.23217122
0.0,0.26177216
0.0,0.33613294
0.0,0.13671619
0.0,0.2990471
0.0,0.25436202
0.0,0.3048988
0.0,0.37704137
0.0,0.20880926
0.0,0.27693444
0.0,0.25869912
0.0,0.2552865
0.0,0.25869912
0.0,0.2419858
0.0,0.23581223
0.0,0.27873844
0.0,0.2528636
0.0,0.2707747
0.0,0.31551057
0.0,0.21440384
0.0,0.3538312
0.0,0.18876879
0.0,0.28086877
0.0,0.33204895
0.0,0.29530355
0.0,0.28086877
0.0,0.3239643
0.0,0.25297496
0.0,0.26997843
0.0,0.1756697
0.0,0.23622231
0.0,0.2668931
0.0,0.25417343
0.0,0.5672264
0.0,0.22325763
0.0,0.18658093
0.0,0.22841528
0.0,0.32569468
0.0,0.22226569
0.0,0.29295617
0.0,0.27710083
0.0,0.26360545
0.0,0.18027587
0.0,0.2611204
0.0,0.2290103
0.0,0.22723445
0.0,0.22567599
0.0,0.24880548
0.0,0.30237737
0.0,0.34373197
0.0,0.28764513
0.0,0.32464832
0.0,0.2614269
0.0,0.21437457
0.0,0.21437457
0.0,0.2559367
0.0,0.22472139
0.0,0.20681223
0.0,0.2675786
0.0,0.26997843
0.0,-0.07870847
0.0,0.27332205
0.0,0.272589
0.0,0.21426888
0.0,0.27624953
0.0,0.29576
0.0,0.32101494
0.0,0.32345802
0.0,0.30898708
0.0,0.24083543
0.0,0.27246666
0.0,0.21838441
0.0,0.19498864
0.0,0.23219946
0.0,0.20893702
0.0,0.21214326
0.0,0.27647594
0.0,0.25140494
0.0,0.2559
0.0,0.26997843
0.0,0.2985769
0.0,0.27188095
0.0,0.23679249
0.0,0.2555441
0.0,0.40317315
0.0,0.3576723
0.0,0.21426888
0.0,0.27624953
0.0,0.17074457
0.0,0.25190622
0.0,0.26997843
0.0,0.34485283
0.0,0.2164783
0.0,0.34011868
0.0,0.2039278
0.0,0.23678656
0.0,0.20775521
0.0,0.23174486
0.0,0.29385692
0.0,0.2647949
0.0,0.38705978
0.0,0.39993212
0.0,0.28454494
0.0,0.23844507
0.0,0.25039983
0.0,0.2457784
0.0,0.22745466
0.0,0.19890034
0.0,0.25036475
0.0,0.2545353
0.0,0.25559577
0.0,0.26255623
0.0,0.23022375
0.0,0.26924568
0.0,0.23536865
0.0,0.2547956
0.0,0.24141416
0.0,0.21597126
0.0,0.25594458
0.0,0.23159532
0.0,0.23274603
0.0,0.24557681
0.0,0.23227327
0.0,0.28489396
0.0,0.22975583
0.0,0.24784195
0.0,0.22954229
0.0,0.25854978
0.0,0.2501985
0.0,0.22977272
0.0,0.26327688
0.0,0.27783817
0.0,0.2472569
0.0,0.23217964
0.0,0.20522055
0.0,0.20635767
0.0,0.23411207
0.0,0.29242617
0.0,0.243669
0.0,0.22802356
0.0,0.24559152
0.0,0.28833514
0.0,0.22614606
0.0,0.22550063
0.0,0.21352816
0.0,0.24722221
0.0,0.22527471
0.0,0.20687003
0.0,0.2711877
0.0,0.28703243
0.0,0.26398
0.0,0.2729
0.0,0.2652862
0.0,0.2652862
0.0,0.19637533
0.0,0.24748656
0.0,0.22310957
0.0,0.24342899
0.0,0.25195974
0.0,0.27492148
0.0,0.2292172
0.0,0.29106456
0.0,0.23491299
0.0,0.22054791
0.0,0.2497303
0.0,0.2670905
0.0,0.23736377
0.0,0.2216204
0.0,0.23669772
0.0,0.32140628
0.0,0.23492014
0.0,0.26872438
0.0,0.2612666
0.0,0.22450638
0.0,0.22107157
0.0,0.28444207
0.0,0.22987957
0.0,0.25340724
0.0,0.24567775
0.0,0.26007372
0.0,0.24390145
0.0,0.2913987
0.0,0.2506389
0.0,0.3775112
0.0,0.35505828
0.0,0.24130468
0.0,0.26352182
0.0,0.28086877
0.0,0.39309913
0.0,0.22723445
0.0,0.22402318
0.0,0.25673968
0.0,0.24083543
0.0,0.30934107
0.0,0.05764503
0.0,0.35847026
0.0,0.21176152
0.0,0.24800777
0.0,0.21898644
0.0,0.36884728
0.0,0.3361517
0.0,0.3623453
0.0,0.24083543
0.0,0.37497324
0.0,0.22609386
0.0,0.2816127
0.0,0.27969614
0.0,0.27279824
0.0,0.25882465
0.0,0.24083543
0.0,0.26612863
0.0,0.29207867
0.0,0.24224007
0.0,0.26997843
0.0,0.30772027
0.0,0.15216255
0.0,0.19424151
0.0,0.11847477
0.0,0.2030178
0.0,0.1725707
0.0,0.20632076
0.0,0.18181804
0.0,0.13110901
0.0,0.14931573
0.0,0.1436161
0.0,0.16467226
0.0,0.13715783
0.0,0.1252161
0.0,0.19158381
0.0,0.19210482
0.0,0.13059051
0.0,0.16840605
0.0,0.1934582
0.0,0.20315619
0.0,0.16623852
0.0,0.15812595
0.0,0.15794992
0.0,0.16397241
0.0,0.18090428
0.0,0.17525724
0.0,0.15333438
0.0,0.16432603
0.0,0.12267344
0.0,0.12660743
0.0,0.18252996
0.0,0.13059688
0.0,0.15114161
0.0,0.11464115
0.0,0.13891867
0.0,0.12509674
0.0,0.12409494
0.0,0.13911717
0.0,0.13144156
0.0,0.12213119
0.0,0.13397494
0.0,0.13193993
0.0,0.11992057
0.0,0.12137538
0.0,0.14086449
0.0,0.09741963
0.0,0.13335359
0.0,0.08976578
0.0,0.11990514
0.0,0.14307992
0.0,0.13735926
0.0,0.12689154
0.0,0.12640491
0.0,0.12795012
0.0,0.13490336
0.0,0.1355838
0.0,0.13913283
0.0,0.13977067
0.0,0.14220226
0.0,0.14633864
0.0,0.15285078
0.0,0.15123944
0.0,0.17172419
0.0,0.1714777
0.0,0.17909245
0.0,0.14857568
0.0,0.14722879
0.0,0.17491639
0.0,0.18899253
0.0,0.17543428
0.0,0.13664801
0.0,0.12258456
0.0,0.17646533
0.0,0.1789856
0.0,0.16621426
0.0,0.1399233
0.0,0.15005863
0.0,0.16569547
0.0,0.11426151
0.0,0.12133758
0.0,0.12526408
0.0,0.124019004
0.0,0.122837484
0.0,0.14417638
0.0,0.14646575
0.0,0.15594716
0.0,0.15057954
0.0,0.21983397
0.0,0.11684848
0.0,0.13520777
0.0,0.11309171
0.0,0.113556564
0.0,0.12834428
0.0,0.123634085
0.0,0.1241951
0.0,0.11697392
0.0,0.23356164
0.0,0.33691263
0.0,0.24897471
0.0,0.29358903
0.0,0.21031936
0.0,0.30289024
0.0,0.21113965
0.0,0.23913589
0.0,0.2123704
0.0,0.32249492
0.0,0.25155517
0.0,0.25150412
0.0,0.23662356
0.0,0.25350603
0.0,0.26997843
0.0,0.35614753
0.0,0.22326188
0.0,0.31601042
0.0,0.29029948
0.0,0.36911336
0.0,0.36577776
0.0,0.23718795
0.0,0.26641804
0.0,0.21157363
0.0,0.23543656
0.0,0.25122267
0.0,0.22868057
0.0,0.3748109
0.0,0.2896281
0.0,0.30670848
0.0,0.22567599
0.0,0.3075251
0.0,0.30183324
0.0,0.28086877
0.0,0.24056968
0.0,0.21735671
0.0,0.21432757
0.0,0.2577862
0.0,0.26104605
0.0,0.25220233
0.0,0.22286765
0.0,0.2766469
0.0,0.20388225
0.0,0.28086877
0.0,0.37320238
0.0,0.2867017
0.0,0.2758452
0.0,0.25443724
0.0,0.055363275
0.0,0.24880548
0.0,0.28019464
0.0,0.1486603
0.0,0.22644767
0.0,0.2627955
0.0,0.26997843
0.0,0.23679249
0.0,0.21638305
0.0,0.26997843
0.0,0.21960235
0.0,0.16411856
0.0,0.20759204
0.0,0.26997843
0.0,0.17074457
0.0,0.35118797
0.0,0.22644767
0.0,0.2225739
0.0,0.17328987
0.0,0.20827238
0.0,0.2559
0.0,0.21838441
0.0,0.22723445
0.0,0.22567599
0.0,0.24880548
0.0,0.30237737
0.0,0.26997843
0.0,0.24083543
0.0,0.21850793
0.0,0.23114708
0.0,0.2949316
0.0,0.2994805
0.0,0.3473297
0.0,0.20681223
0.0,0.3075251
0.0,0.30356362
0.0,0.19498864
0.0,0.23818025
0.0,0.22078724
0.0,0.29839683
0.0,0.2470835
0.0,0.2764882
0.0,0.34809035
0.0,0.28006706
0.0,0.2692469
0.0,0.29242307
0.0,0.17979258
0.0,0.21532817
0.0,0.22455187
0.0,0.23881379
0.0,0.2366105
0.0,0.2889255
0.0,0.22879548
0.0,0.2138985
0.0,0.31566194
0.0,0.2997656
0.0,0.3054083
0.0,0.22184463
0.0,0.2509313
0.0,0.22924054
0.0,0.26398355
0.0,0.27321643
0.0,0.278688
0.0,0.26621744
0.0,0.14001706
0.0,0.13475826
0.0,0.29040998
0.0,0.44278812
0.0,0.1984412
0.0,0.20748177
0.0,0.23655629
0.0,0.3473166
0.0,0.18492523
0.0,0.17721489
0.0,0.36387724
0.0,0.25356263
0.0,0.34918687
0.0,0.28630996
0.0,0.4109462
0.0,0.28086877
0.0,0.3764383
0.0,0.44051757
0.0,0.32968482
0.0,0.37664193
0.0,0.2730988
0.0,0.28795952
0.0,0.24083543
0.0,0.29365325
0.0,0.21467924
0.0,0.24823089
0.0,0.26997843
0.0,0.2540222
0.0,0.28086692
0.0,0.2183146
0.0,0.2623648
0.0,0.25253257
0.0,0.21265236
0.0,0.26997843
0.0,0.31633723
0.0,0.2400957
0.0,0.26997843
0.0,0.26225752
0.0,0.18393733
0.0,0.36155504
0.0,0.27388066
0.0,0.26534873
0.0,0.28086877
0.0,0.22084132
0.0,0.24751179
0.0,0.28086877
0.0,0.30981976
0.0,0.22422402
0.0,0.3083697
0.0,0.30237737
0.0,0.31070414
0.0,0.06280897
0.0,0.3203035
0.0,0.46923643
0.0,0.32314545
0.0,0.26350507
0.0,0.30356362
0.0,0.22801256
0.0,0.23890884
0.0,0.34682792
0.0,0.22037347
0.0,0.22197166
0.0,0.2836624
0.0,0.25037813
0.0,0.2491221
0.0,0.2264705
0.0,0.24274507
0.0,0.2852202
0.0,0.26997843
0.0,0.26391888
0.0,0.21314368
0.0,0.40490088
0.0,0.25033978
0.0,0.3956144
0.0,0.27197725
0.0,0.2301093
0.0,0.24562235
0.0,0.21203132
0.0,0.25247788
0.0,0.28086877
0.0,0.27772242
0.0,0.31211263
0.0,0.28086877
0.0,0.34757143
0.0,0.2514748
0.0,0.28687444
0.0,0.28440163
0.0,0.24083543
0.0,0.2550103
0.0,0.28086877
0.0,0.31201878
0.0,0.21717405
0.0,0.28086877
0.0,0.3160349
0.0,0.33082837
0.0,0.24831553
0.0,0.31233653
0.0,0.26786622
0.0,0.26790002
0.0,0.26147097
0.0,0.23840375
0.0,0.32881236
0.0,0.19806984
0.0,0.28141427
0.0,0.23232308
0.0,0.26997843
0.0,0.333368
0.0,0.20358264
0.0,0.26997843
0.0,0.29677573
0.0,0.272589
0.0,0.21426888
0.0,0.2802234
0.0,0.20036475
0.0,0.2435948
0.0,0.1838948
0.0,0.21376769
0.0,0.29385692
0.0,0.20976946
0.0,0.26997843
0.0,0.29646057
0.0,0.26087663
0.0,0.21426888
0.0,0.2802234
0.0,0.24728546
0.0,0.24341404
0.0,0.24083543
0.0,0.26305515
0.0,0.22687912
0.0,0.20588136
0.0,0.26997843
0.0,0.26969638
0.0,0.26743823
0.0,0.31360647
0.0,0.3087295
0.0,0.27652335
0.0,0.24509926
0.0,0.264422
0.0,0.23215285
0.0,0.33146495
0.0,0.24973437
0.0,0.34970897
0.0,0.28540498
0.0,0.2572611
0.0,0.27623156
0.0,0.29818162
0.0,0.27293128
0.0,0.2910317
0.0,0.2310185
0.0,0.25220707
0.0,0.24206185
0.0,0.40359744
0.0,0.14585705
0.0,0.25436202
0.0,0.22259252
0.0,0.36861274
0.0,0.2247637
0.0,0.054622073
0.0,0.25629508
0.0,0.2835849
0.0,0.28291526
0.0,0.3192896
0.0,0.19833878
0.0,0.19833878
0.0,0.28307706
0.0,0.23642746
0.0,0.47867402
0.0,0.2212286
0.0,0.28086877
0.0,0.3189713
0.0,0.22819705
0.0,0.27652335
0.0,0.2657485
0.0,0.2589149
0.0,0.20812738
0.0,0.2944798
0.0,0.24445304
0.0,0.2861349
0.0,0.24060193
0.0,0.34054223
0.0,0.29144493
0.0,0.32520396
0.0,0.23860912
0.0,0.26997843
0.0,0.20559876
0.0,0.3510936
0.0,0.26997843
0.0,0.29403943
0.0,0.13623084
0.0,0.19643
0.0,0.18684754
0.0,0.2037623
0.0,0.1894887
0.0,0.1747279
0.0,0.22700603
0.0,-0.044155978
0.0,0.109308794
0.0,0.12045405
0.0,0.08475059
0.0,0.14497477
0.0,0.2248178
0.0,0.29436657
0.0,0.16426802
0.0,0.19563946
0.0,0.27208915
0.0,-0.14722106
0.0,0.1885839
0.0,0.19596109
0.0,0.24161717
0.0,0.3262395
0.0,0.14142108
0.0,0.07204976
0.0,0.19084929
0.0,0.20429826
0.0,0.19084929
0.0,0.17475688
0.0,0.14801636
0.0,0.20998748
0.0,0.17307094
0.0,0.19640008
0.0,0.2547103
0.0,0.14436218
0.0,0.19368362
0.0,0.12133859
0.0,0.22700603
0.0,0.18702891
0.0,0.2196937
0.0,0.22700603
0.0,0.18181352
0.0,0.17585687
0.0,0.2037623
0.0,0.12706408
0.0,0.16390046
0.0,0.21907182
0.0,0.18425854
0.0,0.31865314
0.0,0.1584032
0.0,0.1312369
0.0,0.17015827
0.0,0.13051052
0.0,0.17367356
0.0,0.19263543
0.0,0.21545716
0.0,0.19014256
0.0,0.1260249
0.0,0.18270619
0.0,0.15642318
0.0,0.17593071
0.0,0.16900234
0.0,0.17590502
0.0,0.23920865
0.0,0.26652536
0.0,0.23279138
0.0,0.25324574
0.0,0.20515701
0.0,0.1511313
0.0,0.1511313
0.0,0.17178035
0.0,0.14574501
0.0,0.14511415
0.0,0.18907426
0.0,0.2037623
0.0,-0.19457401
0.0,0.21494035
0.0,0.20774011
0.0,0.13737972
0.0,0.21174464
0.0,0.22374582
0.0,0.24661598
0.0,0.24416251
0.0,0.20972872
0.0,0.17852852
0.0,0.17590849
0.0,0.1549858
0.0,0.13175981
0.0,0.13422385
0.0,0.13373367
0.0,0.14796355
0.0,0.20002572
0.0,0.17983633
0.0,0.18232416
0.0,0.2037623
0.0,0.24112573
0.0,0.20293431
0.0,0.17183785
0.0,0.20577613
0.0,0.35810786
0.0,0.20987694
0.0,0.13737972
0.0,0.21174464
0.0,0.11653862
0.0,0.19517717
0.0,0.2037623
0.0,0.27418026
0.0,0.1359857
0.0,0.2875335
0.0,0.14334962
0.0,0.18460418
0.0,0.14838758
0.0,0.16918232
0.0,0.22460511
0.0,0.17092404
0.0,0.28525552
0.0,0.31532198
0.0,0.21670532
0.0,0.18168965
0.0,0.19280957
0.0,0.18150009
0.0,0.16532841
0.0,0.13061178
0.0,0.18287125
0.0,0.18741038
0.0,0.15672368
0.0,0.19566478
0.0,0.1673003
0.0,0.1798251
0.0,0.17936674
0.0,0.19453475
0.0,0.1844314
0.0,0.15642063
0.0,0.19790637
0.0,0.1664582
0.0,0.17307068
0.0,0.18943723
0.0,0.175176
0.0,0.1932402
0.0,0.17334116
0.0,0.19151132
0.0,0.1728648
0.0,0.19373633
0.0,0.18908459
0.0,0.17618132
0.0,0.20092802
0.0,0.20925775
0.0,0.18594928
0.0,0.16977838
0.0,0.1390855
0.0,0.15268537
0.0,0.16680786
0.0,0.22607386
0.0,0.18232453
0.0,0.16713905
0.0,0.1835012
0.0,0.22393847
0.0,0.1709671
0.0,0.17203794
0.0,0.14914875
0.0,0.1832883
0.0,0.16174343
0.0,0.14999965
0.0,0.2158597
0.0,0.23534158
0.0,0.19331005
0.0,0.20046611
0.0,0.19627993
0.0,0.19627993
0.0,0.13820735
0.0,0.17962241
0.0,0.16102973
0.0,0.18252632
0.0,0.18855593
0.0,0.20795634
0.0,0.16591254
0.0,0.20931025
0.0,0.17998202
0.0,0.16651179
0.0,0.18540731
0.0,0.20966765
0.0,0.16610591
0.0,0.17028998
0.0,0.17213301
0.0,0.22322574
0.0,0.17274645
0.0,0.20501383
0.0,0.2046384
0.0,0.17184626
0.0,0.16348727
0.0,0.17136852
0.0,0.15963194
0.0,0.19380875
0.0,0.18316665
0.0,0.19772702
0.0,0.18810198
0.0,0.1960907
0.0,0.197477
0.0,0.23690443
0.0,0.23701659
0.0,0.14704773
0.0,0.20892759
0.0,0.22700603
0.0,0.34203324
0.0,0.17593071
0.0,0.15394399
0.0,0.18794575
0.0,0.17852852
0.0,0.2279158
0.0,-0.036374945
0.0,0.21317497
0.0,0.15191118
0.0,0.19768928
0.0,0.15080595
0.0,0.22212453
0.0,0.27061832
0.0,0.29766807
0.0,0.17852852
0.0,0.32126206
0.0,0.1588727
0.0,0.23255856
0.0,0.20926948
0.0,0.18951114
0.0,0.18905775
0.0,0.17852852
0.0,0.17575073
0.0,0.2202187
0.0,0.18481371
0.0,0.2037623
0.0,0.21726021
0.0,0.08722686
0.0,0.12786698
0.0,0.07075392
0.0,0.14080498
0.0,0.11086341
0.0,0.14228389
0.0,0.122989655
0.0,0.065487236
0.0,0.08098291
0.0,0.0837935
0.0,0.100147404
0.0,0.081780784
0.0,0.07174589
0.0,0.12691346
0.0,0.12712108
0.0,0.083673574
0.0,0.10950667
0.0,0.12531522
0.0,0.14972827
0.0,0.1176471
0.0,0.111403726
0.0,0.11357651
0.0,0.11309217
0.0,0.13113795
0.0,0.12207284
0.0,0.090588234
0.0,0.10506451
0.0,0.0666422
0.0,0.072119184
0.0,0.11657157
0.0,0.07792691
0.0,0.08863855
0.0,0.07382391
0.0,0.09347313
0.0,0.084820904
0.0,0.08314714
0.0,0.09831242
0.0,0.06510589
0.0,0.065936156
0.0,0.06960501
0.0,0.068816766
0.0,0.075973324
0.0,0.061583877
0.0,0.098831736
0.0,0.051684987
0.0,0.07322039
0.0,0.04449125
0.0,0.061882187
0.0,0.077280745
0.0,0.07282199
0.0,0.07282609
0.0,0.0669917
0.0,0.06856936
0.0,0.07718412
0.0,0.078190014
0.0,0.08292867
0.0,0.08376093
0.0,0.08706947
0.0,0.092461325
0.0,0.09806432
0.0,0.1064386
0.0,0.12626573
0.0,0.124406144
0.0,0.124085665
0.0,0.08511865
0.0,0.08582286
0.0,0.11707795
0.0,0.12992182
0.0,0.12295671
0.0,0.088136345
0.0,0.07333308
0.0,0.11674613
0.0,0.119097754
0.0,0.110334314
0.0,0.090521716
0.0,0.105055705
0.0,0.11665865
0.0,0.054715753
0.0,0.07837082
0.0,0.0846533
0.0,0.08348781
0.0,0.08099477
0.0,0.102453806
0.0,0.1031975
0.0,0.11341629
0.0,0.10057893
0.0,0.16537265
0.0,0.057748415
0.0,0.07206411
0.0,0.056183636
0.0,0.056965463
0.0,0.07735731
0.0,0.077720165
0.0,0.078555465
0.0,0.07622938
0.0,0.16271487
0.0,0.26456666
0.0,0.17962793
0.0,0.22144902
0.0,0.1504524
0.0,0.20817009
0.0,0.15988164
0.0,0.10764773
0.0,0.14279705
0.0,0.2652828
0.0,0.1871932
0.0,0.19476871
0.0,0.16877536
0.0,0.17745894
0.0,0.2037623
0.0,0.29753435
0.0,0.16647077
0.0,0.25787026
0.0,0.121919654
0.0,0.27535897
0.0,0.30844945
0.0,0.16429864
0.0,0.17508489
0.0,0.15379818
0.0,0.16035789
0.0,0.18811259
0.0,0.16760376
0.0,0.26400417
0.0,0.21925321
0.0,0.2543072
0.0,0.16900234
0.0,0.25462493
0.0,0.2032195
0.0,0.22700603
0.0,0.09899316
0.0,0.16845322
0.0,-0.0111802695
0.0,0.17144573
0.0,0.19196412
0.0,0.1415166
0.0,0.16453321
0.0,0.15930006
0.0,0.15153529
0.0,0.22700603
0.0,0.3256679
0.0,0.22111645
0.0,0.18706997
0.0,0.18357784
0.0,-0.099670045
0.0,0.17590502
0.0,0.20447615
0.0,0.04984962
0.0,0.16941205
0.0,0.20719758
0.0,0.2037623
0.0,0.17183785
0.0,0.13940324
0.0,0.2037623
0.0,0.16219321
0.0,0.096831925
0.0,0.12848136
0.0,0.2037623
0.0,0.11653862
0.0,0.2240425
0.0,0.16941205
0.0,0.1571103
0.0,0.09949964
0.0,0.14861766
0.0,0.18232416
0.0,0.1549858
0.0,0.17593071
0.0,0.16900234
0.0,0.17590502
0.0,0.23920865
0.0,0.2037623
0.0,0.17852852
0.0,0.15665
0.0,0.16393447
0.0,0.20737974
0.0,0.24211542
0.0,0.24656725
0.0,0.14511415
0.0,0.25462493
0.0,0.24057944
0.0,0.13175981
0.0,0.16537306
0.0,0.14702861
0.0,0.229852
0.0,0.17293736
0.0,0.19861078
0.0,0.20071988
0.0,0.20127249
0.0,0.1865464
0.0,0.2336874
0.0,0.112982094
0.0,0.14294377
0.0,0.14788744
0.0,0.1527516
0.0,0.1570871
0.0,0.22722192
0.0,0.15693456
0.0,0.14168909
0.0,0.2165968
0.0,0.20825157
0.0,0.23153086
0.0,0.11039369
0.0,0.2152714
0.0,0.14940564
0.0,0.18700731
0.0,0.2139624
0.0,0.21494038
0.0,0.19977196
0.0,-0.038825285
0.0,0.061796725
0.0,0.25071114
0.0,0.35046938
0.0,0.1332936
0.0,0.14218608
0.0,0.1621872
0.0,0.28282604
0.0,0.093741015
0.0,0.09341743
0.0,0.28815
0.0,0.1785976
0.0,0.2584899
0.0,0.22039075
0.0,0.33937928
0.0,0.22700603
0.0,0.31375864
0.0,0.3450386
0.0,0.2632904
0.0,0.30548495
0.0,0.17987932
0.0,0.12982465
0.0,0.17852852
0.0,0.239639
0.0,0.149745
0.0,0.19043712
0.0,0.2037623
0.0,0.1904047
0.0,0.22167893
0.0,0.14888057
0.0,0.19146144
0.0,0.18464625
0.0,0.15529406
0.0,0.2037623
0.0,0.21617718
0.0,0.16556334
0.0,0.2037623
0.0,0.18162408
0.0,0.1151704
0.0,0.2657395
0.0,0.20325164
0.0,0.16181847
0.0,0.22700603
0.0,0.08816161
0.0,0.15977442
0.0,0.22700603
0.0,0.23323464
0.0,0.16120027
0.0,0.22306685
0.0,0.23920865
0.0,0.24676919
0.0,-0.082765624
0.0,0.23298998
0.0,0.37312123
0.0,0.2325358
0.0,0.19547315
0.0,0.24057944
0.0,0.15439883
0.0,0.16212638
0.0,0.25104207
0.0,0.14700374
0.0,0.14812525
0.0,0.096218444
0.0,0.1844672
0.0,0.18419604
0.0,0.1708521
0.0,0.18024373
0.0,0.22079214
0.0,0.2037623
0.0,0.1944731
0.0,0.14019302
0.0,0.3261947
0.0,0.18974617
0.0,0.23536567
0.0,0.20660749
0.0,0.16387257
0.0,0.17579019
0.0,0.15101352
0.0,0.16508517
0.0,0.22700603
0.0,0.16438007
0.0,0.25261027
0.0,0.22700603
0.0,0.22974849
0.0,0.18770371
0.0,0.20799676
0.0,0.20542672
0.0,0.17852852
0.0,0.18482803
0.0,0.22700603
0.0,0.103015915
0.0,0.16305059
0.0,0.22700603
0.0,0.23422591
0.0,0.2673672
0.0,0.17593887
0.0,0.24865218
0.0,0.17863871
0.0,0.20392008
0.0,0.19701365
0.0,0.18819848
0.0,0.20054774
0.0,-0.044919915
0.0,-0.06200964
0.0,0.16484399
0.0,0.2037623
0.0,0.2533534
0.0,0.13985822
0.0,0.2037623
0.0,0.23088472
0.0,0.20774011
0.0,0.13737972
0.0,0.22530404
0.0,0.13167703
0.0,0.1944385
0.0,0.124184705
0.0,0.15764463
0.0,0.22460511
0.0,0.15009241
0.0,0.2037623
0.0,0.23465744
0.0,0.20337777
0.0,0.13737972
0.0,0.22530404
0.0,0.18450293
0.0,0.18298896
0.0,0.17852852
0.0,0.1920249
0.0,0.16283247
0.0,0.13482316
0.0,0.2037623
0.0,0.20317197
0.0,0.1739529
0.0,0.2573581
0.0,0.22416203
0.0,0.2148366
0.0,0.19003825
0.0,0.20689344
0.0,0.17599058
0.0,0.25651348
0.0,0.15316264
0.0,0.27273175
0.0,0.19543552
0.0,0.18674313
0.0,0.20165749
0.0,0.22158313
0.0,0.17619824
0.0,0.22602586
0.0,0.13864318
0.0,0.19039305
0.0,0.18400231
0.0,0.27356702
0.0,0.083644725
0.0,0.19596109
0.0,0.1648039
0.0,0.20062241
0.0,0.1644824
0.0,-0.16010337
0.0,0.19333442
0.0,0.2217766
0.0,0.22010764
0.0,0.24652275
0.0,0.1324971
0.0,0.1324971
0.0,0.22867107
0.0,0.18213475
0.0,0.34241578
0.0,0.1458726
0.0,0.22700603
0.0,0.22424445
0.0,0.1804305
0.0,0.2148366
0.0,0.21262737
0.0,0.119359374
0.0,0.16015089
0.0,0.18713658
0.0,0.16821972
0.0,0.16388425
0.0,0.18005583
0.0,0.26498947
0.0,0.21363151
0.0,0.20158264
0.0,0.17766678
0.0,0.2037623
0.0,0.14412752
0.0,0.27964252
0.0,0.2037623
0.0,0.23894556
0.0,0.076758265
0.0,0.051379323
0.0,0.053383898
0.0,0.009173083
0.0,0.042270083
0.0,0.10605474
0.0,0.09461547
0.0,0.018420111
0.0,0.08816667
0.0,0.06204305
0.0,0.08838954
0.0,0.15487622
0.0,-0.021860976
0.0,-0.03478954
0.0,-0.006287068
0.0,-0.047328282
0.0,-0.048088275
0.0,-0.047863554
0.0,-0.048088275
0.0,-0.04296446
0.0,-0.037657797
0.0,-0.0067055165
0.0,-0.037292622
0.0,-0.049313277
0.0,-0.05540173
0.0,-0.047506206
0.0,-0.040575314
0.0,-0.042381287
0.0,-0.035670362
0.0,-0.03381592
0.0,-0.012256819
0.0,0.017982174
0.0,0.018347764
0.0,0.029268384
0.0,0.023435807
0.0,0.026952732
0.0,0.03232039
0.0,0.0018458128
0.0,0.019080317
0.0,0.01202625
0.0,0.016978312
0.0,0.015806329
0.0,0.0258963
0.0,0.022600006
0.0,0.040690653
0.0,0.033043317
0.0,-0.026485229
0.0,0.029050767
0.0,0.037729483
0.0,0.0155997155
0.0,0.018985605
0.0,0.025187587
0.0,0.019979423
0.0,0.030919868
0.0,0.07429976
0.0,-0.00041203498
0.0,0.0021577955
0.0,-0.014567757
0.0,0.013812291
0.0,0.021837663
0.0,0.018084269
0.0,0.06900263
0.0,0.00064419507
0.0,-0.02563113
0.0,0.011532498
0.0,0.042582195
0.0,0.025023753
0.0,0.021150041
0.0,0.0059319017
0.0,0.016960632
0.0,0.026134133
0.0,0.013456469
0.0,0.056830227
0.0,0.029644698
0.0,0.018999327
0.0,0.011367214
0.0,0.03024975
0.0,0.018290687
0.0,0.01444794
0.0,0.041880153
0.0,0.014432395
0.0,0.08255516
0.0,0.014432395
0.0,0.016194034
0.0,0.023991192
0.0,0.014432395
0.0,0.03306461
0.0,-0.0029409528
0.0,-0.020881135
0.0,0.026976902
0.0,-0.0013332606
0.0,0.012293041
0.0,0.020348798
0.0,-0.003206086
0.0,0.022330856
0.0,0.024367929
0.0,0.031861067
0.0,0.0006107807
0.0,-0.0033843457
0.0,0.023312574
0.0,0.031078875
0.0,0.06756292
0.0,0.0795458
0.0,0.047738492
0.0,0.01395787
0.0,0.035173677
0.0,0.02946049
0.0,0.045111157
0.0,0.03136065
0.0,0.024532843
0.0,0.021780718
0.0,0.016209805
0.0,0.008578372
0.0,0.03853634
0.0,0.01196295
0.0,-0.020539671
0.0,0.017375786
0.0,0.021837676
0.0,0.03464241
0.0,0.026091028
0.0,0.03529495
0.0,0.08049472
0.0,0.025821382
0.0,0.013759756
0.0,0.029952776
0.0,0.037871204
0.0,0.016107459
0.0,0.041430652
0.0,0.037606083
0.0,0.048331004
0.0,0.025712311
0.0,0.012060022
0.0,0.027262699
0.0,0.019037675
0.0,0.048997812
0.0,-0.023561502
0.0,-0.04118731
0.0,0.013825369
0.0,-0.0343735
0.0,0.03322327
0.0,0.048368298
0.0,0.042891584
0.0,0.026013637
0.0,0.027029503
0.0,0.024903214
0.0,-0.026720893
0.0,0.029823566
0.0,0.010597187
0.0,-0.0093843695
0.0,0.03070823
0.0,0.02145183
0.0,0.01890638
0.0,0.026586603
0.0,0.007310325
0.0,0.00694679
0.0,0.015196526
0.0,0.026145697
0.0,0.031883262
0.0,-0.0029486238
0.0,0.049255203
0.0,0.00912832
0.0,0.001521945
0.0,0.009138608
0.0,-0.024935901
0.0,-0.020216828
0.0,0.0067807795
0.0,-0.012277329
0.0,0.024161851
0.0,0.03741453
0.0,0.04296999
0.0,0.023773957
0.0,-0.0054612635
0.0,0.0026670217
0.0,-0.015370453
0.0,0.013813412
0.0,0.043503463
0.0,-0.03342966
0.0,0.04675436
0.0,0.019829452
0.0,0.04675436
0.0,-0.020649243
0.0,0.09760411
0.0,0.056556083
0.0,0.02880622
0.0,0.013711119
0.0,0.056556083
0.0,0.02880622
0.0,-0.021012658
0.0,0.037091874
0.0,-0.003629756
0.0,0.014655054
0.0,-0.030638944
0.0,-0.030638944
0.0,-0.030638944
0.0,0.023286235
0.0,0.015177119
0.0,0.011513626
0.0,-0.02954502
0.0,-0.023708928
0.0,-0.049529918
0.0,-0.0015285015
0.0,-0.013991654
0.0,-0.017705966
0.0,0.028533954
0.0,0.07389581
0.0,-0.01377331
0.0,-0.010802436
0.0,-0.0068367245
0.0,-0.01512593
0.0,0.063245945
0.0,-0.00075154303
0.0,0.07067719
0.0,0.1133255
0.0,-0.04193858
0.0,0.030613791
0.0,0.011827218
0.0,-0.00078571436
0.0,-0.049256705
0.0,-0.005232787
0.0,0.054551285
0.0,0.04489577
0.0,-0.037307978
0.0,0.03764373
0.0,0.0028125285
0.0,0.02265818
0.0,0.111286625
0.0,-0.06043166
0.0,-0.07403699
0.0,-0.043997835
0.0,-0.087388374
0.0,-0.08594022
0.0,-0.08724805
0.0,-0.08594022
0.0,-0.08907546
0.0,-0.08152016
0.0,-0.05456821
0.0,-0.076436915
0.0,-0.091091774
0.0,-0.09608451
0.0,-0.090309925
0.0,-0.08526329
0.0,-0.08726449
0.0,-0.08163758
0.0,-0.07806389
0.0,-0.05659418
0.0,-0.022304963
0.0,-0.021694982
0.0,-0.01633389
0.0,-0.021985602
0.0,-0.019215334
0.0,-0.012168622
0.0,-0.04187844
0.0,-0.03116176
0.0,-0.031858183
0.0,-0.029688
0.0,-0.024633635
0.0,-0.012593633
0.0,-0.025891459
0.0,-0.009814036
0.0,-0.01623422
0.0,-0.07933773
0.0,-0.01975597
0.0,-0.0068196417
0.0,-0.033624314
0.0,-0.02961576
0.0,-0.018492747
0.0,-0.019306976
0.0,-0.00539093
0.0,0.02090379
0.0,-0.04359863
0.0,-0.048947502
0.0,-0.065493606
0.0,-0.030254852
0.0,-0.019110477
0.0,-0.023766946
0.0,0.014248264
0.0,-0.054982733
0.0,-0.06605619
0.0,-0.02398641
0.0,-0.0034747361
0.0,-0.019036079
0.0,-0.02387532
0.0,-0.032045245
0.0,-0.021953821
0.0,-0.020162772
0.0,-0.02886573
0.0,0.011597073
0.0,-0.013451373
0.0,-0.023023402
0.0,-0.037214875
0.0,-0.015924776
0.0,-0.03339702
0.0,-0.02670697
0.0,-0.009990442
0.0,-0.03829906
0.0,0.028694022
0.0,-0.03829906
0.0,-0.028274477
0.0,-0.022243153
0.0,-0.03829906
0.0,-0.013438034
0.0,-0.053420354
0.0,-0.06288429
0.0,-0.01173904
0.0,-0.041290604
0.0,-0.028701473
0.0,-0.028573131
0.0,-0.0402794
0.0,-0.02707852
0.0,-0.009851193
0.0,-0.010042536
0.0,-0.041590966
0.0,-0.04514735
0.0,-0.010281647
0.0,-0.0031346083
0.0,0.036890518
0.0,0.022672463
0.0,-0.0011552334
0.0,-0.028889727
0.0,-0.011489904
0.0,-0.016403437
0.0,-0.006194353
0.0,-0.004807508
0.0,-0.015877653
0.0,-0.018338108
0.0,-0.021551859
0.0,-0.029221367
0.0,-0.011044228
0.0,-0.026581788
0.0,-0.061068248
0.0,-0.01909182
0.0,-0.019110477
0.0,-0.014745343
0.0,-0.018149579
0.0,-0.00689888
0.0,0.02595644
0.0,-0.018841017
0.0,-0.030087482
0.0,-0.016952682
0.0,-0.0069612265
0.0,-0.018715244
0.0,-0.0011130333
0.0,-0.007886052
0.0,0.005110681
0.0,-0.020741154
0.0,-0.03212292
0.0,-0.012983906
0.0,-0.027767133
0.0,0.008349687
0.0,-0.05882427
0.0,-0.086208045
0.0,-0.030878818
0.0,-0.07816793
0.0,-0.011948669
0.0,0.003241682
0.0,-0.00040005444
0.0,-0.022576224
0.0,-0.017825317
0.0,-0.023352325
0.0,-0.06416072
0.0,-0.0146277305
0.0,-0.03691529
0.0,-0.04807199
0.0,-0.014957261
0.0,-0.026102161
0.0,-0.043592215
0.0,-0.02015618
0.0,-0.03166015
0.0,-0.027805615
0.0,-0.031566907
0.0,-0.021608984
0.0,-0.013175821
0.0,-0.044159222
0.0,0.0090253595
0.0,-0.024898732
0.0,-0.04132955
0.0,-0.03749888
0.0,-0.06708796
0.0,-0.060100675
0.0,-0.035632502
0.0,-0.055414904
0.0,-0.015528428
0.0,-0.010574723
0.0,-0.007960236
0.0,-0.022490691
0.0,-0.046082865
0.0,-0.04164964
0.0,-0.058648538
0.0,-0.031283535
0.0,0.0036890507
0.0,-0.07889024
0.0,0.0105750915
0.0,-0.0327513
0.0,0.0105750915
0.0,-0.06368448
0.0,0.052999187
0.0,0.021503191
0.0,-0.020129632
0.0,-0.037673224
0.0,0.021503191
0.0,-0.020129632
0.0,-0.06293298
0.0,-0.0132406475
0.0,-0.0542683
0.0,-0.037611805
0.0,-0.07669219
0.0,-0.07669219
0.0,-0.07669219
0.0,-0.02324605
0.0,-0.03337456
0.0,-0.037490167
0.0,-0.07627932
0.0,-0.06732851
0.0,-0.09616717
0.0,-0.04408791
0.0,-0.06394861
0.0,-0.06233958
0.0,-0.009854943
0.0,0.029916644
0.0,-0.05982388
0.0,-0.058207713
0.0,-0.05622735
0.0,-0.058404017
0.0,0.022322398
0.0,-0.05216839
0.0,0.021573996
0.0,0.062701
0.0,-0.08671631
0.0,-0.040549375
0.0,0.065836236
0.0,-0.09865494
0.0,-0.114258096
0.0,-0.08093774
0.0,-0.1287317
0.0,-0.12528935
0.0,-0.12840492
0.0,-0.12528935
0.0,-0.1350401
0.0,-0.12647429
0.0,-0.10332604
0.0,-0.11540226
0.0,-0.13160893
0.0,-0.13686338
0.0,-0.13283873
0.0,-0.13033822
0.0,-0.1324947
0.0,-0.12644775
0.0,-0.12114121
0.0,-0.09557297
0.0,-0.06139319
0.0,-0.05891323
0.0,-0.05821041
0.0,-0.06260954
0.0,-0.061906658
0.0,-0.054959048
0.0,-0.08527937
0.0,-0.073955275
0.0,-0.07477579
0.0,-0.07310977
0.0,-0.06493288
0.0,-0.050484587
0.0,-0.06298634
0.0,-0.05267031
0.0,-0.058085524
0.0,-0.12409379
0.0,-0.06349613
0.0,-0.04908023
0.0,-0.07824071
0.0,-0.07217789
0.0,-0.06048702
0.0,-0.06500524
0.0,-0.04605774
0.0,-0.025833856
0.0,-0.08661477
0.0,-0.09371555
0.0,-0.10829451
0.0,-0.0788186
0.0,-0.05839479
0.0,-0.07366798
0.0,-0.03291496
0.0,-0.09915185
0.0,-0.103285395
0.0,-0.058445107
0.0,-0.05047115
0.0,-0.070276424
0.0,-0.06711195
0.0,-0.06234642
0.0,-0.05735383
0.0,-0.06196319
0.0,-0.07027056
0.0,-0.027112126
0.0,-0.056272067
0.0,-0.063430786
0.0,-0.08274567
0.0,-0.059478603
0.0,-0.078005925
0.0,-0.063493416
0.0,-0.05567806
0.0,-0.08314075
0.0,-0.021037232
0.0,-0.08314075
0.0,-0.06751595
0.0,-0.06337966
0.0,-0.08314075
0.0,-0.05495093
0.0,-0.09723002
0.0,-0.10462066
0.0,-0.049891412
0.0,-0.07859552
0.0,-0.06816081
0.0,-0.07253327
0.0,-0.07948609
0.0,-0.070867695
0.0,-0.042606793
0.0,-0.05094453
0.0,-0.08225366
0.0,-0.08528529
0.0,-0.04319054
0.0,-0.03560531
0.0,-0.0026422858
0.0,-0.027610552
0.0,-0.04258448
0.0,-0.06523025
0.0,-0.051905166
0.0,-0.057024516
0.0,-0.04995655
0.0,-0.03975011
0.0,-0.053153194
0.0,-0.05700152
0.0,-0.06450094
0.0,-0.06268714
0.0,-0.053415634
0.0,-0.060722433
0.0,-0.0954381
0.0,-0.05564331
0.0,-0.0583948
0.0,-0.057569552
0.0,-0.058938444
0.0,-0.047850035
0.0,-0.022188295
0.0,-0.06164805
0.0,-0.071922265
0.0,-0.060320128
0.0,-0.04938978
0.0,-0.055994652
0.0,-0.041513085
0.0,-0.046850454
0.0,-0.034572374
0.0,-0.061366547
0.0,-0.07416135
0.0,-0.05160574
0.0,-0.07053473
0.0,-0.027033627
0.0,-0.09379612
0.0,-0.12432003
0.0,-0.065923
0.0,-0.112091124
0.0,-0.05414784
0.0,-0.038829207
0.0,-0.04158784
0.0,-0.06325291
0.0,-0.06060536
0.0,-0.06604008
0.0,-0.09382756
0.0,-0.05790758
0.0,-0.074944615
0.0,-0.08178
0.0,-0.05697454
0.0,-0.06583718
0.0,-0.092800274
0.0,-0.06255905
0.0,-0.06687758
0.0,-0.06162696
0.0,-0.07211812
0.0,-0.06470773
0.0,-0.056061745
0.0,-0.078888275
0.0,-0.024141997
0.0,-0.05902971
0.0,-0.0834883
0.0,-0.08050768
0.0,-0.10097792
0.0,-0.09247907
0.0,-0.07481013
0.0,-0.0945624
0.0,-0.056265842
0.0,-0.05608499
0.0,-0.049478304
0.0,-0.06430044
0.0,-0.0838929
0.0,-0.08505672
0.0,-0.09450958
0.0,-0.07481034
0.0,-0.035743795
0.0,-0.117655896
0.0,-0.029617285
0.0,-0.07665832
0.0,-0.029617285
0.0,-0.10187811
0.0,0.01117636
0.0,-0.016813338
0.0,-0.06005957
0.0,-0.078415655
0.0,-0.016813338
0.0,-0.06005957
0.0,-0.10453018
0.0,-0.05695529
0.0,-0.09809761
0.0,-0.07824352
0.0,-0.118377134
0.0,-0.118377134
0.0,-0.118377134
0.0,-0.06760615
0.0,-0.08687912
0.0,-0.08065957
0.0,-0.11830455
0.0,-0.11326529
0.0,-0.13690472
0.0,-0.080149576
0.0,-0.10527529
0.0,-0.09748647
0.0,-0.045546304
0.0,-0.011657596
0.0,-0.09523787
0.0,-0.09677354
0.0,-0.097449444
0.0,-0.09576718
0.0,-0.01577732
0.0,-0.094701745
0.0,-0.029002666
0.0,0.019533325
0.0,-0.13181058
0.0,-0.1162279
0.0,0.012013197
0.0,-0.14015588
0.0,-0.15529074
0.0,-0.1281347
0.0,-0.17043558
0.0,-0.16340217
0.0,-0.1671051
0.0,-0.16340217
0.0,-0.1807315
0.0,-0.17196766
0.0,-0.15750912
0.0,-0.1627102
0.0,-0.17421338
0.0,-0.18103132
0.0,-0.17802414
0.0,-0.1734319
0.0,-0.17603147
0.0,-0.1709963
0.0,-0.16378425
0.0,-0.1418148
0.0,-0.1082814
0.0,-0.100930646
0.0,-0.10564139
0.0,-0.10670259
0.0,-0.109170005
0.0,-0.10200858
0.0,-0.13299587
0.0,-0.121160135
0.0,-0.12448446
0.0,-0.123371065
0.0,-0.10462576
0.0,-0.093013726
0.0,-0.10434917
0.0,-0.10146066
0.0,-0.10501353
0.0,-0.16972442
0.0,-0.11187227
0.0,-0.095516406
0.0,-0.12119285
0.0,-0.12081367
0.0,-0.10913855
0.0,-0.13180955
0.0,-0.101510584
0.0,-0.0705656
0.0,-0.13531493
0.0,-0.14468272
0.0,-0.14759307
0.0,-0.13945818
0.0,-0.10035411
0.0,-0.13317129
0.0,-0.08391174
0.0,-0.14551635
0.0,-0.14559147
0.0,-0.10496694
0.0,-0.097749114
0.0,-0.11995453
0.0,-0.11547545
0.0,-0.09789841
0.0,-0.09851632
0.0,-0.11040139
0.0,-0.120311394
0.0,-0.078095816
0.0,-0.108681165
0.0,-0.110660374
0.0,-0.13932626
0.0,-0.1065353
0.0,-0.12613755
0.0,-0.115370885
0.0,-0.105694845
0.0,-0.1268951
0.0,-0.06635302
0.0,-0.1268951
0.0,-0.11366546
0.0,-0.11097356
0.0,-0.1268951
0.0,-0.104875125
0.0,-0.1487439
0.0,-0.15230884
0.0,-0.09975728
0.0,-0.11794829
0.0,-0.111860156
0.0,-0.11531977
0.0,-0.12172885
0.0,-0.11331992
0.0,-0.07829996
0.0,-0.095241144
0.0,-0.12560934
0.0,-0.12842998
0.0,-0.07725406
0.0,-0.070696734
0.0,-0.048347104
0.0,-0.08223526
0.0,-0.08953105
0.0,-0.105841376
0.0,-0.09691622
0.0,-0.106014326
0.0,-0.098273955
0.0,-0.0834194
0.0,-0.09468062
0.0,-0.10226147
0.0,-0.11675842
0.0,-0.1054155
0.0,-0.10232462
0.0,-0.10463548
0.0,-0.13344769
0.0,-0.10104916
0.0,-0.10035415
0.0,-0.10640107
0.0,-0.10305406
0.0,-0.09044175
0.0,-0.081059374
0.0,-0.10756248
0.0,-0.11847677
0.0,-0.10585183
0.0,-0.09546914
0.0,-0.101228856
0.0,-0.08677318
0.0,-0.09225173
0.0,-0.078996435
0.0,-0.10952477
0.0,-0.1204005
0.0,-0.09510042
0.0,-0.11824717
0.0,-0.070638046
0.0,-0.1355379
0.0,-0.16198467
0.0,-0.11119549
0.0,-0.15346122
0.0,-0.10126428
0.0,-0.08229369
0.0,-0.086044684
0.0,-0.11079341
0.0,-0.10364075
0.0,-0.112911955
0.0,-0.13232425
0.0,-0.104235545
0.0,-0.11849632
0.0,-0.12518242
0.0,-0.104980625
0.0,-0.10781177
0.0,-0.14022465
0.0,-0.110004485
0.0,-0.10871241
0.0,-0.10619609
0.0,-0.11842953
0.0,-0.11140931
0.0,-0.10423239
0.0,-0.11752011
0.0,-0.0626088
0.0,-0.10417565
0.0,-0.13181287
0.0,-0.13054764
0.0,-0.13776912
0.0,-0.13821743
0.0,-0.12471993
0.0,-0.13777271
0.0,-0.106508374
0.0,-0.10385827
0.0,-0.09080328
0.0,-0.11430415
0.0,-0.122607805
0.0,-0.13249084
0.0,-0.14158654
0.0,-0.12349304
0.0,-0.09052849
0.0,-0.1575555
0.0,-0.08206622
0.0,-0.124976255
0.0,-0.08206622
0.0,-0.15173402
0.0,-0.032152165
0.0,-0.063228354
0.0,-0.102693066
0.0,-0.123228505
0.0,-0.063228354
0.0,-0.102693066
0.0,-0.15582173
0.0,-0.106717184
0.0,-0.14994124
0.0,-0.12306436
0.0,-0.15808202
0.0,-0.15808202
0.0,-0.15808202
0.0,-0.12257739
0.0,-0.14678437
0.0,-0.12825164
0.0,-0.15719502
0.0,-0.16360185
0.0,-0.173335
0.0,-0.119609356
0.0,-0.1610016
0.0,-0.13829853
0.0,-0.09429996
0.0,-0.062049042
0.0,-0.13304594
0.0,-0.13559839
0.0,-0.1367554
0.0,-0.13464244
0.0,-0.0544068
0.0,-0.13516526
0.0,-0.07723449
0.0,-0.028039485
0.0,-0.17533985
0.0,-0.24824902
0.0,-0.0673679
0.0,-0.20125404
0.0,-0.21240649
0.0,-0.20424691
0.0,-0.22687387
0.0,-0.21788856
0.0,-0.22045283
0.0,-0.21788856
0.0,-0.24021795
0.0,-0.23211965
0.0,-0.22753477
0.0,-0.2873694
0.0,-0.22784857
0.0,-0.2374852
0.0,-0.23137574
0.0,-0.23199049
0.0,-0.23293395
0.0,-0.23188391
0.0,-0.22308731
0.0,-0.20568533
0.0,-0.17388895
0.0,-0.16936536
0.0,-0.17453766
0.0,-0.17451686
0.0,-0.17914228
0.0,-0.17023787
0.0,-0.20113671
0.0,-0.18761149
0.0,-0.19369897
0.0,-0.1914752
0.0,-0.16443203
0.0,-0.15138726
0.0,-0.17109665
0.0,-0.1740673
0.0,-0.17660177
0.0,-0.22906275
0.0,-0.19285128
0.0,-0.16323076
0.0,-0.17918245
0.0,-0.1957294
0.0,-0.17849669
0.0,-0.2242446
0.0,-0.18035859
0.0,-0.13530208
0.0,-0.20322168
0.0,-0.20519361
0.0,-0.1991256
0.0,-0.2314864
0.0,-0.1655758
0.0,-0.22373128
0.0,-0.15892854
0.0,-0.20831685
0.0,-0.20377406
0.0,-0.17641637
0.0,-0.16329345
0.0,-0.17791006
0.0,-0.18474415
0.0,-0.1649907
0.0,-0.16267428
0.0,-0.18653879
0.0,-0.20265356
0.0,-0.15313742
0.0,-0.18025771
0.0,-0.1914974
0.0,-0.21882431
0.0,-0.17850098
0.0,-0.19996043
0.0,-0.20087719
0.0,-0.18761787
0.0,-0.18618897
0.0,-0.12263528
0.0,-0.18618897
0.0,-0.17547673
0.0,-0.18233642
0.0,-0.18618897
0.0,-0.17676225
0.0,-0.22601393
0.0,-0.2203352
0.0,-0.16609699
0.0,-0.17549089
0.0,-0.17081702
0.0,-0.17282744
0.0,-0.18629435
0.0,-0.17081074
0.0,-0.14224869
0.0,-0.15572599
0.0,-0.18839729
0.0,-0.19148418
0.0,-0.13485625
0.0,-0.14167729
0.0,-0.11717522
0.0,-0.15805176
0.0,-0.15779546
0.0,-0.16530795
0.0,-0.16211243
0.0,-0.17618461
0.0,-0.17037734
0.0,-0.14926681
0.0,-0.15365818
0.0,-0.1672848
0.0,-0.19348358
0.0,-0.16287506
0.0,-0.17546669
0.0,-0.1627348
0.0,-0.18613061
0.0,-0.16554631
0.0,-0.16557583
0.0,-0.18043095
0.0,-0.17013392
0.0,-0.15742901
0.0,-0.16480753
0.0,-0.17611644
0.0,-0.18603198
0.0,-0.1694329
0.0,-0.1612499
0.0,-0.16511549
0.0,-0.15381071
0.0,-0.15849774
0.0,-0.14875722
0.0,-0.1718519
0.0,-0.18799551
0.0,-0.16338854
0.0,-0.19400707
0.0,-0.14266287
0.0,-0.2007123
0.0,-0.21658453
0.0,-0.17398031
0.0,-0.2080504
0.0,-0.16955169
0.0,-0.14944799
0.0,-0.1551722
0.0,-0.17496243
0.0,-0.16838835
0.0,-0.17566012
0.0,-0.19590469
0.0,-0.17200111
0.0,-0.1917642
0.0,-0.19661492
0.0,-0.17407253
0.0,-0.16727015
0.0,-0.19846219
0.0,-0.18095285
0.0,-0.1692655
0.0,-0.1739732
0.0,-0.18386295
0.0,-0.17454758
0.0,-0.17305665
0.0,-0.17629161
0.0,-0.13150802
0.0,-0.17629406
0.0,-0.20068724
0.0,-0.20995946
0.0,-0.19004689
0.0,-0.2066082
0.0,-0.20584457
0.0,-0.19739279
0.0,-0.17921767
0.0,-0.17210253
0.0,-0.15604734
0.0,-0.18491873
0.0,-0.17481582
0.0,-0.20030093
0.0,-0.21189833
0.0,-0.19228594
0.0,-0.16742736
0.0,-0.2133911
0.0,-0.14041054
0.0,-0.19176346
0.0,-0.14041054
0.0,-0.22274609
0.0,-0.09873016
0.0,-0.13581637
0.0,-0.1677675
0.0,-0.18656722
0.0,-0.13581637
0.0,-0.1677675
0.0,-0.22967367
0.0,-0.17567226
0.0,-0.2275414
0.0,-0.18641558
0.0,-0.2151967
0.0,-0.2151967
0.0,-0.2151967
0.0,-0.1965953
0.0,-0.22446485
0.0,-0.19705115
0.0,-0.21445286
0.0,-0.23491411
0.0,-0.22570309
0.0,-0.17562748
0.0,-0.22576618
0.0,-0.19573906
0.0,-0.17231944
0.0,-0.1335667
0.0,-0.18748386
0.0,-0.18775086
0.0,-0.19123504
0.0,-0.18721627
0.0,-0.101508364
0.0,-0.19186419
0.0,-0.13455881
0.0,-0.09481273
0.0,-0.23207414
0.0,0.3087573
0.0,0.278413
0.0,0.37289044
0.0,0.3399778
0.0,0.50014246
0.0,0.44477758
0.0,0.40290746
0.0,0.319043
0.0,0.36924857
0.0,0.3559639
0.0,0.47601375
0.0,0.4028159
0.0,0.3089481
0.0,0.29108348
0.0,0.32409525
0.0,0.25960147
0.0,0.2969523
0.0,0.28268003
0.0,0.2969523
0.0,0.23662968
0.0,0.23870268
0.0,0.2736935
0.0,0.32050985
0.0,0.2516704
0.0,0.24066338
0.0,0.23407194
0.0,0.21500388
0.0,0.22629395
0.0,0.2236783
0.0,0.26246208
0.0,0.25891295
0.0,0.37271157
0.0,0.2757228
0.0,0.21271357
0.0,0.2631715
0.0,0.2195398
0.0,0.2315695
0.0,0.20515172
0.0,0.23749916
0.0,0.22161683
0.0,0.22135723
0.0,0.29063538
0.0,0.2554323
0.0,0.22468916
0.0,0.23018897
0.0,0.23587947
0.0,0.2918367
0.0,0.22013068
0.0,0.24539638
0.0,0.28260595
0.0,0.23047385
0.0,0.24893579
0.0,0.3581151
0.0,0.32264948
0.0,0.43210584
0.0,0.20353809
0.0,0.28163475
0.0,0.34235004
0.0,0.31649715
0.0,0.27209252
0.0,0.32087067
0.0,0.29031315
0.0,0.31009376
0.0,0.28518888
0.0,0.33964676
0.0,0.2865147
0.0,0.33346403
0.0,0.24370734
0.0,0.29522583
0.0,0.26725364
0.0,0.21064845
0.0,0.29053855
0.0,0.30206302
0.0,0.27166334
0.0,0.29733926
0.0,0.28294414
0.0,0.26793152
0.0,0.2676968
0.0,0.3183241
0.0,0.24636135
0.0,0.27576667
0.0,0.5185917
0.0,0.27576667
0.0,0.27825624
0.0,0.28460485
0.0,0.27576667
0.0,0.274625
0.0,0.26804933
0.0,0.30506662
0.0,0.28319085
0.0,0.28702608
0.0,0.28358102
0.0,0.2789369
0.0,0.29386002
0.0,0.2849395
0.0,0.32898074
0.0,0.28360325
0.0,0.29948163
0.0,0.3027237
0.0,0.31994
0.0,0.3329537
0.0,0.35021648
0.0,0.37111923
0.0,0.25350416
0.0,0.26566583
0.0,0.22711635
0.0,0.21541247
0.0,0.2384388
0.0,0.29256344
0.0,0.2748345
0.0,0.23004326
0.0,0.3158012
0.0,0.28522354
0.0,0.2290014
0.0,0.28353253
0.0,0.36541805
0.0,0.38725686
0.0,0.27209252
0.0,0.22302838
0.0,0.27165526
0.0,0.2611687
0.0,0.31883192
0.0,0.21948862
0.0,0.19766793
0.0,0.22920342
0.0,0.2857593
0.0,0.38730973
0.0,0.2825575
0.0,0.27252823
0.0,0.26041645
0.0,0.23928729
0.0,0.19729976
0.0,0.28107253
0.0,0.26219064
0.0,0.4446895
0.0,0.30557215
0.0,0.30939013
0.0,0.24733162
0.0,0.35543323
0.0,0.22565775
0.0,0.28486925
0.0,0.2544846
0.0,0.24359448
0.0,0.28650373
0.0,0.24629036
0.0,0.31632167
0.0,0.22718653
0.0,0.28958067
0.0,0.2910129
0.0,0.22541979
0.0,0.27937406
0.0,0.31414607
0.0,0.22082719
0.0,0.39792776
0.0,0.32758865
0.0,0.25757155
0.0,0.23423076
0.0,0.2312686
0.0,0.39654857
0.0,0.35061044
0.0,0.32031736
0.0,0.19191094
0.0,0.27571058
0.0,0.3478547
0.0,0.31230277
0.0,0.2844809
0.0,0.27500063
0.0,0.2906546
0.0,0.27299303
0.0,0.33582813
0.0,0.22540095
0.0,0.47383595
0.0,0.20304039
0.0,0.31741002
0.0,0.220263
0.0,0.30935016
0.0,0.32138306
0.0,0.34294215
0.0,0.23336907
0.0,0.34294215
0.0,0.27900583
0.0,0.37520996
0.0,0.38567355
0.0,0.2729049
0.0,0.24609558
0.0,0.38567355
0.0,0.2729049
0.0,0.31015864
0.0,0.26375824
0.0,0.26767325
0.0,0.24958067
0.0,0.3063392
0.0,0.3063392
0.0,0.3063392
0.0,0.29269895
0.0,0.2888843
0.0,0.21729049
0.0,0.30855265
0.0,0.27696198
0.0,0.9003312
0.0,0.37145767
0.0,0.28074512
0.0,0.35894346
0.0,0.36032248
0.0,0.33851904
0.0,0.362783
0.0,0.36418205
0.0,0.34974387
0.0,0.37335142
0.0,0.5052206
0.0,0.35355678
0.0,0.4663694
0.0,0.40167695
0.0,0.22565456
0.0,0.26839703
0.0,0.24544354
0.0,0.32417595
0.0,0.2899611
0.0,0.43949643
0.0,0.404828
0.0,0.34989482
0.0,0.28147203
0.0,0.31482735
0.0,0.31286055
0.0,0.424928
0.0,0.3706302
0.0,0.26228112
0.0,0.24428053
0.0,0.27852154
0.0,0.2197937
0.0,0.24682374
0.0,0.2396373
0.0,0.24682374
0.0,0.19250396
0.0,0.19575122
0.0,0.21785018
0.0,0.2634353
0.0,0.21426849
0.0,0.20782796
0.0,0.19717932
0.0,0.17239869
0.0,0.1866449
0.0,0.18274875
0.0,0.22248188
0.0,0.21509743
0.0,0.32283285
0.0,0.2423236
0.0,0.17099392
0.0,0.22232394
0.0,0.17847304
0.0,0.18906972
0.0,0.1649014
0.0,0.18609399
0.0,0.18085547
0.0,0.17809527
0.0,0.26462847
0.0,0.21667981
0.0,0.18026014
0.0,0.18428631
0.0,0.19415225
0.0,0.2487901
0.0,0.17741218
0.0,0.20591788
0.0,0.23360991
0.0,0.18926345
0.0,0.20879254
0.0,0.31639323
0.0,0.29467243
0.0,0.37180907
0.0,0.1645108
0.0,0.23627596
0.0,0.30167875
0.0,0.26828504
0.0,0.23735149
0.0,0.27717528
0.0,0.23752598
0.0,0.2643379
0.0,0.2477108
0.0,0.31481737
0.0,0.24512367
0.0,0.2630674
0.0,0.2013791
0.0,0.2617182
0.0,0.22923136
0.0,0.1696538
0.0,0.25135344
0.0,0.26081118
0.0,0.23143855
0.0,0.26026782
0.0,0.2345244
0.0,0.22664157
0.0,0.2209462
0.0,0.28305984
0.0,0.19932981
0.0,0.22190633
0.0,0.47020668
0.0,0.22190633
0.0,0.23867413
0.0,0.23301668
0.0,0.22190633
0.0,0.23147531
0.0,0.22552872
0.0,0.2666257
0.0,0.24658617
0.0,0.26228458
0.0,0.257359
0.0,0.23807104
0.0,0.27142477
0.0,0.24420723
0.0,0.29325506
0.0,0.24953084
0.0,0.26849887
0.0,0.2658013
0.0,0.28761658
0.0,0.29751998
0.0,0.31766284
0.0,0.3193001
0.0,0.20559855
0.0,0.22395718
0.0,0.18493709
0.0,0.17241344
0.0,0.19119178
0.0,0.26682058
0.0,0.23957805
0.0,0.19699594
0.0,0.2864033
0.0,0.257131
0.0,0.18328233
0.0,0.2540228
0.0,0.33693892
0.0,0.36170536
0.0,0.2373515
0.0,0.17783865
0.0,0.23294313
0.0,0.22462544
0.0,0.26887283
0.0,0.17996511
0.0,0.15968125
0.0,0.18665805
0.0,0.24599943
0.0,0.36179265
0.0,0.24356575
0.0,0.23154485
0.0,0.22033472
0.0,0.1930108
0.0,0.15919156
0.0,0.24469872
0.0,0.21080938
0.0,0.4081335
0.0,0.2869441
0.0,0.27719346
0.0,0.2044396
0.0,0.32601523
0.0,0.18221965
0.0,0.24797826
0.0,0.21299072
0.0,0.19765995
0.0,0.2484142
0.0,0.20091543
0.0,0.28797925
0.0,0.18481171
0.0,0.248028
0.0,0.25758082
0.0,0.1818215
0.0,0.23166096
0.0,0.25942534
0.0,0.1794819
0.0,0.36898476
0.0,0.302167
0.0,0.21173103
0.0,0.18864974
0.0,0.19007944
0.0,0.36519027
0.0,0.31045464
0.0,0.29373083
0.0,0.1544817
0.0,0.22727473
0.0,0.31758484
0.0,0.28298783
0.0,0.24536534
0.0,0.23725817
0.0,0.25845793
0.0,0.22888334
0.0,0.2953616
0.0,0.18384258
0.0,0.30363908
0.0,0.16240141
0.0,0.283825
0.0,0.17749342
0.0,0.27456307
0.0,0.28857407
0.0,0.29167134
0.0,0.18091731
0.0,0.29167134
0.0,0.2415555
0.0,0.3388537
0.0,0.35413337
0.0,0.22101006
0.0,0.1937333
0.0,0.35413337
0.0,0.22101006
0.0,0.27445334
0.0,0.21617012
0.0,0.224955
0.0,0.19615759
0.0,0.26976746
0.0,0.26976746
0.0,0.26976746
0.0,0.25202164
0.0,0.24548519
0.0,0.17033695
0.0,0.27256688
0.0,0.2324645
0.0,0.59033155
0.0,0.335311
0.0,0.23152828
0.0,0.3271131
0.0,0.32725832
0.0,0.29687572
0.0,0.33018717
0.0,0.32962942
0.0,0.31531113
0.0,0.34141344
0.0,0.45968038
0.0,0.31613958
0.0,0.42348784
0.0,0.35094842
0.0,0.18608272
0.0,0.34928164
0.0,0.348319
0.0,0.22649248
0.0,0.21124688
0.0,0.24197182
0.0,0.18810984
0.0,0.22483826
0.0,0.21101317
0.0,0.22483826
0.0,0.15294224
0.0,0.15771416
0.0,0.17330137
0.0,0.22629456
0.0,0.18253164
0.0,0.17346552
0.0,0.16316137
0.0,0.1371074
0.0,0.1492199
0.0,0.14694095
0.0,0.18839407
0.0,0.17743407
0.0,0.26979846
0.0,0.21634188
0.0,0.14330149
0.0,0.19400732
0.0,0.1490145
0.0,0.1625314
0.0,0.13792375
0.0,0.14827845
0.0,0.15450235
0.0,0.14663807
0.0,0.2412839
0.0,0.19049826
0.0,0.15388225
0.0,0.15287928
0.0,0.16306987
0.0,0.21740857
0.0,0.14416125
0.0,0.17839037
0.0,0.19583358
0.0,0.15978566
0.0,0.18287332
0.0,0.25824115
0.0,0.2720875
0.0,0.32928938
0.0,0.13703856
0.0,0.1983794
0.0,0.2744688
0.0,0.2305109
0.0,0.21231803
0.0,0.23933777
0.0,0.19881856
0.0,0.23460408
0.0,0.2200635
0.0,0.2954684
0.0,0.21082497
0.0,0.2169904
0.0,0.17701519
0.0,0.23852117
0.0,0.20256484
0.0,0.14010948
0.0,0.21448235
0.0,0.2289187
0.0,0.20431718
0.0,0.22886315
0.0,0.19426617
0.0,0.2019115
0.0,0.18422236
0.0,0.252395
0.0,0.16226351
0.0,0.18407154
0.0,0.42948374
0.0,0.18407154
0.0,0.21009707
0.0,0.20364404
0.0,0.18407154
0.0,0.20302029
0.0,0.18166983
0.0,0.23992248
0.0,0.21503687
0.0,0.2395577
0.0,0.23245916
0.0,0.20652726
0.0,0.24755907
0.0,0.21206513
0.0,0.26911002
0.0,0.21739998
0.0,0.24592781
0.0,0.24120906
0.0,0.2640721
0.0,0.2744451
0.0,0.29754204
0.0,0.27262574
0.0,0.17333649
0.0,0.19370766
0.0,0.15706529
0.0,0.14367855
0.0,0.15884766
0.0,0.24441323
0.0,0.21390533
0.0,0.1722214
0.0,0.25365385
0.0,0.23310848
0.0,0.15255733
0.0,0.22868952
0.0,0.31790805
0.0,0.34453285
0.0,0.21231803
0.0,0.14634055
0.0,0.1980104
0.0,0.20170312
0.0,0.22422214
0.0,0.15231396
0.0,0.13375454
0.0,0.15470874
0.0,0.21062541
0.0,0.34487477
0.0,0.20895848
0.0,0.19888802
0.0,0.19694889
0.0,0.1606383
0.0,0.13302763
0.0,0.22147378
0.0,0.17868462
0.0,0.37947923
0.0,0.26133502
0.0,0.25126633
0.0,0.17076485
0.0,0.30462128
0.0,0.15435214
0.0,0.22045915
0.0,0.18841498
0.0,0.16442075
0.0,0.21230897
0.0,0.16796526
0.0,0.26887137
0.0,0.15765531
0.0,0.22206673
0.0,0.2291534
0.0,0.15173335
0.0,0.19514553
0.0,0.21907918
0.0,0.14967947
0.0,0.3531011
0.0,0.28082585
0.0,0.1740425
0.0,0.15414447
0.0,0.16130312
0.0,0.34893918
0.0,0.28590652
0.0,0.2718138
0.0,0.1273707
0.0,0.18711123
0.0,0.29606563
0.0,0.25735167
0.0,0.21153453
0.0,0.21150367
0.0,0.23469663
0.0,0.19039106
0.0,0.26002038
0.0,0.15244402
0.0,0.23125835
0.0,0.13490985
0.0,0.25623047
0.0,0.1516511
0.0,0.25842053
0.0,0.26417178
0.0,0.26103014
0.0,0.14280507
0.0,0.26103014
0.0,0.20353046
0.0,0.313934
0.0,0.33079052
0.0,0.18324338
0.0,0.156879
0.0,0.33079052
0.0,0.18324338
0.0,0.23949476
0.0,0.17885228
0.0,0.17987889
0.0,0.1592317
0.0,0.23936474
0.0,0.23936474
0.0,0.23936474
0.0,0.20735852
0.0,0.19193527
0.0,0.13543963
0.0,0.24221699
0.0,0.19027287
0.0,0.39744645
0.0,0.31116176
0.0,0.19233108
0.0,0.3045209
0.0,0.3118242
0.0,0.26426703
0.0,0.30487552
0.0,0.303663
0.0,0.28339085
0.0,0.3159817
0.0,0.42822212
0.0,0.2829478
0.0,0.38622698
0.0,0.3159194
0.0,0.14918366
0.0,0.18386891
0.0,0.31540552
0.0,0.19438425
0.0,0.17877433
0.0,0.19876105
0.0,0.15317461
0.0,0.2022924
0.0,0.18405618
0.0,0.2022924
0.0,0.1163023
0.0,0.12105876
0.0,0.1260157
0.0,0.1799241
0.0,0.14751095
0.0,0.13548335
0.0,0.12777421
0.0,0.10113335
0.0,0.11267147
0.0,0.1102602
0.0,0.1526819
0.0,0.14201714
0.0,0.22783586
0.0,0.1854835
0.0,0.11192323
0.0,0.1686642
0.0,0.12026688
0.0,0.13487442
0.0,0.10947436
0.0,0.11581612
0.0,0.12577395
0.0,0.11972506
0.0,0.2150292
0.0,0.16123979
0.0,0.12522355
0.0,0.11911142
0.0,0.13103703
0.0,0.18638544
0.0,0.1070204
0.0,0.1487685
0.0,0.16634491
0.0,0.12513131
0.0,0.1526089
0.0,0.16715579
0.0,0.24395697
0.0,0.3031815
0.0,0.1077054
0.0,0.16568664
0.0,0.25018364
0.0,0.19098346
0.0,0.18288296
0.0,0.19870646
0.0,0.16292645
0.0,0.21054092
0.0,0.19190064
0.0,0.26934546
0.0,0.17714897
0.0,0.17573623
0.0,0.15144396
0.0,0.20900512
0.0,0.17474619
0.0,0.107547626
0.0,0.1799728
0.0,0.1957713
0.0,0.16889532
0.0,0.201543
0.0,0.1538918
0.0,0.1755434
0.0,0.13754196
0.0,0.22372119
0.0,0.12415041
0.0,0.15576813
0.0,0.38437262
0.0,0.15576813
0.0,0.18102185
0.0,0.16530216
0.0,0.15576813
0.0,0.16951439
0.0,0.13774644
0.0,0.20109853
0.0,0.17886265
0.0,0.21487324
0.0,0.2040852
0.0,0.17581913
0.0,0.21732715
0.0,0.18044487
0.0,0.24570055
0.0,0.1903657
0.0,0.21572128
0.0,0.20777297
0.0,0.24103045
0.0,0.25264746
0.0,0.26806155
0.0,0.22976112
0.0,0.13939257
0.0,0.16739514
0.0,0.12741502
0.0,0.11023197
0.0,0.12569815
0.0,0.2182761
0.0,0.18614905
0.0,0.14323214
0.0,0.21531463
0.0,0.20588684
0.0,0.119214155
0.0,0.20064075
0.0,0.2967474
0.0,0.3183208
0.0,0.18288295
0.0,0.112537384
0.0,0.16625643
0.0,0.17712377
0.0,0.17670286
0.0,0.12226131
0.0,0.10384997
0.0,0.12794042
0.0,0.17597005
0.0,0.31905866
0.0,0.17532036
0.0,0.16746512
0.0,0.17037149
0.0,0.13498612
0.0,0.10330112
0.0,0.1968306
0.0,0.1393168
0.0,0.33751363
0.0,0.23588002
0.0,0.2293859
0.0,0.1395383
0.0,0.2797386
0.0,0.12549368
0.0,0.19359533
0.0,0.1634419
0.0,0.13987024
0.0,0.17792597
0.0,0.14000213
0.0,0.24599895
0.0,0.12939693
0.0,0.19795884
0.0,0.19274095
0.0,0.12244729
0.0,0.1632083
0.0,0.19092235
0.0,0.12035251
0.0,0.33346233
0.0,0.2557431
0.0,0.14271851
0.0,0.12812255
0.0,0.13335752
0.0,0.3278675
0.0,0.22945742
0.0,0.24571648
0.0,0.097477235
0.0,0.1455717
0.0,0.27389368
0.0,0.22515135
0.0,0.17076106
0.0,0.18154126
0.0,0.20712547
0.0,0.155091
0.0,0.22694778
0.0,0.123778224
0.0,0.1960566
0.0,0.10680163
0.0,0.22316197
0.0,0.12401031
0.0,0.23330465
0.0,0.23844624
0.0,0.2279633
0.0,0.1092387
0.0,0.2279633
0.0,0.16515303
0.0,0.2902227
0.0,0.2918482
0.0,0.15246388
0.0,0.12677261
0.0,0.2918482
0.0,0.15246388
0.0,0.20406604
0.0,0.14474341
0.0,0.13616025
0.0,0.1293767
0.0,0.21190648
0.0,0.21190648
0.0,0.21190648
0.0,0.16374508
0.0,0.14875424
0.0,0.10730102
0.0,0.2135118
0.0,0.15413493
0.0,0.27275926
0.0,0.29128927
0.0,0.1524961
0.0,0.27918503
0.0,0.29161587
0.0,0.22432384
0.0,0.27669227
0.0,0.2774222
0.0,0.25418708
0.0,0.28741023
0.0,0.39409262
0.0,0.2492371
0.0,0.34798446
0.0,0.27244213
0.0,0.112823084
0.0,-0.026639426
0.0,0.25413084
0.0,0.11612377
0.0,0.12727499
0.0,0.10192199
0.0,0.10622902
0.0,0.15058759
0.0,0.13548388
0.0,0.15058759
0.0,0.06761472
0.0,0.074175194
0.0,0.03599125
0.0,-0.03985594
0.0,0.09742462
0.0,0.08252408
0.0,0.07931153
0.0,0.05210974
0.0,0.063313685
0.0,0.060076647
0.0,0.104719654
0.0,0.09368053
0.0,0.17701277
0.0,0.1302079
0.0,0.061993085
0.0,0.11566154
0.0,0.07127811
0.0,0.0896093
0.0,0.061878078
0.0,0.07471277
0.0,0.078574695
0.0,0.07813285
0.0,0.16784887
0.0,0.116593465
0.0,0.06269032
0.0,0.06486044
0.0,0.074067175
0.0,0.14211151
0.0,0.048581727
0.0,0.096258655
0.0,0.123027936
0.0,0.06584754
0.0,0.0993994
0.0,0.093008325
0.0,0.17459859
0.0,0.2558046
0.0,0.06028261
0.0,0.10122631
0.0,0.20899174
0.0,0.122986175
0.0,0.12911257
0.0,0.12781808
0.0,0.10813502
0.0,0.1680739
0.0,0.13436225
0.0,0.21664429
0.0,0.12428999
0.0,0.121276714
0.0,0.10626396
0.0,0.16451596
0.0,0.13462515
0.0,0.04842312
0.0,0.123101905
0.0,0.15081747
0.0,0.11335142
0.0,0.14582601
0.0,0.09795365
0.0,0.1281105
0.0,0.07257478
0.0,0.16884698
0.0,0.065328345
0.0,0.117344335
0.0,0.32488108
0.0,0.117344335
0.0,0.12633315
0.0,0.10241618
0.0,0.117344335
0.0,0.1122845
0.0,0.086154684
0.0,0.08353814
0.0,0.048807316
0.0,0.16889705
0.0,0.15897055
0.0,0.12934054
0.0,0.17184499
0.0,0.13681751
0.0,0.139287
0.0,0.13471675
0.0,0.16802557
0.0,0.15452613
0.0,0.16219689
0.0,0.14282969
0.0,0.21741939
0.0,0.17165545
0.0,0.085206024
0.0,0.12490499
0.0,0.07932944
0.0,0.058153324
0.0,0.07270128
0.0,0.1641891
0.0,0.14645275
0.0,0.094291
0.0,0.14059612
0.0,0.15147007
0.0,0.06593376
0.0,0.14954394
0.0,0.25327158
0.0,0.2677773
0.0,0.1291126
0.0,0.05889814
0.0,0.11849527
0.0,0.13314375
0.0,0.108125344
0.0,0.071559496
0.0,0.055156864
0.0,0.08636658
0.0,0.12323215
0.0,0.26844767
0.0,0.123137295
0.0,0.117871046
0.0,0.122338794
0.0,0.094522156
0.0,0.055717766
0.0,0.14567563
0.0,0.074655995
0.0,0.27213478
0.0,0.18348648
0.0,0.18969643
0.0,0.095020585
0.0,0.23699892
0.0,0.07928083
0.0,0.14560916
0.0,0.11826925
0.0,0.0981278
0.0,0.124207534
0.0,0.09435414
0.0,0.19263919
0.0,0.08514824
0.0,0.13408469
0.0,0.13673636
0.0,0.077740155
0.0,0.11978749
0.0,0.14934829
0.0,0.07170869
0.0,0.28338623
0.0,0.19279559
0.0,0.100391544
0.0,0.08648026
0.0,0.08629151
0.0,0.28256872
0.0,0.1679068
0.0,0.1833684
0.0,0.04245346
0.0,0.092015564
0.0,0.23247874
0.0,0.1693328
0.0,0.111647926
0.0,0.12074143
0.0,0.15245524
0.0,0.10475092
0.0,0.18116426
0.0,0.07786512
0.0,0.15909427
0.0,0.061758768
0.0,0.16675183
0.0,0.07862214
0.0,0.17801335
0.0,0.19422734
0.0,0.17779025
0.0,0.06721295
0.0,0.17779025
0.0,0.10709095
0.0,0.24141112
0.0,0.21320637
0.0,0.10865065
0.0,0.08319955
0.0,0.21320637
0.0,0.10865065
0.0,0.1466716
0.0,0.10268559
0.0,0.08484842
0.0,0.08543487
0.0,0.1693896
0.0,0.1693896
0.0,0.1693896
0.0,0.09804856
0.0,0.07145508
0.0,0.066520855
0.0,0.16893724
0.0,0.096900515
0.0,0.17234203
0.0,0.24920067
0.0,0.07512674
0.0,0.2288971
0.0,0.23860998
0.0,0.16771993
0.0,0.22840448
0.0,0.23147719
0.0,0.20755486
0.0,0.24748453
0.0,0.35124177
0.0,0.2006242
0.0,0.29134387
0.0,0.21482714
0.0,0.063296296
95.18008564,95.37621
90.41788362,89.1003
124.2415039,123.04509
148.5174778,145.93343
174.2333811,169.8334
112.6520904,109.17368
151.4995183,148.42253
59.79152667,59.773937
101.0140228,98.29404
111.3766164,109.770836
117.8318525,114.54114
106.2392899,105.82843
102.3658042,101.45629
103.4568991,100.92686
79.74302243,87.0738
142.6949137,141.32599
173.9340364,172.93793
96.3972779,95.22511
65.34979585,63.16154
98.28573045,96.72246
111.7104637,106.27173
102.1008412,98.75188
104.4579018,100.24042
122.2538899,118.14469
116.7827204,114.8052
113.9452514,110.63816
64.59574139,63.62063
126.9738888,124.95888
151.4995183,148.42253
90.88196129,88.27629
127.3243406,123.278305
151.4995183,148.42253
83.98312713,84.36086
119.4911044,118.6219
148.5174778,145.93343
191.8647018,185.38258
122.3717638,121.01133
139.112959,133.55345
93.64112345,92.278984
63.39511355,65.960014
121.0349123,117.41319
117.0093329,111.78351
87.90442512,87.49619
110.2118956,106.253334
114.9793285,109.97485
111.2460382,106.54032
111.2460382,106.54032
94.62008416,93.88419
66.89128508,66.46812
110.0767879,107.50492
71.45896296,71.79012
142.3703034,138.65378
148.5174778,145.93343
117.7205589,118.14885
194.4779589,191.11064
168.3015415,163.33269
177.9804747,171.8148
175.030788,168.7667
85.07271449,82.57994
86.75361352,83.605774
90.76712795,88.98718
101.1466798,99.628586
88.6379091,91.19351
90.94484223,88.159645
99.43043907,92.89435
111.1668311,107.46796
120.3892051,119.853905
113.8564166,111.379234
99.80183113,97.66591
148.5174778,145.93343
175.9544919,169.89583
173.0481318,171.70387
176.0700708,173.96942
184.684945,179.78928
169.9999166,170.39449
89.84168482,86.64837
177.9804747,171.8148
175.030788,168.7667
176.0150962,174.05815
101.960385,100.073044
148.5174778,145.93343
207.1058007,195.35014
133.166596,130.81116
201.1209417,191.492
110.1622295,108.321754
125.0660533,123.545456
106.4928913,104.78556
104.2937984,103.52788
127.4567749,121.65788
118.8094764,115.73025
90.25605237,87.638664
147.0720098,139.7447
102.889832,97.885994
108.8833802,106.73885
151.4995183,148.42253
171.1744227,171.43011
94.23406614,93.664314
101.9048805,99.03497
101.1466798,99.628586
159.3184645,154.31166
140.8678225,145.21729
75.71381076,72.94773
82.52511661,79.08314
80.65649504,77.2042
101.1466798,99.628586
178.7002941,179.33691
119.3572296,115.03695
159.7866708,152.33682
118.3796581,118.13181
150.3707932,146.9647
101.1466798,99.628586
134.6298062,134.1731
135.2705442,134.96289
155.7708767,148.7163
148.5174778,145.93343
89.63565831,84.40239
95.37304601,93.48006
94.19376981,93.7501
94.19376981,93.90601
94.78294957,95.314644
95.37304601,96.074326
95.964059,97.229164
97.5964622,98.240616
84.89166423,85.75226
100.0681662,98.85608
104.5157674,102.77993
109.382925,107.63843
115.1108624,114.38383
120.1016516,121.46061
123.3691143,125.723854
132.521719,137.90765
134.1221979,138.80734
86.95220373,89.42222
91.01596702,92.88621
86.73925323,86.377106
86.73925323,86.89088
88.8089128,89.14114
93.29816974,94.163895
99.40146782,98.45101
101.7506423,104.18614
105.4418786,102.28358
122.5554275,123.9761
131.3600971,131.0812
139.1812834,140.57747
136.7313218,136.95752
140.2733016,139.002
149.4894206,151.39893
149.7304106,151.04005
149.8011268,153.99585
105.4418786,102.94409
106.7834985,103.15713
107.7448334,106.91243
107.7448334,107.07008
108.9655155,111.78998
111.2885206,114.95333
111.7555927,115.16614
118.5857569,120.38005
91.2547185,90.418594
172.7021336,166.457
95.20891096,94.54423
73.59826456,73.500595
104.6062047,102.128235
81.08610423,78.67636
98.52932338,97.48888
84.78406658,79.760376
102.2471578,99.98901
100.3884209,98.2372
105.1368885,102.014
148.5174778,145.93343
179.2497467,176.78403
109.1408207,106.51161
110.3028108,106.260376
197.0150062,185.4085
144.77437,139.86429
114.0729557,113.244644
150.3590584,150.60214
129.1792138,125.56288
151.4995183,148.42253
88.22228471,88.99333
103.8145836,102.452805
71.19583076,72.872574
147.5109182,143.38875
97.90781574,95.97948
83.12779961,80.9207
99.24657531,97.66631
77.7602022,74.348755
110.9778923,110.000084
151.4995183,148.42253
196.5490164,195.7013
157.4328371,149.32019
85.27994798,84.51541
140.0484048,137.00378
85.77920288,86.64757
140.4386261,141.72974
124.2366127,120.98832
113.0932744,110.94899
148.5174778,145.93343
176.0700708,173.96942
90.26161535,91.01458
148.5174778,145.93343
180.2056035,173.1564
99.91961806,95.23898
93.41947919,86.30296
148.5174778,145.93343
176.0150962,174.05815
84.70776544,88.65143
145.3448793,141.70204
126.4437511,123.10325
130.2620653,125.37205
99.61194423,96.8105
111.6008925,108.48714
111.9935554,110.31273
108.0369534,106.626114
123.1744706,122.1582
102.4182183,99.54222
103.2440464,100.34042
111.9522799,109.609436
124.5160892,120.43815
113.8757716,110.84957
125.9195265,125.71857
104.1099789,102.434044
130.3513559,127.52954
75.99389332,76.00952
121.993841,117.17238
151.9277172,146.84256
144.0831041,140.01247
121.5039537,116.883804
114.5058258,110.5912
123.269332,123.99011
139.8270758,134.56473
128.5885237,125.384964
132.1033607,129.6083
98.84288437,94.308426
102.2443994,102.055305
103.6596279,103.32986
125.1067431,120.49744
142.6106363,140.01846
152.3063874,146.86557
152.6031353,147.87198
146.614223,143.88649
149.6739977,146.72784
156.3898215,153.68417
151.4995183,148.42253
87.14806413,85.25187
80.62302134,79.90202
101.1466798,99.628586
179.2908944,170.1114
94.57519041,94.30433
109.2941878,106.272484
148.5174778,145.93343
174.4028272,168.56091
129.5659617,126.37777
115.6296438,112.12639
148.5174778,145.93343
82.11417632,82.925125
115.2326908,110.28758
148.5174778,145.93343
81.52107085,81.66423
134.0305687,133.0461
97.18750384,95.286545
93.23192246,91.462944
151.4995183,148.42253
57.05083889,56.35842
98.83975876,97.28915
151.4995183,148.42253
76.4957852,75.69206
93.93059263,94.3375
72.74857284,71.48531
133.4330035,134.18616
117.1867968,113.54177
128.1287676,125.00928
121.3210912,118.62624
126.3540698,123.82359
122.601428,120.35451
175.9996656,173.11801
160.7452915,154.01321
159.8444875,154.5664
146.2241767,142.37848
148.5174778,145.93343
124.6811365,121.52761
187.6092668,179.59924
103.9882057,101.18676
62.18698063,61.3704
112.3713015,107.830444
124.5543459,122.94818
151.4995183,148.42253
87.77578254,89.38531
115.9010754,111.69808
151.4995183,148.42253
66.69826511,68.21561
99.47223522,98.50683
98.84582189,95.895226
100.264239,98.12211
101.1466798,99.628586
116.4634752,112.59823
151.4995183,148.42253
64.20844381,62.08091
96.24024967,95.29734
151.4995183,148.42253
69.8865442,69.65294
138.3892141,137.11322
106.5573664,110.86223
136.7747784,134.71768
90.33771205,88.77204
105.0990051,101.656944
109.2549343,105.68056
104.6195097,101.9363
69.18662907,68.89772
93.48298005,92.31252
67.78378045,68.29091
115.7023424,113.57179
148.5174778,145.93343
175.2156746,165.37102
115.2409364,113.02451
148.5174778,145.93343
155.2385194,153.69852
168.3015415,163.33269
177.9804747,171.8148
193.3439973,190.13657
108.3937906,106.4398
122.2089508,121.8905
104.6199498,104.010376
102.6416437,102.50682
127.4567749,121.65788
110.4614431,107.53839
148.5174778,145.93343
188.9848843,185.73854
190.3269778,186.47623
177.9804747,171.8148
193.3439973,190.13657
99.15053927,96.91504
102.7980895,100.67064
101.1466798,99.628586
170.2016231,169.4633
100.0497706,98.33174
95.48552235,95.44126
148.5174778,145.93343
175.6065678,173.07108
132.6668712,130.53915
140.6073711,132.76913
105.035588,101.09895
102.5019234,102.80802
105.1144608,102.051735
100.3856929,101.43925
103.7854181,99.928856
77.0099673,76.467384
100.7429552,97.94841
73.99246812,73.688644
95.35001306,90.367874
163.9148674,157.23697
105.0819408,102.87527
65.26505961,64.38968
94.06064144,93.179184
69.56246883,70.17226
107.1662528,103.5876
121.086483,121.3716
152.1879389,143.75632
117.0342982,113.98159
106.3728251,103.56804
67.62396786,70.92104
89.89309847,87.87337
151.4995183,148.42253
69.2867002,68.7846
98.85327727,97.44917
102.5019234,102.80802
102.5336273,101.23346
81.5901281,78.731415
106.4514405,104.9279
75.82620129,76.26554
110.6069356,108.3094
79.19290086,78.72099
108.1850284,103.987595
75.55366027,75.283966
108.9303904,106.46045
71.98524154,71.96998
109.7895323,107.92291
148.5174778,145.93343
172.1884869,167.06326
113.8391543,108.877686
148.5174778,145.93343
171.1395344,165.33829
107.5606451,105.25893
121.5938496,119.956406
112.7364372,109.188
96.28914767,94.72801
118.3600389,115.056175
120.3852755,117.444984
87.16456788,85.96493
121.3356549,116.60632
163.9148674,157.23697
160.1272275,154.24597
108.3279044,105.677635
113.1637206,109.39701
108.3279044,105.677635
122.529025,120.20048
106.3106043,103.397156
109.4345447,110.9008
100.8707876,99.590805
101.4363297,100.93034
108.3828881,104.66089
100.4099871,99.93367
111.4460462,107.64667
94.72879993,93.293076
105.0485157,102.11489
101.872543,101.0168
105.7112587,103.55599
105.1225943,104.66565
104.9191122,103.82041
86.39130248,85.01116
125.461488,119.7805
83.74035622,83.44122
111.6764407,108.14828
109.9399725,106.35835
109.7957289,108.054245
111.810754,107.411575
102.203107,101.26457
105.533337,102.31436
100.2243246,99.94563
106.0317319,103.27324
96.23460229,94.05345
105.0126605,102.390854
108.1081616,106.24487
106.7304767,103.96224
108.4081469,107.44198
108.0854182,104.42256
107.200596,106.60809
108.6846502,104.88216
100.2748941,101.62714
112.2831201,108.875755
107.9551861,106.956604
102.2885445,101.072174
118.3544407,114.57566
103.3276703,101.30726
100.7996775,101.13933
107.189091,104.42338
107.4996851,104.905624
106.8044135,104.031334
107.3221549,106.576584
97.55343269,97.66669
103.2863112,103.33385
105.2680189,102.57039
107.1876417,106.045555
105.6070014,102.58549
100.7032219,99.90935
109.4819625,106.8677
104.2885885,104.34746
108.5347024,106.44435
118.5781322,115.18685
100.3835511,99.527176
104.4098217,101.94683
106.3794995,106.08472
116.6665417,112.2877
78.80433923,76.45123
115.6161942,111.70039
111.7721497,107.902054
81.27668463,79.34889
118.0112273,113.971176
101.5241489,100.281715
107.6520353,107.19452
108.3631583,104.80222
106.9267119,106.440895
101.9815862,100.83156
95.46673351,93.30418
101.0380827,100.70447
103.9073722,103.5781
105.7143963,102.67554
103.4973909,103.23324
