,0
0,1.6964319999999988
1,4.206241
2,-0.515705999999998
3,13.792183000000001
4,4.29401
5,2.6968144000000005
6,4.613264999999999
7,-1.8159099999999988
8,7.454943
9,-3.0669197000000006
10,-2.978152999999999
11,-1.5344049999999996
12,4.736284000000001
13,17.372390000000003
14,-23.824504999999988
15,0.4560449999999996
16,1.3506870000000006
17,-0.8126320000000007
18,-4.419026000000002
19,-5.245560000000001
20,-0.5770863999999998
21,2.4961425000000004
22,2.1883127
23,0.8627691999999998
24,0.9204120000000007
25,-0.923884000000001
26,0.2472360000000009
27,0.17039300000000068
28,-0.8254608000000001
29,0.738683
30,-3.5361400000000005
31,-0.6699579999999994
32,-2.172136
33,-0.4680679999999988
34,1.2979408
35,-0.6053920000000002
36,-0.7459630000000006
37,0.8989360000000008
38,0.722823
39,-2.6830099999999995
40,-5.234166
41,-4.948178
42,-1.8074589999999997
43,-4.495361000000001
44,1.6474505000000006
45,0.33352699999999835
46,-0.5208429999999993
47,3.9482930000000014
48,0.8632589999999993
49,1.5490560000000002
50,-0.11880999999999631
51,13.879040000000003
52,6.246146999999997
53,4.7998660000000015
54,7.1186996
55,-2.7727739999999983
56,-7.783741762999995
57,-3.0941587777777784
58,-14.713164777777777
59,-15.718031777777767
60,-7.678039962999989
61,-5.102857777777778
62,18.7631473
63,-3.6668840000000005
64,17.166959300000002
65,9.2535505
66,-8.997551
67,4.7585664
68,-0.9621579999999996
69,5.148930999999999
70,-10.646066000000001
71,-2.9874050000000008
72,-2.8743179999999997
73,0.0009984999999996802
74,-6.402475
75,-5.4388556
76,2.3617882999999997
77,4.222833
78,0.6067533000000003
79,2.6894109999999998
80,-7.421146
81,0.44627399999999984
82,-5.096278
83,1.9616699999999998
84,10.499435000000005
85,-20.519254888888888
86,7.274484111111111
87,-4.847185111111109
88,8.275734333333332
89,-7.916655333333331
90,8.138532555555555
91,0.9786197777777801
92,6.268041744444445
93,5.441701888888888
94,6.24332933333333
95,1.3744960000000006
96,14.513020222222224
97,3.7481952222222183
98,0.7233442222222166
99,0.8748784000000001
100,0.9425288
101,1.0057364
102,-1.1704124999999999
103,9.782849
104,-0.8121349999999998
105,0.4930294000000002
106,2.0947249
107,-0.7529564000000013
108,6.228430599999999
109,0.98645573
110,4.789286000000001
111,5.3581496
112,3.1552879999999996
113,-4.71632
114,3.9052279999999997
115,4.0398703
116,-0.3776563000000004
117,2.2709184
118,-0.5340479999999999
119,8.5745307
120,3.7673619999999994
121,3.6033180000000016
122,-6.832955000000002
123,4.202883999999997
124,0.6253012
125,3.6353760000000004
126,1.2052549999999975
127,0.052560000000006823
128,-1.0322440999999998
129,-2.0580630000000006
130,1.2265049999999995
131,5.606759
132,0.8825299999999956
133,-7.09628
134,-3.197336
135,8.712336
136,-6.664450000000002
137,3.4871440000000007
138,-1.0151439999999994
139,3.9942526000000003
140,3.796345
141,-2.2473511
142,-1.3608439999999993
143,9.486647000000001
144,0.2170556
145,-1.7349828000000003
146,7.025577500000001
147,-6.290609000000001
148,-0.31347709999999995
149,-1.0881224999999999
150,1.165835
151,2.4139653
152,1.2400400000000014
153,-7.161769
154,-0.7260780000000002
155,0.5992829999999998
156,-3.1481589999999997
157,8.700315
158,6.503218
159,-3.5897315300000003
160,0.1910653
161,0.9503063
162,3.8577280000000003
163,-1.8080719999999992
164,2.4778507999999997
165,0.22747720000000005
166,-3.633966799999999
167,-4.112679
168,1.2469725
169,5.6400828
170,3.6101172999999998
171,-1.1365506000000005
172,3.5419659999999995
173,-6.402187499999998
174,1.2724653000000004
175,-2.466786699999999
176,-4.611098500000001
177,8.209521
178,-0.26846060000000005
179,-3.8658810000000017
180,3.9717234
181,1.2686525999999998
182,-1.002575300000001
183,-0.99024
184,-0.2435468999999999
185,3.3586280000000004
186,-0.3075379999999992
187,6.3807610000000015
188,4.1898938
189,-6.2362652999999995
190,-0.3944213999999988
191,-6.2985179
192,-2.567476000000001
193,1.425339000000001
194,0.08298050000000146
195,8.4959253
196,0.23138600000000054
197,1.0721019999999992
198,-1.089219
199,-0.5335985000000001
200,-0.7283380000000017
201,1.7239543
202,-6.692739999999999
203,4.106014
204,5.4848482
205,-1.8428785000000003
206,-1.5627404999999994
207,-3.275184000000001
208,0.9478393
209,-3.0551757000000004
210,-1.013591
211,1.2715069999999997
212,-6.0551759999999994
213,3.0271659999999994
214,-2.381564000000001
215,-2.1143709999999993
216,-2.8393109999999986
217,-1.0239860000000007
218,-4.6139143
219,0.7522114
220,0.7853689999999998
221,-0.8945496999999989
222,-1.9379479999999987
223,-2.7587569999999992
224,2.9236262
225,0.9725758
226,1.780952
227,5.403928
228,-1.1394594999999998
229,5.1063827
230,5.3325496999999995
231,-0.820703
232,-1.9909120000000016
233,0.3924580000000013
234,5.4663200000000005
235,-1.1889557000000002
236,-9.234160999999999
237,-0.8139520000000005
238,-1.5599917000000003
239,5.0450284
240,-3.0416824999999994
241,9.912061000000001
242,-1.2802399999999992
243,2.2217409999999997
244,-4.2308772
245,2.476895
246,4.311863
247,-3.6339609999999993
248,-4.2533758
249,0.8979660000000003
250,2.7072817000000002
251,5.819958
252,7.781313000000001
253,1.759741
254,1.8693320000000018
255,-4.2298616
256,-3.510155000000001
257,6.5079769999999995
258,1.828297
259,2.2737687
260,0.8454533000000004
261,0.6802159999999997
262,-1.3621689999999997
263,2.0739730000000005
264,-0.4996024000000001
265,2.007619
266,1.8171153000000002
267,-0.7493829999999999
268,-1.1271088999999999
269,0.70044
270,-2.7825960000000007
271,3.2873284
272,-2.0259280000000004
273,1.8686729999999976
274,-1.2232339999999997
275,4.363269
276,-0.6985089999999996
277,3.8720099999999995
278,-0.4646499999999998
279,-14.334361874999999
280,2.6813199999999995
281,-18.166558
282,3.304934999999997
283,-9.411337
284,-7.702971999999988
285,-1.9572800000000008
286,-0.03789700000000096
287,8.246292
288,-5.994505
289,-2.161024000000001
290,-3.562344000000003
291,12.731189
292,-5.251932
293,-7.871630000000003
294,7.325000000000003
295,5.120766000000003
296,7.906410000000001
297,13.417155999999999
298,4.635494000000001
299,-7.215916
300,-9.990654000000006
301,-4.990654000000006
302,-2.9888501111111108
303,-8.970134
304,9.136555000000001
305,-10.089609
306,-1.2834380000000003
307,11.483343999999999
308,-17.87589777777778
309,-10.053047777777778
310,-5.615780777777779
311,-18.38469277777778
312,1.2685622222222293
313,-7.796171777777779
314,-9.765471777777769
315,-2.565997777777767
316,-6.91137777777778
317,13.008824811111111
318,11.907503222222221
319,-9.098373555555561
320,9.608577222222221
321,-4.317323
322,-6.252575
323,-3.8548519999999993
324,-2.3830365999999996
325,8.854568
326,-5.4382844
327,5.651648
328,-0.9482079999999993
329,-0.5806236
330,-3.507579
331,8.049887
332,-0.5517880000000002
333,1.558758000000001
334,6.468055999999997
335,1.9558899999999966
336,-5.4402900000000045
337,-14.756467111111114
338,-7.081569444444444
339,-10.374872222222216
340,-7.812410222222219
341,-1.998115222222225
342,-0.311587966666667
343,1.9106342555555553
344,6.616471777777779
345,2.2964772222222205
346,1.7895321111111109
347,7.3962569999999985
348,-7.056658222222222
349,-1.99411677777778
350,7.01551377777778
351,9.549071999999999
352,1.7779544444444397
353,-6.38888
354,1.5795552
355,-0.5988587999999999
356,-2.8621219999999994
357,4.263937
358,7.332263000000001
359,-5.565796000000001
360,2.7690330000000003
361,3.263525999999999
362,-4.680626299999999
363,-4.444022
364,0.985144
365,5.4630075
366,0.7765329999999988
367,1.8568449999999999
368,-1.8850382000000003
369,-4.2575709999999996
370,1.0241737000000004
371,0.7852140000000016
372,0.15145549999999997
373,1.6229600000000008
374,-4.5082889999999995
375,-9.748936
376,2.779129
377,0.5531639999999989
378,9.393082
379,1.490933
380,-2.4216467999999995
381,4.202684999999999
382,2.7144819999999994
383,-0.22944749999999914
384,-4.178305400000001
385,-2.8442439999999998
386,2.4373239999999985
387,-0.21425699999999992
388,0.2508419999999987
389,-1.886666599999999
390,1.8303294999999995
391,1.1026290000000003
392,-6.962379999999996
393,-2.83777
394,-1.8643470000000004
395,4.2955130000000015
396,-5.372646
397,9.130765999999998
398,1.08382000000001
399,-0.735754
400,-7.399857000000001
401,-3.2794600000000003
402,4.287172999999999
403,-1.6155299999999997
404,4.288363299999999
405,2.6116160000000015
406,4.2873920000000005
407,-4.992936
408,16.638670000000005
409,4.706249
410,-2.4142645000000016
411,-11.313972
412,-8.70646
413,1.4923965
414,3.4303110000000006
415,-6.234961000000002
416,3.4124490000000005
417,-0.7621830000000003
418,-8.513080000000002
419,6.3528030000000015
420,1.5889799999999994
421,-0.18582299999999918
422,-1.9071769999999972
423,-9.843713000000001
424,3.79730765
425,3.204577
426,1.4407022999999999
427,-3.782065000000003
428,10.927620000000001
429,-0.1269522999999999
430,2.9957195999999997
431,2.8078649999999996
432,-2.8586729999999996
433,0.8413010000000001
434,0.9645449999999984
435,-3.423506999999999
436,5.524743
437,15.787176999999996
438,-55.01164000000001
439,4.026856000000002
440,1.3845550000000015
441,3.2477929999999997
442,2.3422020000000003
443,-1.918277999999999
444,-7.693240000000003
445,11.459129999999988
446,-11.144179999999992
447,-1.3973999999999975
448,0.6576129999999996
449,5.352636
450,3.3005009999999997
451,1.8525593
452,-2.868468
453,0.09423539999999875
454,2.7829819999999996
455,0.6391670000000005
456,-1.5035100000000003
457,-2.408035
458,8.293156
459,1.2310898
460,1.1661807000000002
461,0.974335
462,-5.6292855
463,-4.2175080000000005
464,0.07804500000000125
465,-2.3688129999999994
466,-0.27995879999999995
467,1.0079404
468,-0.29498770000000185
469,2.074158999999999
470,-2.255585999999999
471,2.8421402999999996
472,4.741624999999999
473,-5.997579
474,-7.606531
475,-2.3715785
476,-0.2398189999999989
477,5.4823793
478,-7.098538999999999
479,-1.635628399999999
480,0.31573400000000085
481,3.486349
482,4.070468999999999
483,-0.060912100000000136
484,2.443779518
485,2.7758946
486,-0.8022989999999988
487,6.9553970000000005
488,1.5021959999999999
489,2.5360368760000003
490,-5.056607600000001
491,0.4878550000000015
492,-2.72204083
493,3.0338791
494,2.3303279999999997
495,2.7645003
496,5.174481000000001
497,0.564665999999999
498,-1.9201460000000008
499,5.7169256
500,-1.8233160000000002
501,2.6992955000000016
502,-1.0465669999999996
503,5.080079999999995
504,-11.31886750000001
505,3.8348481250000077
506,-1.7614629999999991
507,3.521766999999997
508,-6.375450000000001
509,-44.937824
510,-16.15922777777778
511,-4.728300777777768
512,6.737694222222224
513,-17.123953777777757
514,4.620591777777777
515,1.47625711111111
516,5.2368221111111115
517,4.484986444444441
518,3.3706851111111114
519,11.540670777777777
520,4.8758045555555505
521,-3.1864507777777806
522,1.5010158888888885
523,6.310497000000002
524,-16.29159488888889
525,-1.498493333333343
526,-8.400037777777769
527,-16.54644638888889
528,14.25172622222222
529,-8.16458366666667
530,-10.23680588888889
531,8.20280311111111
532,-3.9850507777777793
533,-5.9549561111111124
534,-11.693619111111108
535,9.725572222222226
536,18.151302222222228
537,-23.046197777777806
538,-3.1951356000000004
539,14.248745
540,12.356731
541,0.8914462222222195
542,3.102290888888888
543,4.7095395555555495
544,0.9090556666666672
545,-1.0590874444444403
546,11.870501777777775
547,-2.0183871111111102
548,-22.225710777777778
549,-0.12997377777777785
550,-15.440797777777778
551,6.61672511111111
552,12.81664633333333
553,3.4726433888888932
554,-11.394882555555562
555,-0.31233533333332986
556,15.36153227777778
557,-6.617104777777779
558,-7.59011311111111
559,6.894052166666665
560,0.1939850000000014
561,-9.14684311111111
562,-20.87290877777778
563,0.5338755555555608
564,-1.3374846666666613
565,-0.487353111111112
566,10.071497
567,-8.1950097
568,7.5450476
569,6.019269888888889
570,0.0302327555555556
571,12.50941455555556
572,3.4779752222222236
573,13.817512999999998
574,-11.059107000000001
575,5.298817
576,4.286933
577,-4.7853639999999995
578,-10.988489600000001
579,-12.849035
580,7.0030920000000005
581,-14.049513
582,14.909039499999999
583,13.894421600000001
584,2.9987164
585,-5.6136723
586,5.001849
587,-5.8179636
588,13.368427
589,7.853045000000002
590,-17.254272
591,-9.303412999999999
592,-8.658425999999999
593,6.398844
594,9.722515000000001
595,8.179023999999998
596,9.830530000000003
597,10.67775
598,13.160388999999999
599,16.450104
600,-7.473236
601,7.050366
602,3.9903639999999996
603,0.8311119999999974
604,-4.864052999999998
605,-5.567043377777781
606,2.020363555555555
607,-4.314475
608,1.2238811555555564
609,-3.5215106666666713
610,-7.69306466666667
611,-5.208186777777781
612,-0.04685699999999926
613,-2.6833709999999993
614,10.7029505
615,4.331785
616,15.858918
617,5.076701
618,5.333614000000001
619,-7.121276999999999
620,-0.13992284444444447
621,-5.16811366666667
622,-1.9339333333333286
623,4.432733333333334
624,5.3506821111111105
625,-8.971144
626,1.1288560000000007
627,-13.55216611111111
628,5.863949111111111
629,-6.30271755555556
630,17.063391555555555
631,-17.91382788888888
632,-8.452994888888892
633,-8.519661555555562
634,-3.95566333333333
635,0.5932004444444381
636,-5.851244000000001
637,-1.8779451111111065
638,1.128061444444441
639,-1.5272017777777798
640,-15.069014666666671
641,8.414021444444442
642,1.9140214444444386
643,2.0756140000000016
644,-6.424464377777779
645,7.237163000000001
646,8.480226481077402
647,17.6808071290542
648,13.180833209735002
649,16.062222785801
650,4.0615375077784
651,10.780051509743602
652,-3.9566842353638982
653,-0.05382859012989982
654,-6.977679475622814
655,-10.84811986632355
656,-3.8332935665818226
657,-7.579094017737262
658,13.958449412216492
659,3.2163884587282965
660,9.9317998206017
661,16.930398368998702
662,7.687278613234497
663,4.809012527078901
664,-6.338713307705472
665,-9.180097759530177
666,-16.135016537262196
667,3.7243759545080017
668,5.5543435705806985
669,0.40305199401169745
670,-10.503751142004099
671,-22.06622817196294
672,-17.658777816542397
673,-0.050065331096398324
674,17.8345931042941
675,10.598551144435724
676,-4.458437118032499
677,0.9126094232699025
678,-6.567628932473799
679,-12.352480109772017
680,-9.879744092979877
681,1.9865296815382294
682,9.363877664540798
683,0.024834218817197495
684,6.684381517331161
685,-0.5736699664661913
686,1.1916768942925984
687,10.1875822401183
688,-8.409008052883486
689,6.588703518483928
690,1.4120532037952316
691,1.2698858469486893
692,5.013113235146989
693,2.18687005309069
694,-8.241923305773103
695,-9.904379284993311
696,-2.1550036569993036
697,-11.4195924475937
698,-3.4542677808064983
699,13.412384596999999
700,4.9997203079999935
701,11.277549999999998
702,-9.292182000000004
703,-0.7622500000000016
704,10.273797000000002
705,16.648204999999997
706,32.237196
707,2.3007043333333286
708,-11.91688666666667
709,1.4471237058194006
710,-3.9814876241034014
711,-13.107025795892142
712,11.929381999999997
713,-1.2290379999999992
714,0.7696100000000001
715,-6.7415730000000025
716,16.071203
717,9.331548999999999
718,-15.611336000000001
719,-37.700485
720,-2.6960508286602014
721,-8.306706330795109
722,-4.059012369367167
723,-12.591514671438794
724,15.095195626731105
725,8.989992035738904
726,14.399748568247599
727,-7.916922777777778
728,-1.0783559999999994
729,6.077490000000001
730,-19.331357777777768
731,-12.040387777777767
732,-39.8535277777778
733,10.945395000000001
734,-6.548045999999999
735,-5.108400000000003
736,2.5800100000000015
737,1.1868020000000001
738,-4.000973000000002
739,9.322970999999999
740,-0.6854820000000004
741,12.195011000000001
742,7.828222
743,7.543024111111112
744,2.3181849999999997
745,-3.842613
746,-10.94994466666667
747,-0.27122433333332907
748,8.609757333333329
749,1.2893870000000014
750,1.5371469999999992
751,-5.207401000000001
752,-11.542948777777777
753,8.767138844444446
754,-10.80639
755,9.917678
756,-2.229807777777779
757,-3.7608554444444398
758,7.272760999999999
759,-6.23654477777778
760,-0.18818577777777534
761,7.25880722222222
762,-5.92106177777778
763,-1.76816777777778
764,-3.4040227777777794
765,-12.512747777777776
766,-1.8082277777777804
767,-6.17694377777778
768,-25.37261477777777
769,-11.037173777777781
770,-8.480974777777774
771,-1.752260777777778
772,-9.76982377777778
773,8.351212222222223
774,-6.904593777777777
775,-11.84664188888889
776,-6.235530777777779
777,-13.245903111111108
778,12.531874666666669
779,3.3918963333333316
780,3.3409234444444387
781,-2.928281222222221
782,13.433513444444447
783,4.533937000000002
784,11.30853733333334
785,5.198411999999999
786,3.992584000000001
787,-2.6832410000000007
788,-1.6256519999999988
789,-3.6548611111111144
790,6.735361344444443
791,9.487857222222221
792,-7.441638000000001
793,-0.8000819999999997
794,-1.5804350000000014
795,2.2278214
796,2.2411440000000002
797,6.595243
798,1.235118
799,-8.048568
800,-1.9229063999999996
801,-5.855672
802,0.39582159999999966
803,4.147819999999996
804,3.213522000000001
805,10.730132999999999
806,-2.4463459999999984
807,12.833439999999996
808,-7.568096777777781
809,10.59847458888889
810,2.607163
811,5.042919033333333
812,8.162718555555555
813,-1.0354860000000006
814,6.329416
815,2.6683059999999994
816,7.1269300000000015
817,-1.6800200000000007
818,12.553035999999999
819,-3.8014790000000005
820,-4.578606000000001
821,6.6035423
822,-4.311607
823,-1.3997873333333288
824,10.966879333333333
825,-2.552455255555554
826,4.818760522222223
827,4.165748555555556
828,5.276859666666668
829,0.9763999999999999
830,-0.023600000000000065
831,-0.16980444444444487
832,8.947076
833,6.947075999999999
834,0.2999253888888891
835,-1.3348739999999992
836,1.9665920555555552
837,-4.268207333333329
838,11.333682888888891
839,-10.666317111111105
840,6.604977000000002
841,-0.39502299999999835
842,-4.524050500000001
843,-5.813514999999999
844,-2.8863799999999955
845,3.3228659999999994
846,3.915958
847,14.091514999999994
848,-6.6907517777777805
849,-0.3877846666666702
850,11.933797111111112
851,1.1380729999999986
852,-13.125278000000002
853,1.5416347777777801
854,-7.458511111111111
855,9.956357222222218
856,8.423033999999998
857,11.480890000000002
858,4.94183066666667
859,-1.38658088888889
860,3.1685969999999983
861,-3.143941666666663
862,-1.4229238888888958
863,9.060056666666668
864,-1.8093832222222197
865,-10.816091833333338
866,5.230896833333334
867,7.410417428869202
868,15.0593512662693
869,6.64061564976388
870,13.710541403893
871,8.9460585371719
872,5.7349866579452
873,-5.7619764342551
874,6.580228316562099
875,-4.775433558873608
876,16.094253856035202
877,1.5475897760643988
878,21.6875474795848
879,-5.1366384285320095
880,2.447166350661007
881,-19.402073856664593
882,2.920012727325801
883,12.103299087037001
884,0.24858803234994298
885,-0.8579804236906021
886,-1.8941071312000375
887,-0.5155441456005434
888,-3.633018999999999
889,-0.6015549999999994
890,-0.250668000000001
891,-0.6422060000000016
892,-2.8923389999999998
893,4.005939999999999
894,1.7527049999999988
895,-3.672806999999999
896,-1.0604974999999994
897,-1.3568799999999985
898,0.3469729999999984
899,3.013916000000002
900,0.8658149999999978
901,-8.038823675000003
902,-7.6366946999999925
903,-5.499740000000003
904,-9.63770000000001
905,2.2592350000000003
906,2.0216710000000013
907,-8.761356
908,-2.8127630000000003
909,-0.8804070000000017
910,-25.212339999999998
911,10.813699999999997
912,-9.236182999999997
913,1.4685599999999965
914,15.641440000000003
915,-7.989322999999999
916,7.269040000000004
917,-19.255229999999997
918,18.716704999999997
919,13.536242999999999
920,14.639595
921,13.241486000000002
922,4.358170000000001
923,8.618839999999999
924,8.974556
925,6.550552000000003
926,-4.769499555555559
927,8.87763544444444
928,3.6869964444444463
929,6.838134666666669
930,5.6739310000000005
931,-3.285117888888891
932,10.222797
933,1.1026406666666695
934,-11.226655555555553
935,15.801927222222222
936,0.5930542222222286
937,12.97714622222222
938,4.497286666666675
939,-4.4925836219225985
940,-4.335983971293722
941,-2.1003932933500025
942,16.03283243333333
943,-9.603025777777779
944,-16.07967333333333
945,-8.881470777777778
946,0.15575522222222205
947,9.373930999999999
948,-3.365783144444441
949,-1.1789131111111093
950,10.095669666666671
951,-0.3688600000000015
952,12.953359
953,-10.868618888888893
954,-1.6818218888888907
955,-3.4773262222222243
956,-4.104516444444442
957,4.2951051274039
958,3.541159726238199
959,-1.1282504132462918
960,-3.850163033333334
961,0.389988555555556
962,6.864977333333332
963,-9.70849177777778
964,-23.260437
965,-2.7014309999999995
966,1.3967439999999982
967,12.777416000000002
968,-2.6367499999999993
969,-4.239919999999998
970,18.49924
971,0.8211919999999999
972,-8.304241000000001
973,11.00808
974,-4.476394999999997
975,8.523605000000003
976,-9.5811734111111
977,-1.53869499999999
978,-5.781662666666662
979,6.815049222222228
980,1.5937492222222218
981,1.6251777777777807
982,-1.3827819999999988
983,-5.958655999999998
984,-2.3818799999999953
985,8.81104022222222
986,8.379733
987,4.701246666666666
988,4.975038888888891
989,1.0126416666666689
990,-2.817461111111111
991,-4.146594888888892
992,4.2348638888888885
993,2.460316666666671
994,0.29784955555555825
995,-7.277948444444441
996,-10.889059555555555
997,-5.574982444444439
998,6.160426333333341
999,-9.334589000000001
1000,0.03612866666666115
1001,-14.006240333333338
1002,1.7765221111111096
1003,3.589992777777779
1004,10.18500211111111
1005,-4.63222944444445
1006,-0.20388677777778064
1007,-6.167460999999999
1008,-4.218975
1009,-4.000652000000002
1010,16.632124000000005
1011,12.397283999999999
1012,-6.176002
1013,-3.840199999999996
1014,-6.1388844444444395
1015,-18.992275444444445
1016,-0.23972688888888882
1017,1.7715238888888898
1018,-0.6266749999999988
1019,3.2453849999999997
1020,6.547719
1021,8.9187493
1022,-7.935072
1023,2.666473
1024,-0.161524
1025,-7.767662000000001
1026,-15.771773999999994
1027,-10.908941
1028,-14.939336999999998
1029,-19.949447999999997
1030,12.681925000000003
1031,-9.918074999999998
1032,16.484524
1033,-13.715476
1034,10.632669999999997
1035,-19.46733
1036,13.252457
1037,-29.147543
1038,10.183326000000001
1039,-28.916673999999997
1040,-8.395040999999999
1041,-5.695041
1042,-14.163626999999998
1043,-14.863626999999997
1044,-10.365527999999987
1045,-3.5655280000000005
1046,4.078323000000001
1047,4.6783230000000025
1048,-3.547130000000003
1049,0.6528700000000001
1050,-4.389794444444439
1051,-1.6286833333333295
1052,1.113045222222219
1053,-4.975843666666671
1054,-3.234265777777779
1055,2.0324008888888905
1056,11.649651333333331
1057,12.810762444444439
1058,16.857290000000003
1059,0.5184011111111104
1060,-1.0990447000000003
1061,-2.8133300000000006
1062,3.0491366666666693
1063,4.099136666666668
1064,-3.699109
1065,-5.699109
1066,11.653396999999998
1067,1.6533969999999982
1068,-0.9012860000000007
1069,-0.3399599999999996
1070,8.336164
1071,10.70083
1072,-0.19232749999999932
1073,3.0465969999999984
1074,-9.99772
1075,-20.54012
1076,-6.342224000000002
1077,0.4079099999999869
1078,-14.886349999999993
1079,-5.454599999999999
1080,7.493468999999999
1081,3.597054
1082,7.971065000000003
1083,-8.681662666666671
1084,-4.38290255555556
1085,9.161982833333328
1086,-1.7167097777777816
1087,5.32217911111111
1088,0.5336388888888877
1089,-10.410805555555555
1090,18.451962
1091,9.507517555555562
1092,5.115032222222222
1093,-2.1071899999999992
1094,6.474653444444439
1095,12.039349999999999
1096,-11.660650000000004
1097,-14.334399999999995
1098,2.165600000000005
1099,4.221163888888892
1100,17.187122129153003
1101,13.144520344990397
1102,7.7378098497595005
1103,6.0542313534578
1104,3.5798078106423006
1105,1.6482623442814983
1106,-15.0348607008571
1107,-11.657620071828301
1108,-4.703176668446048
1109,-3.151954452020938
1110,-15.347154174950298
1111,4.3281184209266
1112,4.572092262592502
1113,-8.670036698537182
1114,-1.1446073500687
1115,-3.8869629588386
1116,13.208270384197402
1117,8.48400147597599
1118,-0.5519867654375012
1119,5.748830450081101
1120,-18.589544775894197
1121,-2.7552328231118963
1122,-2.707572271974101
1123,17.312149662833598
1124,18.3178659283213
1125,22.925070456187903
1126,6.173001013000004
1127,-10.452129000000001
1128,2.2405109999999997
1129,-11.544689
1130,6.299871
1131,3.0919609999999995
1132,0.511311000000001
1133,-0.008839000000000041
1134,-3.5311949999999985
1135,1.7574050000000003
1136,-16.770555
1137,-6.225744999999998
1138,2.8530630000000006
1139,-1.3563769999999984
1140,-1.8885869999999993
1141,3.052024000000001
1142,-6.4192160000000005
1143,4.588354000000001
1144,1.2262500000000003
1145,1.7638200000000026
1146,-0.9374299999999991
1147,-2.574259999999999
1148,-10.738897000000001
1149,-6.047057000000002
1150,-5.466606999999996
1151,4.752352999999999
1152,-3.717862999999994
1153,-1.8197329999999852
1154,2.177937
1155,-0.4362130000000004
1156,-6.357674000000003
1157,-9.347023999999998
1158,-0.8232500000000016
1159,-2.942479999999989
1160,-4.793549999999982
1161,-3.175709999999981
1162,2.561008000000001
1163,3.5213930000000033
1164,-23.360844
1165,-23.593016000000013
1166,-24.960457777777762
1167,-20.27914777777775
1168,-25.960284777777773
1169,-11.18193777777778
1170,-8.65043577777778
1171,-9.71874177777778
1172,-7.516562777777779
1173,-20.63220477777778
1174,-11.424193777777774
1175,7.043802222222219
1176,18.47907222222223
1177,4.7995589222222215
1178,8.93508388888889
1179,0.7750442222222205
1180,9.971781144444442
1181,10.673972777777777
1182,0.20282200000000117
1183,-2.39209277777778
1184,-11.44764833333333
1185,2.9254570000000015
1186,-0.07454299999999847
1187,8.418556000000002
1188,-5.9648480000000035
1189,13.480310000000003
1190,25.072784
1191,5.487479999999998
1192,8.574289999999998
1193,25.507103
1194,2.5071030000000007
1195,13.456247000000001
1196,18.991134000000002
1197,0.11718799999999874
1198,10.007976999999997
1199,-10.497439999999997
1200,-8.098133222222222
1201,-3.0204924444444394
1202,-8.292026333333329
1203,-7.214714444444443
1204,-4.976792666666661
1205,2.6176517777777786
1206,-7.049816222222219
1207,-7.583149555555561
1208,5.048222222222218
1209,4.237111111111108
1210,-10.65712833333334
1211,6.953982777777782
1212,4.814763333333332
1213,0.7758744444444403
1214,-5.251529333333327
1215,0.617483
1216,-8.519398222222222
1217,4.051728111111114
1218,9.240396177777779
1219,2.7539207777777794
1220,-4.05647888888889
1221,-2.9298975555555593
1222,0.6346415555555609
1223,-7.741555555555561
1224,-7.244062222222219
1225,-19.07184
1226,1.021420222222222
1227,-1.3730242222222202
1228,10.567800666666663
1229,-6.893310444444438
1230,3.7939647777777807
1231,-6.644924111111109
1232,9.243543333333335
1233,-6.639789999999998
1234,-4.40617944444444
1235,-3.396341777777778
1236,-4.77628711111111
1237,1.3853966666666722
1238,-11.558600111111112
1239,-18.22526677777778
1240,-20.30509299999999
1241,9.006099533333332
1242,13.620842333333332
1243,11.439643444444442
1244,3.7283217555555535
1245,-10.490268777777779
1246,-4.39368988888889
1247,-0.5085119999999996
1248,-5.940192111111111
1249,-2.546628000000002
1250,15.674821333333334
1251,9.615363444444444
1252,1.7200386666666674
1253,-15.538882999999998
1254,-12.538882999999998
1255,-20.955433
1256,-0.9554329999999993
1257,-6.092234666666656
1258,13.296654222222221
1259,9.129410303571
1260,-3.218119171514495
1261,-1.291921468680691
1262,-2.493974999999999
1263,-17.320441444444437
1264,-13.339311888888883
1265,-9.209840666666661
1266,-4.263967777777765
1267,-26.29918177777777
1268,-15.410292777777777
1269,15.346306222222218
1270,-9.473937777777778
1271,-11.38011077777778
1272,6.827996222222218
1273,11.648069777777778
1274,0.7367275555555608
1275,12.108331444444444
1276,10.43789511111111
1277,-6.129708000000001
1278,-11.26327244444444
1279,-3.9472241111111117
1280,7.715672888888889
1281,12.393796888888888
1282,-7.3015795
1283,-8.781185
1284,-9.916092
1285,2.2165779999999984
1286,2.4104269999999985
1287,0.3897169999999974
1288,-5.842399999999998
1289,3.0132580000000004
1290,-0.7145197777777792
1291,9.468908000000003
1292,5.3300191111111115
1293,-2.937187777777776
1294,-2.381632222222226
1295,-5.112337333333336
1296,-9.267892888888895
1297,0.16389588888888795
1298,-1.0583263333333264
1299,-4.50658833333333
1300,8.204964666666667
1301,-2.971083222222223
1302,0.03114277777778085
1303,-4.4591800000000035
1304,-1.6505687444444446
1305,-4.69976744444444
1306,-4.29581255555556
1307,-3.7013672222222205
1308,3.6239599999999967
1309,1.1704268000000004
1310,4.665488
1311,3.163185777777773
1312,3.1076302222222214
1313,-1.6976255555555593
1314,-4.530958888888891
1315,-9.587873000000002
1316,-4.643428555555552
1317,-0.8573466666666718
1318,4.087097777777782
1319,-1.411164166666671
1320,-1.40005305555556
1321,-9.65722255555556
1322,-9.64611144444445
1323,-6.452617555555559
1324,-15.330395333333332
1325,11.914836666666659
1326,0.8148366666666647
1327,-2.14692566666667
1328,-9.07091011111111
1329,0.6982253333333297
1330,1.4711857777777801
1331,-1.9722550000000005
1332,-13.175095
1333,-3.407910000000001
1334,-20.12086
1335,7.3042300000000004
1336,-11.458301
1337,-2.73911844444444
1338,10.315484333333332
1339,-7.3470081111111085
1340,-6.378234444444438
1341,-7.73911844444444
1342,5.31548433333333
1343,-1.2358970000000014
1344,7.8550988888888895
1345,-2.912061999999999
1346,-15.46761755555556
1347,1.5920753333333328
1348,-7.121297444444441
1349,-3.96348022222222
1350,7.773147000000002
1351,-4.900535555555557
1352,14.266131111111111
1353,-0.5231589999999997
1354,8.476841
1355,-0.9200850000000003
1356,5.9493857777777786
1357,7.188344333333332
1358,27.804935
1359,-7.271618333333331
1360,9.528381666666666
1361,-13.975936888888896
1362,6.35739644444444
1363,3.6884595555555606
1364,-1.3115404444444394
1365,4.485211111111106
1366,-2.7370111111111157
1367,-3.500033333333331
1368,-0.5000333333333309
1369,11.3333
1370,9.587357
1371,0.36513477777777936
1372,17.398497629437497
1373,-11.660513204778702
1374,-10.070521464993803
1375,-20.033169783791003
1376,-4.9436815158336955
1377,1.7802663940654
1378,4.357449101616261
1379,7.3167534828334695
1380,4.1267024060203
1381,-27.3205438781893
1382,-14.5767956665224
1383,-27.35345566782781
1384,-39.516626750621995
1385,-26.364218060778597
1386,-28.076814276691408
1387,-19.065972093765605
1388,-9.144871345549298
1389,-11.40763946203571
1390,-6.011673728874502
1391,-15.184698160318597
1392,-13.404434586797908
1393,-4.02054386226882
1394,-1.2038100423815479
1395,3.0909770243174997
1396,-1.5634622632154986
1397,-9.6024480064072
1398,-17.8910575490313
1399,-7.638820162564585
1400,-22.710377995757646
1401,2.6199074635597057
1402,-8.473021228110188
1403,-10.927764014941403
1404,5.486391465434998
1405,9.8188045926126
1406,7.983769162179627
1407,-21.119762645103158
1408,-18.78618920604842
1409,-12.630010975098003
1410,-2.816933866819898
1411,-4.0518662485057995
1412,-18.881279152115404
1413,-10.265089999999999
1414,4.738332000000003
1415,-11.200085999999999
1416,-0.9319900000000008
1417,-3.4230400000000003
1418,1.186786999999999
1419,-6.458754000000001
1420,-11.987879
1421,-6.432208999999997
1422,-8.836411000000002
1423,-0.35668599999999984
1424,-0.14731399999999795
1425,-5.146909000000001
1426,-6.254978000000001
1427,-1.217365000000001
1428,-8.409790000000001
1429,5.0430930000000025
1430,-0.8530449999999998
1431,-2.3526799999999994
1432,-6.871699999999999
1433,-2.637587
1434,1.781098
1435,2.3283370000000048
1436,-0.6032767000000012
1437,-5.1638095
1438,-7.42789
1439,3.217403000000001
1440,3.670178
1441,-0.2715413
1442,-7.5986876
1443,-13.976675
1444,1.89363
1445,-2.212823
1446,-2.4690019999999997
1447,-9.506143000000002
1448,-2.2291919999999976
1449,-0.9329370000000026
1450,2.294715
1451,-1.671380000000001
1452,-3.8443625879999956
1453,-6.310450963000008
1454,6.070606699999999
1455,-3.7210175000000163
1456,-2.6108112000000006
1457,-3.4786007999999953
1458,-4.6826609999999995
1459,3.030529999999999
1460,-10.484665
1461,-7.402977
1462,0.319823999999997
1463,10.709819999999993
1464,0.7579200000000128
1465,15.494549999999997
1466,19.249679999999998
1467,46.031853
1468,-25.07881777777778
1469,-26.06876777777778
1470,10.461692222222226
1471,18.32010611111111
1472,3.72054777777778
1473,2.0185116666666723
1474,8.115147
1475,4.946385333333346
1476,-20.652767777777775
1477,-35.099207777777806
1478,-39.217307777777805
1479,-9.173718000000001
1480,-3.7680559999999943
1481,20.638278204357896
1482,9.970741041689003
1483,7.341301057864797
1484,5.522081179666095
1485,8.82909911111111
1486,-3.282012
1487,-8.030282888888888
1488,20.469717111111112
1489,-10.48609333333333
1490,17.95835111111111
1491,-2.526316999999999
1492,0.7752420000000022
1493,-4.380423
1494,-6.110219999999998
1495,-3.945482990523498
1496,-12.875445416475202
1497,-5.333372454775194
1498,15.385170000000002
1499,-1.4735700000000023
1500,-15.864339999999999
1501,-20.337140000000005
1502,45.083994000000004
1503,55.56352
1504,35.982338
1505,-6.739720999999999
1506,-7.527850000000001
1507,38.697807
1508,-27.356487
1509,-16.783948111111112
1510,4.496927555555562
1511,-3.9977951111111025
1512,-4.5337333333333305
1513,12.166484222222222
1514,10.754296222222223
1515,-5.128003
1516,5.647770000000001
1517,8.531512999999997
1518,35.48543222222223
1519,-8.94897777777777
1520,9.584437066666672
1521,11.775972111111114
1522,11.786133222222226
1523,-4.41556293333333
1524,-4.6684723333333285
1525,-1.8805334444444384
1526,-6.24344512841359
1527,17.640009666666668
1528,5.054682666666666
1529,37.180337888888886
1530,-5.590421333333346
1531,-4.389065000000002
1532,5.5625925
1533,6.75059
1534,3.6446110000000003
1535,4.1725183
1536,5.9551870000000005
1537,8.346629
1538,3.2974379999999996
1539,7.443094
1540,3.5873919999999995
1541,19.020454
1542,11.863056
1543,9.829352999999998
1544,9.922530000000002
1545,13.322806999999997
1546,0.5056359999999991
1547,-5.5475429999999974
1548,6.98368
1549,8.751721444444442
1550,4.87684911111111
1551,-0.14585988888888934
1552,3.6894584444444405
1553,-2.2915209999999995
1554,-0.620394000000001
1555,-0.44602000000000075
1556,-2.687159000000001
1557,7.005867000000002
1558,-1.090961
1559,6.592230000000001
1560,-3.3054889999999997
1561,-6.933903000000001
1562,-4.204629000000001
1563,-10.210861
1564,16.527708222222223
1565,21.833742
1566,9.693867555555556
1567,12.59030088888889
1568,-25.472799111111108
1569,-21.79858799999999
1570,14.98093455555556
1571,-26.741287666666658
1572,-5.926261333333329
1573,13.399988888888888
1574,2.2122891111111116
1575,3.9216536666666713
1576,-0.9262613333333309
1577,-0.488900000000001
1578,-2.304377555555547
1579,4.960542555555563
1580,-5.970726111111105
1581,7.4181627777777805
1582,7.430501111111106
1583,-32.53658111111111
1584,24.407863333333342
1585,1.7460615899551009
1586,9.895822174911498
1587,-2.130849275635704
1588,11.3878129056077
1589,3.7363430877519974
1590,6.294783192460002
1591,13.1791458147232
1592,36.3368841258816
1593,-5.239591561963998
1594,10.436593535741002
1595,1.2081110603845246
1596,6.170817762774746
1597,-0.7154208905895842
1598,0.5284516802195007
1599,-0.2983403510310936
1600,1.0842730576365085
1601,8.386520363520102
1602,-6.669981936550698
1603,15.015856480874902
1604,-0.9024791516840978
1605,-3.4647789792434196
1606,4.753022855543918
1607,-14.034676076863981
1608,4.3306122842768
1609,-14.108328557495103
1610,-5.68382942774209
1611,3.5963339999999997
1612,-0.4523059999999992
1613,5.588494
1614,8.666223
1615,3.685823
1616,-1.947386999999999
1617,-2.467537
1618,19.042589
1619,7.4112290000000005
1620,-1.8188110000000002
1621,-9.117511
1622,-8.570561000000001
1623,-10.215430999999999
1624,-12.427351000000002
1625,2.1787449999999993
1626,-3.764005000000001
1627,3.771355
1628,-3.3110220000000012
1629,1.1878579999999985
1630,-5.592622000000002
1631,1.7441879999999976
1632,1.5351350000000004
1633,-10.66567599999999
1634,3.409843999999996
1635,-2.9456260000000043
1636,9.046843999999997
1637,11.913599999999995
1638,-0.8076000000000079
1639,-2.1092000000000013
1640,3.238455000000002
1641,2.679445000000001
1642,3.5009649999999937
1643,-3.9010449999999963
1644,-3.9045500000000004
1645,-4.703419999999994
1646,-7.217569999999995
1647,-17.969809999999995
1648,36.769913
1649,-8.303307777777782
1650,-6.924212777777768
1651,-18.533527777777778
1652,21.18926685555556
1653,-0.1728996666666731
1654,-2.285250888888889
1655,-12.727936222222219
1656,-4.617344111111112
1657,2.15919355555555
1658,-4.39460288888889
1659,7.734788888888886
1660,6.401455555555543
1661,-9.579551111111112
1662,4.294572722222223
1663,15.911731444444442
1664,4.6626572222222205
1665,-4.61513011111111
1666,-7.16697688888889
1667,1.173218222222225
1668,-0.9556155555555605
1669,-4.05957455555556
1670,5.055245333333328
1671,2.2843293333333463
1672,-5.888948888888891
1673,-0.5826097777777761
1674,14.847226222222218
1675,-11.395460777777778
1676,9.664178222222233
1677,-0.031127777777768983
1678,5.072062222222229
1679,9.292702222222225
1680,-3.789247777777774
1681,3.2615222222221973
1682,-22.540517777777808
1683,16.176342222222246
1684,-0.3294789222222212
1685,-6.228915777777781
1686,7.517597666666671
1687,3.4342630000000014
1688,9.545958590590548
1689,-7.179401730337403
1690,0.157706000000001
1691,11.75403
1692,-7.180153999999998
1693,-6.869735000000006
1694,2.2609466222222223
1695,-20.325653922222223
1696,-8.639045
1697,-4.860546
1698,-2.3312434999999994
1699,-11.6466966
1700,7.239286
1701,6.901642
1702,2.8135695
1703,0.7923155
1704,2.0085273
1705,-3.1906432999999996
1706,-11.271246
1707,-7.414
1708,20.725821
1709,-8.400114
1710,-0.8988300000000002
1711,7.059918
1712,-4.543987000000001
1713,4.2710550000000005
1714,6.550093
1715,5.409416
1716,8.570710000000005
1717,-8.86450633333334
1718,-6.477663
1719,-0.02230000000000132
1720,-6.754596999999997
1721,2.859634
1722,-3.7825739999999968
1723,1.0778500000000122
1724,-4.536910000000006
1725,-27.536910000000006
1726,5.7442299999999875
1727,6.623867999999998
1728,6.9035399999999925
1729,-1.915940333333328
1730,-6.26755011111111
1731,-2.110736111111116
1732,17.76334666666667
1733,1.022377333333333
1734,-5.1439527210762
1735,-8.641010676450996
1736,15.574829662881298
1737,-14.1923294481951
1738,-17.818747156464795
1739,-2.037043962883999
1740,2.5252089999999985
1741,-3.3291009999999996
1742,4.093698999999999
1743,-2.681753999999998
1744,1.7528060000000032
1745,-4.931193999999998
1746,2.301096000000001
1747,-7.080460000000002
1748,6.802099999999999
1749,0.5350699999999975
1750,12.358700000000002
1751,16.54919000000001
1752,-28.667059999999992
1753,2.187808333333331
1754,-3.627635999999999
1755,7.51103655555556
1756,-3.3677472222222207
1757,-6.960969333333328
1758,-3.0889634444444525
1759,11.863474555555554
1760,-0.7083130000000004
1761,9.83499055555556
1762,-7.942553777777778
1763,5.585906888888889
1764,-3.8713644444444455
1765,0.32790055555556563
1766,-19.60884022222222
1767,17.738148000000002
1768,-9.74871300000001
1769,5.483789999999999
1770,0.8747019999999992
1771,11.867140000000006
1772,2.7354782145872036
1773,-5.686460000000011
1774,-5.370931000000001
1775,4.744555999999999
1776,-15.591277999999988
1777,-17.75214333333333
1778,-13.70426433333333
1779,-10.810999555555558
1780,-13.069055777777784
1781,-27.37436555555555
1782,2.773810666666666
1783,10.424626333333332
1784,-2.707924333333331
1785,-6.323201666666671
1786,-14.938236444444442
1787,-18.922653333333344
1788,-15.637800555555557
1789,-1.3746599999999987
1790,-4.0491600000000005
1791,19.75271411111111
1792,11.003547333333334
1793,11.11144477777778
1794,0.8638252222222222
1795,-5.763119333333332
1796,1.083667000000002
1797,-8.24708324622219
1798,3.294251171128792
1799,-2.49719402523386
1800,-3.9001912032278128
1801,-5.514130664390166
1802,8.5662583380239
1803,-7.201997571058101
1804,-19.026674545705802
1805,-6.075147571058096
1806,6.67144153300579
1807,4.152298222222222
1808,-13.916010666666658
1809,4.054391811111111
1810,9.3460684
1811,5.187666999999999
1812,0.620018
1813,-3.6607839999999996
1814,-9.092275
1815,-10.399621
1816,2.912706
1817,3.3491470000000003
1818,-0.9668240000000008
1819,-2.7582999999999984
1820,-8.809372
1821,3.00516
1822,9.358657000000001
1823,5.0709990000000005
1824,3.999283
1825,-2.1201609999999995
1826,-2.4563520000000025
1827,0.9859399999999994
1828,19.693218
1829,8.71441
1830,18.293860000000002
1831,-14.889954000000003
1832,-9.790730000000003
1833,-19.263335999999995
1834,-5.836105999999999
1835,-11.01229
1836,1.5031430000000015
1837,3.657875000000004
1838,-0.05482999999999549
1839,1.68808111111111
1840,-26.089696666666658
1841,17.05912877777778
1842,15.392462111111112
1843,6.866582000000001
1844,-0.8562440000000038
1845,6.423452353345002
1846,-1.538948614044095
1847,3.9357537616388
1848,-10.27408490863074
1849,-5.8374505
1850,-2.6868737777777767
1851,-3.166406555555561
1852,-1.274522641111111
1853,7.280107555555563
1854,1.7323551444444443
1855,7.088010444444439
1856,1.5880104444444498
1857,6.859241111111114
1858,-1.5360125555555584
1859,-1.5915681111111084
1860,4.3716222222222285
1861,11.335552222222233
1862,-13.381613777777773
1863,16.21884388888889
1864,-11.552529222222223
1865,-11.660052888888885
1866,-12.44398111111111
1867,-23.488721333333345
1868,-3.4794277777777793
1869,0.41025288888888767
1870,5.162234222222221
1871,-9.104022222222241
1872,-15.795213333333294
1873,-0.21513333333332696
1874,-2.5174355555555508
1875,-3.135727777777781
1876,-8.74666744444444
1877,-8.395021666666672
1878,-6.272506666666672
1879,-5.357950000000002
1880,-5.968889666666655
1881,0.4938672222222209
1882,-8.494728888888886
1883,5.7875731111111115
1884,-6.941684444444441
1885,-10.6100183
1886,1.7548189999999995
1887,7.43458
1888,5.9913810000000005
1889,12.594885000000001
1890,-6.728750000000002
1891,3.8514920000000004
1892,4.480217000000003
1893,9.076729999999998
1894,1.259053999999999
1895,5.762349999999998
1896,8.540398000000003
1897,16.401989999999998
1898,-6.115597000000001
1899,-16.146279999999997
1900,-20.970010000000002
1901,-7.887289999999993
1902,-6.59377555555556
1903,-10.531591555555593
1904,-10.980137222222218
1905,-19.869113888888883
1906,-17.198258222222194
1907,-10.424581666666654
1908,-9.27639811111111
1909,5.72360188888889
1910,-0.3798235555555607
1911,6.506001999999999
1912,14.62017644444444
1913,-16.827331333333344
1914,-3.297829
1915,-13.448284000000001
1916,-4.292048000000001
1917,-0.7867660000000001
1918,-3.035384999999998
1919,-5.189475999999999
1920,-3.3323970000000003
1921,-1.115160000000003
1922,-0.41562999999999306
1923,-6.1057500000000005
1924,-3.6353930000000005
1925,-1.7164099999999998
1926,7.207218000000001
1927,4.815266000000001
1928,0.5124300000000019
1929,-0.08560999999999908
1930,-2.0887340000000023
1931,-10.464115
1932,-2.7936630000000022
1933,-8.029589999999999
1934,9.725040000000007
1935,-12.329853
1936,-7.421970000000002
1937,-18.623890000000003
1938,-5.366263333333329
1939,5.433736666666672
1940,-1.0466894444444534
1941,-5.4306672222222225
1942,-10.341715777777779
1943,8.114002555555562
1944,4.573580777777778
1945,8.458221666666665
1946,4.658284222222221
1947,12.00289144444444
1948,7.6569141111111065
1949,4.488030000000002
1950,-2.511969999999998
1951,17.607464
1952,-2.156515400000001
1953,-20.159297859177244
1954,-0.2726138547049004
1955,-1.0952055411064414
1956,12.994549
1957,1.365094
1958,3.0077523333333342
1959,-0.7772180555555614
1960,11.4472255971101
1961,2.383830531911997
1962,2.9275771009427416
1963,-3.0691541319536526
1964,16.153763161704997
1965,6.1798229011534005
1966,4.6835109912113
1967,-20.065094140408497
1968,-2.420823209370429
1969,-13.1151456589944
1970,-7.046505724753004
1971,-0.9604799999999969
1972,-5.997089999999986
1973,16.596459999999993
1974,6.069839999999999
1975,-18.707409999999996
1976,-24.181479999999993
1977,-14.362267000000003
1978,-29.017815
1979,-28.774609999999996
1980,-19.065025000000006
1981,-7.102440000000001
1982,-9.77479777777777
1983,-4.894157777777792
1984,8.967642222222224
1985,-1.5041668888888893
1986,-2.7355511111111106
1987,-5.788080000000001
1988,6.6181655555555565
1989,-7.454746666666658
1990,-1.7151677777777792
1991,-5.893332777777758
1992,-18.58486777777776
1993,-16.19944777777777
1994,-20.676947777777798
1995,3.024678222222221
1996,3.7749858888888888
1997,7.35492844444444
1998,8.36974844444444
1999,12.200506666666655
2000,-8.447236333333343
2001,-3.7561826666666605
2002,-3.2969182222222244
2003,-10.577271111111116
2004,0.3348303488630222
2005,-1.445730537824467
2006,-13.001005053731689
2007,-1.4466384234681016
2008,-11.506026992143006
2009,-1.301005
2010,-1.5139019999999999
2011,-7.322543999999997
2012,-1.2610244999999995
2013,-0.020518000000000036
2014,7.2024461111111115
2015,3.0646590000000007
2016,-15.434896
2017,-11.152677
2018,-0.5997470000000007
2019,7.781264333333334
2020,11.43990355555556
2021,2.524424444444442
2022,6.114597666666667
2023,-5.782318666666658
2024,10.096646666666658
2025,3.0913072222222198
2026,-0.7975816666666713
2027,-4.793544000000001
2028,3.2599427777777805
2029,9.49609244444444
2030,9.82967122222222
2031,1.8188636666666724
2032,-6.832907666666671
2033,-4.310104777777781
2034,8.95263233333333
2035,-11.398238888888876
2036,-10.118499666666672
2037,-4.775792777777774
2038,11.760534
2039,6.6426680000000005
2040,-5.459513000000001
2041,-3.628703999999999
2042,8.88402
2043,12.335740999999999
2044,12.588470000000001
2045,-0.05217999999999989
2046,0.8169250000000012
2047,-2.1830749999999988
2048,-3.5757222777777775
2049,-2.6527485555555614
2050,6.069473666666671
2051,-10.349718555555555
2052,-1.9417162222222224
2053,-9.706616222222223
2054,4.201742222222229
2055,-5.740157222222223
2056,9.34516111111111
2057,-1.08177400000001
2058,-0.18460166666667277
2059,17.122938888888896
2060,0.6015593333333342
2061,-2.13126444444444
2062,-7.860909999999997
2063,-5.036862222222219
2064,-5.007637000000003
2065,9.53540222222222
2066,5.472423333333346
2067,6.629804444444446
2068,-5.56319255555556
2069,7.260815000000001
2070,-16.536076
2071,-10.278506000000004
2072,-13.040539222222229
2073,-10.207205888888886
2074,-5.049855222222219
2075,-1.5930543999999989
2076,-2.089701999999999
2077,-0.24919200000000075
2078,4.507175
2079,0.39051100000000005
2080,-1.908440000000006
2081,21.583937000000006
2082,-3.7329549999999996
2083,-2.2289049999999992
2084,-1.7164099999999998
2085,1.4894940000000005
2086,-11.990293999999999
2087,-12.979669999999984
2088,-2.159826
2089,0.7189700000000006
2090,-1.185645000000001
2091,-0.40899399999999986
2092,3.8300160000000005
2093,1.8606499999999997
2094,-12.081920000000004
2095,-31.335800000000006
2096,-3.3444319999999976
2097,-3.5983170000000015
2098,-2.677807999999999
2099,-0.2989719999999991
2100,-1.2653599999999976
2101,8.582600000000003
2102,1.3220340000000004
2103,-1.8128449999999994
2104,6.728822
2105,8.418587
2106,-5.438272000000001
2107,-2.9341480000000004
2108,10.316510000000001
2109,-6.131592000000001
2110,-2.814666000000001
2111,-6.186623999999998
2112,-10.051869999999987
2113,3.5978533999999995
2114,-0.10802300000000109
2115,-1.6894199999999984
2116,11.483567
2117,17.563495000000003
2118,-19.201430000000002
2119,4.632377999999996
2120,7.573264000000002
2121,-3.5301660000000012
2122,1.5535999999999959
2123,1.253665999999999
2124,-0.4456294999999999
2125,-2.1343869999999994
2126,1.0451709999999999
2127,2.9875729999999994
2128,4.520200000000003
2129,0.40563599999999767
2130,9.334789999999998
2131,-3.3933220000000013
2132,-2.1634823999999995
2133,-1.8387330000000013
2134,-1.417696000000003
2135,-0.983197999999998
2136,-1.485369999999996
2137,0.46678
2138,-2.6651302999999995
2139,3.3827964999999995
2140,0.5759499999999989
2141,2.4280229999999996
2142,3.8050380000000015
2143,1.5563039999999972
2144,-12.043534999999999
2145,-6.626992000000001
2146,-1.9481760000000001
2147,-1.7110200000000049
2148,1.5029910000000015
2149,1.3522350000000003
2150,3.522931
2151,4.8912900000000015
2152,-0.6481534999999994
2153,2.901076999999999
2154,12.760710000000017
2155,16.351309999999984
2156,3.591894999999994
2157,-8.799499999999995
2158,-4.183415
2159,15.650257000000003
2160,5.892732499999994
2161,-0.12477149999999959
2162,4.3394985
2163,1.3753785000000005
2164,5.4400616
2165,4.4573816
2166,2.9733115999999997
2167,-6.306478
2168,1.4957720000000005
2169,-4.103413
2170,-2.5268829999999998
2171,-8.905363
2172,8.171147
2173,-1.481857999999999
2174,4.342972
2175,-3.640177999999999
2176,0.16176400000000157
2177,-2.646685999999999
2178,-0.9575959999999988
2179,-8.080085000000004
2180,-2.0410850000000025
2181,-4.440604999999991
2182,-6.861565000000006
2183,1.6794599999999988
2184,-1.903739999999999
2185,-6.1451100000000025
2186,3.1544600000000003
2187,-7.019589999999994
2188,-7.708579999999998
2189,-8.498355000000004
2190,-1.7154250000000033
2191,-2.533539999999988
2192,0.6217399999999884
2193,-8.006950000000018
2194,-16.30630000000002
2195,-9.17374000000001
2196,-18.991539999999986
2197,14.866515999999997
2198,-8.885497999999998
2199,-19.88368
2200,-13.325557777777789
2201,2.129422222222189
2202,-10.145377777777796
2203,-0.9308531111111122
2204,5.167291444444444
2205,1.9648911111111076
2206,2.2300744444444405
2207,-12.041964222222223
2208,-14.832708555555556
2209,-19.701775555555557
2210,-13.386592222222205
2211,-10.587577777777753
2212,6.2454422222222234
2213,-4.934332777777769
2214,-4.535097777777779
2215,-15.887147777777798
2216,-22.21864777777777
2217,-23.875747777777768
2218,-7.358967777777764
2219,-18.822127777777773
2220,-13.02751777777776
2221,-0.7903196666666545
2222,-7.356451555555559
2223,-3.270650333333343
2224,3.323398555555549
2225,3.7256044444444427
2226,-5.02529222222222
2227,-4.136403333333327
2228,6.618115222222222
2229,-9.159662555555542
2230,-15.103930222222221
2231,-2.949383333333344
2232,0.5514829999999975
2233,-0.7481079999999984
2234,9.320124666666672
2235,-6.925824444444441
2236,-3.8436775555555585
2237,-12.39138466666667
2238,-1.09974588888889
2239,-20.76911555555555
2240,0.045868000000000464
2241,9.174261
2242,-7.357493999999999
2243,-16.738968
2244,2.7164
2245,-2.1569439999999958
2246,-18.695080000000004
2247,-7.953842000000002
2248,-4.341889999999999
2249,-5.887960000000007
2250,-0.29444999999999766
2251,5.412837000000001
2252,-3.5677379999999985
2253,-3.6287769999999995
2254,-4.6287769999999995
2255,-0.9310709999999993
2256,6.4463560000000015
2257,-0.5536439999999985
2258,11.548876
2259,16.87149
2260,-0.3254799999999989
2261,-3.5781940000000034
2262,7.674520000000001
2263,0.4218059999999966
2264,-2.357270777777778
2265,0.13927511111111102
2266,11.87226444444444
2267,6.7289069999999995
2268,6.834013555555561
2269,-2.3029012222222214
2270,-0.6807058888888946
2271,1.9791726666666705
2272,0.9134125555555599
2273,4.042322222222218
2274,-4.13193844444444
2275,-5.753254111111104
2276,-10.402122222222232
2277,-4.718005777777778
2278,-7.231225222222221
2279,20.820763999999997
2280,6.676789570064901
2281,-16.308390702674203
2282,1.214454632176249
2283,-1.8569244444444308
2284,2.254186666666655
2285,2.8949193000000006
2286,6.3202293
2287,2.4002293000000003
2288,3.7301066
2289,0.22975659999999998
2290,9.5779466
2291,-3.3362533999999995
2292,-1.0681650000000005
2293,-0.5466750000000005
2294,-4.225245000000001
2295,-0.026524999999999466
2296,-7.009269
2297,6.094981
2298,4.5666910000000005
2299,-4.8563089999999995
2300,-8.276419
2301,14.608610999999996
2302,7.429690999999998
2303,3.7417409999999993
2304,-1.2438799999999972
2305,-6.504109999999997
2306,-3.5683599999999984
2307,5.711276000000005
2308,-1.5998439999999974
2309,10.478156000000006
2310,9.886986
2311,1.4987100000000027
2312,-11.132249999999999
2313,6.293500000000009
2314,1.2919230000000006
2315,-4.930887000000002
2316,-0.7359500000000025
2317,-3.4409899999999993
2318,1.0068499999999858
2319,7.787970000000001
2320,-9.223680000000002
2321,-0.48711519999999897
2322,6.5135848
2323,0.021644800000000686
2324,13.4941885
2325,16.3336885
2326,-7.2001515000000005
2327,-2.4645314999999997
2328,-1.322898499999999
2329,4.9510615
2330,-2.3873184999999992
2331,-7.2435385
2332,-4.500525499999998
2333,1.950314500000001
2334,-6.143385499999997
2335,-0.17852549999999923
2336,0.18496250000000103
2337,-4.900397499999997
2338,-1.4980975
2339,-1.7150935000000018
2340,-2.934953499999999
2341,2.0584474999999998
2342,-12.143012499999998
2343,-1.2692524999999932
2344,-6.663252499999999
2345,-1.762801500000009
2346,7.148278499999989
2347,1.9735984999999943
2348,-4.7372499999999995
2349,1.6698499999999967
2350,-13.053016999999997
2351,-6.728405000000002
2352,-4.205635000000001
2353,0.3698399999999964
2354,-29.26334
2355,-6.515975999999995
2356,-17.657110000000003
2357,6.2627500000000005
2358,-5.728405000000002
2359,-1.657110000000003
2360,11.613439999999997
2361,-4.041470000000004
2362,-1.720405999999997
2363,1.0270269999999968
2364,6.28125
2365,-1.8371463000000001
2366,8.373251
2367,-0.8532000000000011
2368,12.890810000000002
2369,14.050697
2370,-2.7548030000000026
2371,15.227260000000001
2372,-12.290880000000001
2373,2.7540699999999987
2374,-0.3015099999999933
2375,11.625725000000003
2376,-14.06445177777777
2377,-5.731118444444441
2378,-8.92045666666668
2379,1.1643182444444444
2380,3.614286
2381,1.0084060000000008
2382,-6.4586120000000005
2383,-2.0245189999999997
2384,0.06591500000000039
2385,-7.744274000000001
2386,-22.811684
2387,9.919178000000002
2388,8.81785
2389,12.702441999999998
2390,-8.922629999999998
2391,8.135159999999999
2392,0.24206999999999823
2393,8.63392
2394,2.6835859999999983
2395,11.366039999999998
2396,9.67604
2397,7.220542999999999
2398,9.322280000000006
2399,28.117904999999993
2400,-7.551960000000001
2401,6.697437000000001
2402,1.6974370000000008
2403,9.703540000000004
2404,2.4615438888888903
2405,6.2238947777777796
2406,-6.186169222222226
2407,-22.72551555555556
2408,-8.035822
2409,-12.690191555555558
2410,-15.703041111111112
2411,-0.572936222222225
2412,-2.480266444444439
2413,6.754252888888892
2414,0.9636255555555593
2415,-5.528491777777788
2416,-5.12446811111111
2417,4.709166666666654
2418,10.306089666666658
2419,-7.06024844444444
2420,-1.7911347777777777
2421,5.264722222222218
2422,-9.138354777777778
2423,7.11752933333333
2424,-13.217693
2425,-47.769491555555554
2426,23.66834888888889
2427,-4.6997148888888916
2428,15.125995
2429,16.330046151645696
2430,6.488907449831597
2431,1.9734299573363998
2432,5.527772873472401
2433,2.3405819999999995
2434,-0.7843380000000018
2435,3.8849519999999984
2436,-4.491047999999999
2437,1.6598229999999994
2438,1.1369930000000004
2439,-2.0281269999999996
2440,-4.552565999999999
2441,1.9223940000000024
2442,-3.460006
2443,5.878771999999998
2444,2.1720620000000004
2445,0.02446199999999976
2446,1.6371719999999996
2447,-2.2897190000000016
2448,-8.033919000000004
2449,-1.1569590000000005
2450,5.448134000000003
2451,2.5391839999999988
2452,-9.367919999999991
2453,-4.845149999999997
2454,-7.421550000000003
2455,-8.068999999999996
2456,-12.909289999999999
2457,-5.15352
2458,9.20271000000001
2459,2.240532999999999
2460,8.292932999999998
2461,-3.806724999999986
2462,-6.122934999999998
2463,-1.4533800000000099
2464,-2.316570000000013
2465,-0.8978199999999958
2466,-2.743459999999999
2467,8.70345
2468,-21.442024000000004
2469,-23.94838
2470,-29.236040000000003
2471,3.6206110000000002
2472,1.3798030000000026
2473,13.049602999999998
2474,21.20236
2475,-10.187110000000004
2476,-9.022280000000002
2477,18.290747
2478,28.153084
2479,-8.733707000000003
2480,-17.041793999999996
2481,16.266292999999997
2482,9.958206000000004
2483,1.3722839999999934
2484,-19.71382
2485,-7.5879799999999875
2486,-1.247010000000003
2487,-0.2740700000000018
2488,2.5037077777777768
2489,-6.178937333333323
2490,0.5059826666666669
2491,6.173893111111109
2492,14.971094777777779
2493,0.31938967
2494,-8.94420066666666
2495,-0.06668858888888884
2496,3.2191893333333335
2497,5.25632166666667
2498,0.9710158888888891
2499,-5.230112
2500,-1.494681777777778
2501,-1.5117747777777808
2502,-2.799314444444441
2503,0.0032611111111080504
2504,-2.6057928888888924
2505,-12.067330333333345
2506,-9.465981111111105
2507,6.114372222222222
2508,5.608122222222221
2509,2.1526877777777784
2510,-6.588355555555559
2511,-0.15547666666665805
2512,-2.0776855555555613
2513,-1.1806455555555573
2514,-0.4772444444444446
2515,0.955634444444442
2516,6.150092222222234
2517,-0.8199227777777764
2518,7.640614444444438
2519,-11.549408111111106
2520,-2.1097344444444417
2521,-2.2803133333333463
2522,0.38233466666665805
2523,-3.1718140000000012
2524,-1.8393749999999969
2525,-1.1507100000000037
2526,-4.129649999999998
2527,-9.36811871111111
2528,-30.167127777777793
2529,-24.805707777777798
2530,-33.19534777777781
2531,-18.570520000000002
2532,-6.53257
2533,-9.564864999999998
2534,2.593299999999985
2535,-14.172269999999997
2536,11.126999999999995
2537,13.54553
2538,4.745660000000001
2539,-1.380289999999988
2540,-8.956059999999994
2541,-3.9524650000000037
2542,-27.269924000000003
2543,-28.417730000000006
2544,-9.228089999999995
2545,-1.4632199999999926
2546,4.497775000000004
2547,4.327979999999997
2548,13.368979999999993
2549,11.215850000000003
2550,-4.652044000000004
2551,-6.604634000000004
2552,27.020235999999997
2553,5.695000000000007
2554,4.3902849999999916
2555,-18.77004000000001
2556,3.1140199999999965
2557,-19.996390000000005
2558,-3.6338099999999827
2559,-6.345929999999981
2560,-12.502089999999981
2561,-3.3404999999999916
2562,-8.641830000000027
2563,8.015900000000016
2564,-9.080860000000001
2565,-3.165220000000005
2566,-7.5771600000000205
2567,-15.35814000000002
2568,-4.60911999999999
2569,-7.39864
2570,10.690580000000011
2571,-12.629800000000017
2572,3.5134000000000185
2573,-3.996459999999985
2574,28.940500000000014
2575,10.359160000000003
2576,-26.264610000000005
2577,10.845370000000003
2578,-5.213895999999998
2579,-4.42165
2580,-5.129224000000001
2581,-12.752629999999996
2582,-0.8511799999999994
2583,-6.495680000000007
2584,-13.432959999999994
2585,-13.437320000000001
2586,-7.217043
2587,0.10515099999999933
2588,-6.529620000000001
2589,-12.761890000000001
2590,-6.422279999999986
2591,-15.849511999999997
2592,-5.154240999999999
2593,-8.917110000000001
2594,-11.667301000000002
2595,-7.7086399999999955
2596,-13.761309999999987
2597,-2.4667299999999983
2598,-4.049954999999997
2599,-18.903109999999998
2600,-26.566630000000004
2601,-1.9632760000000005
2602,-9.88821
2603,-8.53819
2604,-16.027299999999997
2605,-4.401012999999985
2606,2.641916000000002
2607,-6.074436000000006
2608,-0.7217550000000017
2609,3.7290240000000003
2610,0.9121040000000002
2611,4.8226
2612,-1.187512
2613,5.058969999999999
2614,2.7519099999999987
2615,3.5588990000000003
2616,-6.212191000000001
2617,-3.148491999999999
2618,10.138112
2619,-18.113189000000002
2620,0.12021499999999818
2621,3.5967319999999994
2622,-7.876201999999996
2623,-11.83776
2624,10.779020000000001
2625,-8.267555999999999
2626,2.1132670000000005
2627,8.125367
2628,-1.151139999999998
2629,2.7129400000000032
2630,-0.3459210000000006
2631,5.693724
2632,3.353468000000003
2633,10.977329999999998
2634,3.7648459999999986
2635,-23.356428
2636,1.7406909999999982
2637,3.1281570000000016
2638,-5.029484499999999
2639,-0.07482450000000007
2640,-0.661842
2641,-0.33177599999999785
2642,7.592164999999998
2643,-2.9391059999999953
2644,-3.5753555
2645,1.6638390000000003
2646,0.4395369999999996
2647,-1.6314740000000008
2648,-4.224077999999999
2649,-0.41990269999999974
2650,-0.6977792999999988
2651,-1.582021000000001
2652,-2.5891720000000014
2653,9.723280000000003
2654,-2.573731999999996
2655,-5.509126999999999
2656,-3.8027900000000017
2657,4.075110000000002
2658,1.411802999999999
2659,1.661014999999999
2660,-3.0120299999999958
2661,0.6674000000000007
2662,3.2581260000000043
2663,3.1272899999999986
2664,2.5731499999999983
2665,-11.686821963
2666,13.583388324999987
2667,6.088564725
2668,3.6033897250000004
2669,2.5999397250000005
2670,-1.7704408749999985
2671,-5.977200874999999
2672,2.8596541250000005
2673,-3.612116875
2674,5.901333125000001
2675,-4.695966874999998
2676,-1.4952138749999975
2677,2.2748111249999994
2678,-2.0391488749999986
2679,-9.099459875
2680,6.307915125000001
2681,4.503250125000001
2682,-8.463756874999987
2683,-5.248281874999996
2684,1.7078431250000037
2685,4.838373125000004
2686,-4.80805187499999
2687,0.3742281250000019
2688,-4.930646875000008
2689,-5.585801875000001
2690,-1.6749718750000113
2691,-7.478871874999996
2692,-2.6958068750000024
2693,-9.548856874999998
2694,-2.0178718749999973
2695,-7.288211875000002
2696,-9.583316875000008
2697,-0.47525687499999947
2698,7.781192000000001
2699,1.573122000000005
2700,3.2418599999999884
2701,-1.5998300000000114
2702,-9.308989999999994
2703,-11.688059999999979
2704,-3.231929999999977
2705,-19.057550000000006
2706,4.069206000000001
2707,15.195660000000004
2708,8.689125000000004
2709,5.389020000000002
2710,-14.623689999999996
2711,-5.649100000000004
2712,-30.12379999999999
2713,-3.831381444444439
2714,5.607161777777776
2715,8.542816000000002
2716,2.5683811111111083
2717,-10.503949333333345
2718,-15.348285555555563
2719,4.544951111111104
2720,3.4617105555555554
2721,3.7245162222222206
2722,10.100506666666654
2723,8.341182888888895
2724,0.9410099999999986
2725,17.567490000000006
2726,9.43938
2727,7.131140000000002
2728,5.397720000000007
2729,-23.94234
2730,-15.019145000000002
2731,-28.205759999999998
2732,-20.99011
2733,6.821304999999995
2734,6.312220000000011
2735,-8.636624000000012
2736,-9.570284999999998
2737,-14.473715000000013
2738,-32.742689999999996
2739,32.702686
2740,7.772044000000008
2741,4.927990000000008
2742,-9.520976666666655
2743,-1.3881028888888949
2744,2.8108858888888903
2745,6.076765000000002
2746,-8.367679444444438
2747,1.9686868888888895
2748,3.4271985555555595
2749,-11.364646444444443
2750,8.42719855555556
2751,9.09856777777778
2752,24.098567777777777
2753,-3.07064188888889
2754,-9.734653000000009
2755,5.109642000000001
2756,-6.684683
2757,0.38850400000000107
2758,-13.974539666666658
2759,-10.966914333333342
2760,-8.619234111111126
2761,-3.419505444444443
2762,1.5561302222222224
2763,5.519888555555561
2764,-5.641727666666657
2765,-10.666091999999999
2766,-0.5912225555555537
2767,-3.3876199999999983
2768,10.017800000000001
2769,5.947356999999997
2770,10.275672999999998
2771,4.258277999999997
2772,20.054950000000005
2773,5.709239999999994
2774,-3.201519000000001
2775,8.950809999999997
2776,1.1258420000000058
2777,-1.9446060000000003
2778,-13.50324777777778
2779,4.393742222222222
2780,-4.6064447777777815
2781,5.894482222222223
2782,16.06627722222222
2783,24.065222222222232
2784,9.3895322222222
2785,5.289809999999989
2786,2.384190000000004
2787,20.30981
2788,-4.298301444444444
2789,-2.1802206666666564
2790,6.198130666666657
2791,9.152937111111108
2792,-2.076079222222223
2793,-1.0691095555555563
2794,7.8647973333333425
2795,-11.77484066666667
2796,-0.524054800000016
2797,-18.478951111111115
2798,-1.2700077777777636
2799,-25.92828555555549
2800,-0.21499000000000024
2801,0.2733427777777777
2802,-14.695252222222223
2803,12.68306777777778
2804,11.384453888888888
2805,7.526969999999999
2806,10.33862333333333
2807,-4.727769999999985
2808,14.934235000000001
2809,0.9068664444444465
2810,-19.10561176222222
2811,-5.851092222222221
2812,-14.29212816666666
2813,-12.61136222222224
2814,9.803972222222228
2815,-1.9291920000000005
2816,3.5654879999999984
2817,4.51117411111111
2818,13.653403806721451
2819,4.9829458729282265
2820,-3.2542604238853556
2821,-21.83795497715778
2822,-0.2574310000000004
2823,-5.406025
2824,1.1344999999999992
2825,3.7706950000000035
2826,9.053019999999997
2827,-0.03543000000000518
2828,5.801550000000006
2829,9.143825999999997
2830,3.9539680000000033
2831,11.645675999999995
2832,7.25273
2833,-9.955777777777783
2834,0.9257948888888947
2835,-0.06409722222222314
2836,-5.197608888888887
2837,-7.129793333333296
2838,-8.411182222222209
2839,-19.842132999999997
2840,-12.043996888888891
2841,15.696755888888891
2842,3.7893364444444515
2843,-17.3684
2844,4.631599999999999
2845,4.106162888888896
2846,-7.671614888888882
2847,8.225000000000001
2848,-16.443834000000003
2849,41.33661000000001
2850,40.03360822222223
2851,-13.045000000000002
2852,-1.209920000000011
2853,-3.1870951111111108
2854,1.1985246666666676
2855,0.8547672222222147
2856,-24.52084777777779
2857,14.073412555555555
2858,9.749910555555559
2859,12.886289333333345
2860,11.554052222222218
2861,9.31172077777778
2862,7.540139444444442
2863,9.369219999999999
2864,0.6695383333333353
2865,5.383673
2866,-0.12699399999999983
2867,-0.5946955555555604
2868,3.2124911111111096
2869,-5.183326555555556
2870,-1.199905888888889
2871,-10.719720222222222
2872,-26.29219422222223
2873,10.160761888888892
2874,8.253876000000005
2875,11.768124
2876,-18.93639155555556
2877,0.4674966666666549
2878,-10.22906555555555
2879,0.309531111111113
2880,5.737043333333332
2881,8.123856000000004
2882,14.569206000000001
2883,12.596673333333328
2884,3.9075064444444436
2885,9.739093333333344
2886,-2.6881073333333276
2887,-2.403903888888891
2888,-5.7498482222222265
2889,7.269690666666669
2890,0.21929477777777606
2891,8.30695888888889
2892,-2.90071555555555
2893,-5.043930555555548
2894,-1.257147555555548
2895,-3.4895806666666545
2896,-5.1814231111111155
2897,-10.381249999999994
2898,0.45231666666667536
2899,-1.6594566666666566
2900,-18.670634888888884
2901,-12.870186666666697
2902,4.10376288888888
2903,-13.190697777777771
2904,-21.68117888888888
2905,-7.460096666666701
2906,-10.078961111111099
2907,2.547388555555557
2908,1.7592206
2909,-3.351676666666691
2910,1.8257568333333332
2911,4.063475777777775
2912,-8.339697777777772
2913,-4.3191149999999965
2914,-1.8195777777777664
2915,-6.383828111111114
2916,1.6375349999999997
2917,-0.838992222222231
2918,-1.954439999999991
2919,8.499011111111109
2920,13.124971111111101
2921,5.270252222222226
2922,-0.022188777777778057
2923,7.568837222222221
2924,6.547689666666656
2925,9.503401777777775
2926,7.450463333333346
2927,-5.015223888888883
2928,4.590064444444437
2929,6.832507777777778
2930,15.418854222222222
2931,7.314715999999997
2932,1.83175555555556
2933,0.7094600000000071
2934,-7.156379999999999
2935,-15.593139999999998
2936,-8.456329999999994
2937,-11.037125000000003
2938,-6.27937
2939,0.8045400000000029
2940,-6.439099999999996
2941,-15.518326000000002
2942,-9.89267000000001
2943,1.0759400000000028
2944,-6.977159999999998
2945,-17.150800000000004
2946,-8.523040000000002
2947,-5.431740000000005
2948,-15.24566999999999
2949,8.476959999999998
2950,-9.24566999999999
2951,-22.34044777777777
2952,-5.759817777777769
2953,-3.9523577777777774
2954,-9.51202777777776
2955,-3.528287777777763
2956,-18.149927777777805
2957,-7.363567777777803
2958,2.2413122222222057
2959,5.627012222222191
2960,4.442839000000003
2961,0.2599929999999979
2962,-3.2323662222222183
2963,5.122934000000001
2964,-4.680688888888881
2965,-2.713045777777765
2966,-4.520833888888895
2967,-6.5789027777777775
2968,-0.3074844444444409
2969,2.8946788888888904
2970,-1.2299211111111106
2971,-6.297521444444442
2972,-7.534111111111102
2973,-3.5149555555555594
2974,7.348948888888884
2975,-11.89372111111112
2976,3.21281888888889
2977,-7.076150555555557
2978,-3.818046222222229
2979,-5.2500420000000005
2980,-11.977629999999998
2981,-1.0441866666666755
2982,1.084755555555546
2983,-2.7159588888888777
2984,10.223263333333335
2985,-10.578001555555545
2986,11.074043333333336
2987,5.50189222222221
2988,3.2891960000000005
2989,-15.253136111111104
2990,0.8261746666666738
2991,-1.5279336666666552
2992,-0.9829533333333416
2993,-0.9424955555555599
2994,-3.484238222222224
2995,-5.834497555555558
2996,5.7909593333333405
2997,4.10135
2998,-2.570775000000001
2999,-8.681862999999996
3000,-4.613087
3001,4.923898000000001
3002,0.4903319999999951
3003,-1.6851999999999947
3004,0.39302100000000095
3005,-6.894729999999999
3006,1.6324090000000027
3007,0.5736640000000008
3008,-2.3418199999999985
3009,-6.9785870000000045
3010,1.9537059999999968
3011,0.1202330000000007
3012,3.531884999999999
3013,0.057821000000000566
3014,3.700853000000002
3015,2.268903999999999
3016,2.2177899999999937
3017,0.3921320000000037
3018,3.6063940000000017
3019,-14.552390000000003
3020,-4.345668000000003
3021,-3.7161800000000014
3022,-3.5291039999999967
3023,-3.0537949999999867
3024,2.502706
3025,0.7342140000000015
3026,-1.338232999999999
3027,6.997512
3028,5.018322222222196
3029,-17.671978888888887
3030,-11.549137777777801
3031,-9.008071111111093
3032,7.541898444444442
3033,-0.3880201777777774
3034,-5.573321111111113
3035,14.841136577777778
3036,0.4706922222222403
3037,2.907132222222245
3038,-5.363177777777807
3039,-19.363177777777807
3040,-8.561057777777805
3041,-14.561057777777805
3042,14.35981255555556
3043,5.97112222222222
3044,-4.9354266666666575
3045,17.308657777777775
3046,4.58357622222222
3047,-3.314396666666667
3048,-12.768169999999998
3049,-13.052310000000006
3050,-0.8940900000000056
3051,-1.990799999999993
3052,1.7087899999999934
3053,13.062804999999997
3054,9.667659999999998
3055,2.593199999999996
3056,6.4445400000000035
3057,9.529600000000002
3058,-0.8698107777777793
3059,6.897236666666672
3060,-4.936306666666681
3061,-4.048739999999995
3062,-4.219629999999995
3063,-4.6159011111111
3064,-5.112407777777804
3065,5.921843333333342
3066,-0.028075555555560072
3067,8.506088888888883
3068,0.9704588888888992
3069,-6.961490000000012
3070,-2.9114088888889
3071,-11.5994666666667
3072,1.7204588888888992
3073,3.406090000000006
3074,4.406090000000006
3075,-1.9777399999999972
3076,-10.977739999999997
3077,-19.516554643000006
3078,11.326922222222215
3079,-15.019059999999996
3080,8.38970155555559
3081,-13.367060777777773
3082,-14.485410000000002
3083,-20.4411611111111
3084,-1.8167995555555603
3085,-12.527918555555559
3086,5.391617777777782
3087,-5.490751555555562
3088,4.718657777777793
3089,-18.13902966666666
3090,-2.2750488888888896
3091,-23.546307111111105
3092,-9.281342222222193
3093,-9.05807
3094,-4.642710000000001
3095,2.8885303333333283
3096,-15.166532444444442
3097,-7.041636666666655
3098,-8.44385744444444
3099,-5.060147777777779
3100,-7.785103111111113
3101,-6.9336133333333265
3102,-7.050068000000003
3103,-3.2046833333333424
3104,8.637920000000001
3105,1.645158555555554
3106,6.675669777777777
3107,-16.043357777777757
3108,10.378497333333314
3109,3.1853452222222245
3110,5.001890777777781
3111,3.2457161111111077
3112,-4.13742222222222
3113,12.18843233333333
3114,2.872624222222221
3115,-1.9695885555555463
3116,2.701987333333335
3117,-5.464971333333345
3118,3.482737777777757
3119,-1.6222377777777695
3120,-7.697051999999999
3121,-7.109616333333342
3122,-0.5172796666666599
3123,7.344184444444444
3124,-9.03747777777778
3125,-2.89305511111111
3126,0.3758377777777753
3127,22.206441333333345
3128,-5.569791111111108
3129,-13.53383222222223
3130,2.420211111111115
3131,-2.342126444444446
3132,-2.076559555555555
3133,1.6563077777777764
3134,2.6759738888888904
3135,-4.0772844444444445
3136,-2.299506666666659
3137,0.24655800000000028
3138,-4.595481000000003
3139,-2.795100000000005
3140,1.4580860000000015
3141,-0.990214999999985
3142,2.2472099999999955
3143,-2.3259900000000044
3144,-8.016266000000002
3145,-4.000356999999999
3146,-4.914628999999998
3147,-8.075776999999995
3148,1.298960000000001
3149,-4.640720000000002
3150,-0.7047599999999932
3151,-4.723101999999999
3152,1.2387140000000016
3153,3.9795230000000004
3154,0.2652360000000016
3155,-1.7404950000000028
3156,4.401039999999995
3157,-12.67729
3158,-9.475830000000002
3159,0.643730000000005
3160,3.3384499999999946
3161,1.9539800000000014
3162,-11.789358
3163,-0.03307000000000215
3164,2.1736160000000027
3165,2.1073060000000012
3166,0.7591660000000005
3167,-1.4015599999999893
3168,-14.67498999999998
3169,2.9121959999999945
3170,3.918760000000006
3171,-1.8321279999999973
3172,-0.7963680000000011
3173,-7.531348000000001
3174,1.5349450000000076
3175,9.507680000000008
3176,-0.44415999999999656
3177,3.117750000000001
3178,6.947730000000007
3179,17.480113125000003
3180,-16.25907
3181,12.563130000000001
3182,-7.579051999999997
3183,0.22463000000000477
3184,5.715129999999988
3185,4.216774000000001
3186,6.310279999999992
3187,0.36860599999999977
3188,-0.9800300000000064
3189,-11.009339999999995
3190,-9.833356000000002
3191,-5.126089999999998
3192,-4.151798000000014
3193,-5.875204999999994
3194,2.7634900000000187
3195,8.474663000000003
3196,15.990372999999998
3197,-3.938344999999998
3198,-9.12661
3199,-10.58135999999999
3200,-0.18460999999997796
3201,3.9874300000000034
3202,-4.848020000000005
3203,18.826790000000003
3204,4.395786000000001
3205,-1.3733200000000068
3206,5.402379999999994
3207,2.3105999999999938
3208,-0.3532599999999917
3209,-2.882800000000003
3210,6.467336000000003
3211,3.937740000000005
3212,1.1270899999999955
3213,-15.390749999999997
3214,-5.868380000000002
3215,-10.931849999999997
3216,-2.3883150000000057
3217,-4.808499999999995
3218,8.056520000000006
3219,5.080020000000005
3220,9.152720000000002
3221,-0.6661150000000049
3222,-8.666115000000005
3223,-2.346435999999997
3224,3.8753300000000053
3225,-3.6895000000000095
3226,-9.966370000000012
3227,-6.280047777777767
3228,17.479502222222216
3229,-11.914477777777776
3230,11.473681999999997
3231,-12.06094811111111
3232,2.9958422222222154
3233,-11.591643777777804
3234,-27.240607777777797
3235,-10.696417777777796
3236,-10.829901777777806
3237,3.3226422222222283
3238,-8.393479999999997
3239,-1.457486666666668
3240,2.33656222222222
3241,3.510842222222223
3242,-4.77613922222222
3243,-4.5577888888888936
3244,2.93980777777778
3245,-6.554468555555559
3246,-1.9035444444444423
3247,-18.89806966666667
3248,-18.13569000000001
3249,-4.623877777777807
3250,-3.865153888888898
3251,-4.872916666666697
3252,3.558414444444395
3253,-4.0418671111111095
3254,-9.452185
3255,-6.021914999999996
3256,-11.603492000000003
3257,-6.889859999999999
3258,-1.339063000000003
3259,-2.973271999999998
3260,-5.326066000000001
3261,-8.151890999999999
3262,-6.084049999999998
3263,-3.3401450000000015
3264,-5.012488999999999
3265,-2.159313000000001
3266,-3.4455089999999977
3267,-3.837120000000006
3268,-9.234026
3269,-11.176797
3270,-8.635309000000003
3271,-13.661642
3272,-6.872833
3273,0.30405099999999763
3274,2.334681
3275,-0.5630799999999994
3276,-4.159610000000001
3277,1.8134299999999968
3278,9.505929999999992
3279,1.526670000000001
3280,3.801285
3281,-4.032767999999997
3282,2.609269999999995
3283,-0.757242999999999
3284,-4.729329999999997
3285,4.743665
3286,-1.2653980000000047
3287,-4.846170000000001
3288,-2.549040000000005
3289,-0.48895000000000266
3290,-4.2466950000000026
3291,-5.337413999999995
3292,13.268144999999997
3293,5.0336
3294,11.238807237000003
3295,-29.02749
3296,-13.116069999999993
3297,-17.440216000000007
3298,-8.435683999999995
3299,3.161865000000006
3300,5.510099999999994
3301,-2.606259999999992
3302,32.78914777777778
3303,24.17812277777778
3304,0.05564425555555541
3305,-17.203210555555557
3306,10.186564888888888
3307,-7.3749322222222276
3308,4.795478044444445
3309,1.7689726666666683
3310,-14.224715777777774
3311,-1.9548163333333406
3312,6.224753777777785
3313,-7.241553777777753
3314,7.778739999999999
3315,0.30844622222222284
3316,-6.206312555555556
3317,-4.980212222222249
3318,-16.362055555555486
3319,-7.185171777777796
3320,-12.515988888888913
3321,-22.251932762999985
3322,-12.979311111111116
3323,-6.271841777777794
3324,-3.1931222222222004
3325,-4.791523333333302
3326,-21.409674777777774
3327,-9.267947999999997
3328,-10.338067111111116
3329,-8.893856666666679
3330,-26.194523333333308
3331,6.119133333333323
3332,-8.394098444444445
3333,7.033194444444447
3334,-11.882009555555555
3335,2.382651111111116
3336,-33.1539344444444
3337,-14.982738888888889
3338,-16.51344499999999
3339,1.560939999999988
3340,-1.2057849999999917
3341,2.974420000000009
3342,3.8436000000000092
3343,-5.966195222222222
3344,-6.143263888888896
3345,-9.431709777777776
3346,7.614494777777772
3347,-8.924059999999997
3348,8.732252222222222
3349,4.7005716666666615
3350,15.542295555555555
3351,3.199187777777766
3352,-2.0707200000000014
3353,-42.14989
3354,-21.74433000000002
3355,11.625078
3356,5.683545000000002
3357,1.820667000000002
3358,-4.435586999999998
3359,-2.8694609999999976
3360,6.405831000000003
3361,2.127153
3362,3.957365000000003
3363,7.845054000000005
3364,9.609556
3365,3.176373999999999
3366,-4.423333000000003
3367,3.829447000000002
3368,2.418906
3369,6.113556000000003
3370,4.811197
3371,6.069396
3372,-4.308793000000001
3373,-3.7093050000000005
3374,6.822821000000001
3375,6.336940000000002
3376,-5.628545000000003
3377,4.104245000000006
3378,3.486376
3379,7.357289999999999
3380,2.1884119999999996
3381,4.906168000000001
3382,-2.853170000000002
3383,7.987001999999997
3384,2.6531280000000024
3385,14.008846
3386,0.5756399999999999
3387,8.946586999999997
3388,7.112448
3389,1.195837000000001
3390,0.14971000000000245
3391,1.1798750000000027
3392,2.9698160000000016
3393,0.07864400000000416
3394,0.8797699999999935
3395,-3.558399999999992
3396,0.18791000000001645
3397,6.166780000000003
3398,2.0851040000000003
3399,2.5003870000000017
3400,-3.5690719999999985
3401,-6.190818
3402,-7.7077699999999965
3403,-6.955799999999996
3404,-9.295029999999997
3405,0.8918319999999991
3406,5.870940000000001
3407,12.565220000000004
3408,-2.4640500000000003
3409,2.200959999999995
3410,0.16465000000000884
3411,8.85555500000001
3412,-12.90974
3413,-11.868920000000003
3414,4.146770000000004
3415,-3.9830499999999915
3416,3.516224000000001
3417,-7.713030000000003
3418,-18.526847999999994
3419,2.1142700000000048
3420,6.314643000000004
3421,-2.144325000000002
3422,12.729063999999997
3423,-1.092845999999998
3424,-2.9626899999999985
3425,-6.118315000000003
3426,3.170180000000002
3427,7.0442099999999925
3428,3.6796099999999967
3429,-2.270450000000011
3430,15.187929999999994
3431,-3.4853370000000012
3432,-0.05376200000000253
3433,2.63206000000001
3434,-6.757099999999994
3435,-6.320430000000016
3436,-5.893830000000008
3437,-16.265690000000006
3438,1.5136420000000008
3439,2.0508650000000017
3440,1.0599399999999974
3441,-4.9369800000000055
3442,4.281199999999984
3443,13.828485
3444,-1.3323099999999783
3445,-18.297110000000004
3446,-19.55227000000002
3447,-5.106120000000004
3448,-2.0515200000000107
3449,1.2748500000000007
3450,-16.630589999999984
3451,-11.716499999999996
3452,0.8813400000000229
3453,2.478189999999998
3454,9.572859999999991
3455,3.286981000000001
3456,4.282414000000003
3457,8.518487
3458,5.255649999999989
3459,-5.461039999999997
3460,2.749600000000001
3461,-0.4469300000000018
3462,-2.7928560000000004
3463,-2.3922799999999995
3464,-0.4690179999999984
3465,1.9632799999999975
3466,5.716200000000001
3467,6.714100000000009
3468,6.700180000000003
3469,-4.674750000000017
3470,-0.9281659999999903
3471,7.327245000000005
3472,-1.4435649999999924
3473,7.207980000000006
3474,3.0236500000000035
3475,-0.10625800000000041
3476,-2.0846459999999993
3477,1.7401929999999979
3478,-0.019567999999999586
3479,-0.8490060000000028
3480,-1.4386300000000034
3481,0.8516450000000049
3482,-2.3800919999999994
3483,0.4105699999999999
3484,-2.1470800000000025
3485,1.9673149999999993
3486,3.040232000000003
3487,-4.548645000000008
3488,0.48548499999999706
3489,-4.394724000000002
3490,3.304042000000001
3491,-0.8654469999999961
3492,5.732950000000002
3493,9.109609999999996
3494,0.5660550000000129
3495,-4.552769999999995
3496,-3.6358999999999924
3497,-4.812174999999996
3498,0.5840760000000031
3499,8.536890000000007
3500,-3.123894
3501,-13.1237
3502,-2.1734149999999985
3503,6.228609999999996
3504,1.7771200000000036
3505,0.2524799999999985
3506,9.112259999999992
3507,-12.825434563000044
3508,12.53756869199998
3509,-10.581421200000008
3510,12.080458888888884
3511,0.36775666666667917
3512,0.11382400000000104
3513,8.313578
3514,23.731375
3515,-14.162894999999999
3516,0.44929500000000644
3517,0.8799699999999859
3518,1.879969999999986
3519,5.879969999999986
3520,22.349430000000012
3521,-6.355198888888907
3522,-5.324453333333281
3523,-3.2464144444445253
3524,-0.32697333333328515
3525,7.324445555555556
3526,-11.347101666666688
3527,7.647124444444444
3528,4.664845555555559
3529,-10.480360000000005
3530,-11.08232488888892
3531,-1.8201877777777895
3532,0.7321011111111062
3533,-2.7986199999999997
3534,-0.5820729999999976
3535,0.8330580000000012
3536,-11.709297
3537,5.784019999999998
3538,7.263159999999999
3539,-3.012119999999996
3540,-6.042539
3541,-1.1613959999999999
3542,-3.751819999999995
3543,6.814362000000003
3544,3.6678799999999967
3545,2.198589999999996
3546,1.167199999999994
3547,5.681691000000002
3548,-0.8738109999999999
3549,-7.615769999999998
3550,-0.08346399999999932
3551,1.2097270000000009
3552,3.8056180000000026
3553,3.875484
3554,-1.562581999999992
3555,-6.779420000000002
3556,-0.14926399999998807
3557,3.3849400000000003
3558,-3.931040000000003
3559,-5.249494999999989
3560,4.824876000000003
3561,8.343185000000005
3562,4.069625000000002
3563,1.5782000000000025
3564,-15.026824768000012
3565,6.4755328888889
3566,-9.932277111111084
3567,9.840785888888902
3568,14.482599222222234
3569,-16.14618144444443
3570,0.2636318888888951
3571,-11.937466111111092
3572,-2.3396161111110914
3573,5.7025422222222275
3574,16.101725555555568
3575,1.5807755555555687
3576,-6.105544444444426
3577,1.0483388888888925
3578,-10.722341111111106
3579,3.734845555555566
3580,4.390782222222228
3581,-8.099557777777775
3582,1.4493755555555623
3583,3.172282222222222
3584,-2.3378511111110925
3585,-18.3690677777778
3586,-8.088494444444393
3587,0.10025555555560572
3588,4.401695555555605
3589,-0.4951011111110972
3590,3.1999822222222036
3591,-6.533726999999999
3592,9.970562999999999
3593,-7.303429999999992
3594,-3.610579999999999
3595,-8.40476000000001
3596,4.281790000000001
3597,-8.87415999999999
3598,-2.419109999999989
3599,-1.7995300000000043
3600,-6.086669999999998
3601,-15.940467777777826
3602,-4.810127777777836
3603,-6.108997777777802
3604,-4.570477777777853
3605,-25.549577777777813
3606,0.5037855555555595
3607,4.03486222222223
3608,-17.332832222222237
3609,1.0419822222222024
3610,-3.171427777777808
3611,-9.110997777777797
3612,-17.938357777777796
3613,-9.525397777777798
3614,-11.543390666666667
3615,-8.573077777777769
3616,0.22356933333331597
3617,-11.913152222222195
3618,6.3065950000000015
3619,-16.388934444444445
3620,-9.030346666666688
3621,2.499954444444441
3622,-2.751607777777778
3623,0.41409777777776924
3624,-14.5069993
3625,1.2723940000000002
3626,-4.365470000000002
3627,-19.3151
3628,13.034080000000003
3629,-6.027380000000001
3630,3.056858000000002
3631,-4.327085999999998
3632,0.15615999999999985
3633,-5.498280000000008
3634,-4.789810000000003
3635,4.789049999999989
3636,-5.253068500000001
3637,0.35332400000000064
3638,2.2430200000000013
3639,-1.2787199999999928
3640,-6.991330000000005
3641,2.5647730000000024
3642,-4.292626000000002
3643,-6.1156099999999896
3644,-8.546700000000001
3645,-14.825720000000018
3646,-3.7067539999999894
3647,-3.5192760669999927
3648,-21.614525867999987
3649,-6.106073555555554
3650,-4.118105555555601
3651,7.390337777777802
3652,27.291380000000004
3653,-1.1606600000000071
3654,-19.31143
3655,-6.3251300000000015
3656,-4.3278985555555565
3657,0.5846763333333413
3658,2.75412444444445
3659,-1.0387653436364275
3660,-4.357540994237148
3661,1.3769035761146426
3662,-22.75436150757011
3663,-0.9241866666666994
3664,-11.81107
3665,-4.008475555555563
3666,12.588312222222243
3667,2.9647022222222006
3668,-3.4777366666666722
3669,15.199423333333343
3670,-11.960887777777756
3671,10.39767888888889
3672,-12.953154444444394
3673,1.439089999999993
3674,7.260940000000005
3675,-9.161545000000004
3676,-3.5609677777778046
3677,-0.786206111111099
3678,-4.547086666666701
3679,-9.115286666666677
3680,-2.478966666666679
3681,-10.106890000000007
3682,-8.017113333333299
3683,-14.091279444444396
3684,10.497264888888907
3685,-25.347242222222206
3686,4.108092999999997
3687,1.5295260000000042
3688,18.840199999999996
3689,-9.928759999999997
3690,-1.8066900000000032
3691,0.5446900000000028
3692,-6.09375
3693,-6.260149999999996
3694,-6.915599999999998
3695,-1.8418499999999938
3696,7.905529999999999
3697,-6.560874999999996
3698,-5.243309999999994
3699,7.09487
3700,-1.152860000000004
3701,16.19272000000001
3702,-5.222849999999994
3703,1.848069444444448
3704,-4.0567199999999985
3705,0.7565215555555937
3706,5.452346666666699
3707,21.217992222222215
3708,20.783912222222227
3709,-12.782007777777764
3710,-10.216087777777759
3711,-3.4803977777777675
3712,-0.5655737777777716
3713,20.539152222222228
3714,-6.889342777777799
3715,1.3497022222222483
3716,3.9923022222222357
3717,-3.3061877777777937
3718,-3.8739477777778006
3719,-5.715483777777806
3720,-3.1780917777777518
3721,3.1063622222222307
3722,-6.5312277777777865
3723,-3.217567777777788
3724,8.79848222222219
3725,-2.458403777777775
3726,9.304738888888892
3727,3.1297844444443967
3728,18.02152733333334
3729,2.0259130000000027
3730,-13.076361777777763
3731,17.51008333333334
3732,-11.550516666666695
3733,-5.520700444444401
3734,2.0266488888889
3735,-17.813630000000003
3736,-8.551137777777754
3737,19.642147777777765
3738,-9.116487777777806
3739,-17.372987555555554
3740,5.169034444444449
3741,-4.7181266666666914
3742,10.034792777777781
3743,-22.93564733333333
3744,-5.021169333333326
3745,0.6784111111111102
3746,-26.431236666666706
3747,28.223860000000002
3748,-2.208356000000002
3749,10.783109333333329
3750,-2.565196666666658
3751,-3.4227677777777714
3752,0.843399999999999
3753,4.769850000000005
3754,-1.7458959999999948
3755,-2.608934000000005
3756,0.2254999999999967
3757,-1.0289549999999998
3758,6.106286999999998
3759,-0.6280239999999964
3760,-7.8228500000000025
3761,0.12608900000000034
3762,3.646605000000001
3763,0.23278000000000532
3764,-4.197936000000013
3765,1.3477000000000032
3766,-10.646809999999988
3767,16.261800000000008
3768,-0.6239999999999952
3769,-18.079077777777798
3770,-7.470247777777786
3771,18.124422222222194
3772,0.5486722222221943
3773,7.668700000000001
3774,-4.53584033333334
3775,2.881699222222224
3776,7.763144444444443
3777,-7.3884961111111025
3778,-0.7060722222222111
3779,1.4988455555555475
3780,-6.459317999999996
3781,3.622055000000003
3782,-1.281880000000001
3783,5.171475000000001
3784,11.751909999999995
3785,1.0495400000000075
3786,-4.131788
3787,14.004800000000003
3788,0.7697399999999988
3789,5.540444000000008
3790,-1.9104359999999971
3791,5.005899999999997
3792,3.6100000000000136
3793,2.780785999999999
3794,10.125299999999982
3795,-23.955071551999993
3796,-1.1404705555555523
3797,11.980442222222237
3798,7.557942222222238
3799,13.255601111111119
3800,-7.216226999999996
3801,-2.021934999999999
3802,-11.629742777777807
3803,26.092575111111113
3804,26.239866666666657
3805,19.313114444444437
3806,2.820637222222217
3807,-2.8252033333333344
3808,-1.3130828888889
3809,-2.2994000000000057
3810,-19.109902222222203
3811,-9.018243506999994
3812,-5.506017777777799
3813,24.625761111111117
3814,2.03250488888888
3815,15.737967777777754
3816,-13.952567777777801
3817,-16.9286977777778
3818,-12.208771999999996
3819,6.515484000000008
3820,-1.8697809999999997
3821,-2.101524000000005
3822,-6.519202999999997
3823,-6.980809999999991
3824,1.640035999999995
3825,-3.9325900000000047
3826,-10.847880000000004
3827,-4.787396999999999
3828,-1.4135039999999996
3829,1.2157620000000051
3830,1.4088299999999947
3831,-3.1622249999999923
3832,-8.52924999999999
3833,-5.422839999999994
3834,2.8399540000000023
3835,-5.965553
3836,-9.949787999999998
3837,-3.5478399999999937
3838,-2.3019800000000004
3839,4.236105000000009
3840,-6.632600000000011
3841,-8.559615000000008
3842,-13.69708
3843,-2.80046999999999
3844,-0.6502499999999998
3845,-12.143119999999996
3846,-6.206413999999995
3847,-8.347787000000004
3848,3.765820000000005
3849,0.08203999999999922
3850,-2.23666699999999
3851,18.181626832000006
3852,-36.8950877777778
3853,-23.859517777777796
3854,-22.405357777777795
3855,-19.405357777777795
3856,-11.162656666666706
3857,-4.0555300000000045
3858,5.427023333333295
3859,-1.3706588888889257
3860,-3.1317111111110876
3861,14.735161111111111
3862,-7.755666666666599
3863,6.377301111111102
3864,-1.437687777777768
3865,6.182823333333317
3866,1.8494430000000008
3867,-5.5299169999999975
3868,-1.0753900000000058
3869,-7.684010000000001
3870,2.206940000000003
3871,-3.5460100000000097
3872,-3.033680000000004
3873,1.036050000000003
3874,2.294015
3875,-6.492855000000002
3876,-2.299039999999998
3877,-4.04607
3878,-6.334220000000002
3879,-10.687709999999996
3880,-0.9088699999999932
3881,3.7953420000000015
3882,-5.030014000000001
3883,-7.298569999999991
3884,-11.025329999999997
3885,10.275104999999996
3886,3.0603240000000085
3887,3.291560000000004
3888,-11.93213
3889,-6.723414000000005
3890,8.566370000000006
3891,6.7061999999999955
3892,-8.360506
3893,-9.498705999999999
3894,-10.213754999999992
3895,1.3343300000000085
3896,4.8247220000000155
3897,8.020069999999997
3898,17.80000770000001
3899,4.548259199999997
3900,10.5676572
3901,-6.811500800000001
3902,4.769709199999998
3903,-0.3361528000000007
3904,1.946519200000001
3905,3.644453200000001
3906,5.683037200000001
3907,12.3215152
3908,-5.458122799999998
3909,-6.068320799999995
3910,-6.679858799999998
3911,-16.013728799999996
3912,7.140711199999998
3913,-0.9834827999999973
3914,-1.0697498000000039
3915,-1.6772678000000028
3916,1.3469222000000016
3917,0.8192431999999954
3918,-14.26319079999999
3919,-2.808614800000001
3920,-6.763262799999978
3921,3.137897200000012
3922,9.541377200000007
3923,1.3907792000000114
3924,3.893211199999996
3925,-3.6784048000000027
3926,-14.630016799999993
3927,-9.842730799999984
3928,-9.736770800000002
3929,-11.116626800000006
3930,-4.8205478
3931,-8.968155800000005
3932,-0.7211797999999874
3933,11.24614919999999
3934,1.2690792000000073
3935,0.5076691999999952
3936,1.8955652000000072
3937,7.219699200000008
3938,-9.370732799999999
3939,4.9012612000000075
3940,-1.3623608000000047
3941,-0.29298580000001095
3942,-3.218857800000009
3943,-7.647865800000005
3944,-8.390723800000004
3945,-1.483680800000002
3946,-10.406016800000003
3947,-21.145593800000015
3948,-5.264175800000004
3949,-6.359352799999996
3950,7.9840892
3951,-9.074672800000002
3952,-3.5463668000000155
3953,8.843201199999996
3954,-6.560929999999999
3955,-15.195300000000003
3956,-6.16028
3957,-16.244969999999995
3958,5.611160000000012
3959,-25.419880000000006
3960,-21.443065555555492
3961,-10.119315999999998
3962,-15.776830555555605
3963,12.193124444444443
3964,2.7523284444444442
3965,-3.3615900000000067
3966,20.84558333333331
3967,13.074934444444509
3968,-4.100682222222247
3969,6.308104999999998
3970,-9.066752222222192
3971,-25.577322777777795
3972,-1.9537777777777876
3973,0.046222222222212395
3974,-0.2567377777778006
3975,-20.725472222222194
3976,-13.117505555555482
3977,9.493954444444512
3978,8.521598000000001
3979,-6.043286000000002
3980,-2.1126799999999974
3981,-3.102885999999998
3982,3.1433600000000013
3983,-3.4570039999999977
3984,1.9457299999999975
3985,1.0817499999999995
3986,-8.784850000000006
3987,14.167014999999992
3988,-2.912935000000001
3989,1.552657
3990,-2.2641299999999944
3991,-7.937889999999996
3992,-7.382530000000003
3993,-8.176249999999996
3994,-5.888950000000008
3995,-2.9739000000000004
3996,-4.445282000000002
3997,4.337875999999994
3998,-1.0248500000000007
3999,2.1036100000000033
4000,-6.786370000000005
4001,14.153080000000003
4002,-5.087810000000005
4003,-14.538729999999987
4004,3.3149599999999992
4005,-3.871239999999986
4006,-6.333349999999996
4007,-5.286394999999999
4008,0.16929999999999268
4009,3.0357199999999978
4010,-2.404110000000003
4011,5.7464999999999975
4012,-15.757594562999998
4013,-3.59966855555556
4014,10.115151111111103
4015,-6.998632222222227
4016,-5.868157777777796
4017,1.0671866666666858
4018,-18.125657777777803
4019,0.7372183333333169
4020,5.9037488888888845
4021,26.782466666666707
4022,-4.220806666666633
4023,-0.5432600000000036
4024,13.521537777777795
4025,-13.211158888888917
4026,4.4033274444444395
4027,-4.311688888888895
4028,-4.504976666666693
4029,-22.352897777777784
4030,16.961073333333346
4031,0.16232451700000183
4032,-3.2387038888889066
4033,-9.799561111111075
4034,-9.013316666666725
4035,2.7582566666666963
4036,-4.813436666666718
4037,-7.155450000000002
4038,0.7655714444444399
4039,-12.181623333333292
4040,22.732650000000007
4041,4.313152222222243
4042,-14.860437555555556
4043,-7.5587295555555585
4044,-7.261472222222224
4045,-3.098247222222227
4046,-4.440127777777803
4047,-4.002735555555603
4048,1.3719877777777754
4049,2.8164039999999986
4050,4.243649999999995
4051,-0.47159999999999513
4052,-3.0655599999999907
4053,1.2075750000000056
4054,12.352175000000003
4055,-1.3068700000000035
4056,-4.374870000000016
4057,-9.262770000000017
4058,1.3562539999999998
4059,0.008735999999998967
4060,1.8096200000000096
4061,-5.047609999999992
4062,-1.1849100000000021
4063,-8.092659999999995
4064,-10.676029999999997
4065,-10.6641905
4066,-4.166253000000001
4067,2.9644639999999995
4068,-5.066262000000002
4069,-4.975359999999995
4070,8.764790000000005
4071,0.12119500000000016
4072,2.749200000000002
4073,7.738274000000004
4074,2.374040000000008
4075,-15.62057999999999
4076,-6.564619999999991
4077,6.083410000000015
4078,6.311239999999998
4079,3.9778400000000147
4080,-9.540080000000003
4081,-3.6458459999999917
4082,-0.8551000000000073
4083,-0.10129999999999484
4084,0.9981999999999971
4085,-1.4399699999999882
4086,-26.199990000000014
4087,-7.21266
4088,6.96814999999998
4089,-2.586100000000002
4090,-16.078000000000003
4091,2.913079636999953
4092,20.376180000000005
4093,-5.922047111111112
4094,-2.1567150000000055
4095,9.029372222222221
4096,-3.0101237777778067
4097,10.077772222222194
4098,6.511904999999999
4099,2.2892580000000002
4100,3.261420000000001
4101,-6.08603699999999
4102,-0.9435099999999963
4103,-0.9902229999999861
4104,-2.772829999999999
4105,5.632933999999999
4106,-2.2408090000000023
4107,0.9378820000000019
4108,-0.1804869999999994
4109,-1.5870829999999998
4110,3.157207999999997
4111,-2.886478000000004
4112,-3.1319079999999992
4113,-2.8734639999999985
4114,-4.140048
4115,-0.871656999999999
4116,-1.0438079999999985
4117,-0.3991669999999985
4118,8.108876000000002
4119,-2.587243000000001
4120,3.3678600000000003
4121,-8.126240000000003
4122,-6.850839999999991
4123,2.753126999999999
4124,-3.564236000000001
4125,-5.524110000000004
4126,-7.921645999999988
4127,3.8172820000000023
4128,-6.524499999999996
4129,-1.1092689999999976
4130,1.2272300000000023
4131,-7.859069999999999
4132,-9.222276
4133,-11.517809999999997
4134,1.0876260000000002
4135,-7.451205000000002
4136,-2.484080000000006
4137,-1.2821870000000004
4138,2.2783669999999994
4139,-9.707943999999998
4140,-8.841493999999997
4141,-7.765256999999998
4142,-0.3809450000000041
4143,0.37216000000000093
4144,-5.575105000000001
4145,-7.421222999999991
4146,-1.0624400000000023
4147,1.8231520000000003
4148,-2.7328249999999983
4149,-1.5646269999999944
4150,-13.603844000000002
4151,-8.948656
4152,2.2480000000000047
4153,-2.5034829999999957
4154,-7.8575659999999985
4155,-2.7467650000000035
4156,4.290514000000002
4157,2.080432000000002
4158,-0.5797900000000027
4159,3.8232200000000027
4160,2.985056
4161,-5.196992999999999
4162,-4.969097999999995
4163,-6.54525000000001
4164,7.28331
4165,2.834760000000003
4166,7.4657060000000115
4167,0.02081799999999845
4168,-2.208680000000001
4169,-5.264727999999998
4170,-4.578940000000003
4171,-2.6877840000000077
4172,-0.32921000000000333
4173,6.860970000000009
4174,6.228058000000001
4175,-3.521995000000004
4176,-9.885986000000003
4177,-8.697249999999997
4178,-2.4599599999999953
4179,-5.349050000000005
4180,8.556209999999993
4181,-14.131469999999993
4182,-11.672520000000006
4183,-4.297070000000005
4184,3.056129999999996
4185,-8.962299999999999
4186,-2.565394999999995
4187,0.20762200000000064
4188,9.419825000000003
4189,1.1456799999999987
4190,6.843170000000001
4191,-8.725933499999996
4192,-20.4995777777778
4193,-14.724477777777807
4194,-8.141656666666691
4195,-23.226475555555595
4196,9.39423422222222
4197,-7.371007777777777
4198,2.2356095555555555
4199,-2.447851555555559
4200,2.6087200000000017
4201,-0.32665999999999684
4202,3.054069999999996
4203,-5.100800000000007
4204,-5.355200000000011
4205,7.820180000000008
4206,-2.449629999999999
4207,-3.580686
4208,1.0270870000000016
4209,-0.2707459999999955
4210,1.829749999999997
4211,-3.847850000000008
4212,-2.9078599999999994
4213,-6.440875999999989
4214,-6.067830000000001
4215,-9.708527
4216,-8.966003
4217,-3.333365999999998
4218,1.787002000000001
4219,-2.421769999999995
4220,-3.438749999999999
4221,5.263229999999993
4222,-2.231269999999995
4223,1.024169999999998
4224,0.12452999999999292
4225,1.6617200000000025
4226,-16.179879999999997
4227,-7.137049999999988
4228,5.259619999999998
4229,2.293149999999997
4230,-2.999465999999998
4231,-9.489720000000005
4232,-5.570219999999992
4233,1.4555399999999992
4234,-4.162390000000002
4235,0.5955000000000013
4236,20.552880000000002
4237,12.925340000000006
4238,-9.015039999999999
4239,-2.895700000000005
4240,1.0627199999999988
4241,3.681740000000005
4242,-2.303813163000001
4243,-5.543840000000017
4244,-20.021947777777797
4245,6.632459999999995
4246,-4.9137027777777575
4247,-1.718302222222249
4248,-11.026417777777795
4249,1.4715849999999975
4250,-2.8195669999999993
4251,-4.2468920000000026
4252,-1.048109999999994
4253,-1.571160000000006
4254,-0.4584600000000023
4255,5.875720000000001
4256,-1.4481600000000014
4257,4.098375000000004
4258,2.008979999999994
4259,1.6346740000000004
4260,-2.896515000000001
4261,-8.089485000000003
4262,-3.8593549999999937
4263,-2.008704999999992
4264,-3.309659999999994
4265,-2.720396000000008
4266,0.43788999999999945
4267,-5.4644229999999965
4268,-5.751289999999997
4269,-2.663240000000002
4270,0.6226660000000095
4271,-5.344955999999996
4272,13.377960000000002
4273,-11.451419999999999
4274,-9.459810000000004
4275,5.570220000000006
4276,7.767779999999988
4277,-5.47917600000001
4278,-1.902275000000003
4279,-5.330979999999997
4280,6.931240000000017
4281,-1.3156399999999948
4282,8.585094000000005
4283,1.824821
4284,-8.028547
4285,2.321087000000002
4286,-1.6359300000000019
4287,-4.133006000000002
4288,2.323003
4289,-3.5792040000000043
4290,1.9131900000000144
4291,8.949560000000005
4292,-1.1256330000000005
4293,-2.4919100000000007
4294,-1.3230299999999957
4295,-7.0826939999999965
4296,-6.314459999999997
4297,-5.584485999999998
4298,2.261806
4299,0.24447299999999927
4300,-3.91516
4301,2.4434600000000017
4302,-5.743259999999999
4303,0.7430540000000008
4304,-0.8911599999999993
4305,2.1256449999999916
4306,-8.475819999999999
4307,-1.0557699999999954
4308,-4.3509460000000075
4309,4.730025000000005
4310,-10.350863000000004
4311,-5.431397999999994
4312,-3.6769940000000005
4313,17.39636
4314,1.7530199999999994
4315,0.7849270000000033
4316,11.262577
4317,-8.882286999999998
4318,-1.6078499999999991
4319,-5.218109999999996
4320,-6.647109999999998
4321,-3.297865999999999
4322,1.7029600000000045
4323,0.5349200000000138
4324,0.6784300000000059
4325,-1.3857269999999993
4326,-0.3767940000000003
4327,0.15193000000000012
4328,-2.1080500000000058
4329,-7.655636000000001
4330,-0.5113249999999994
4331,-3.8003240000000034
4332,1.011330000000001
4333,0.09884199999999765
4334,-2.3249199999999988
4335,-10.896750000000011
4336,-0.8870699999999943
4337,-1.9187299999999965
4338,0.11006400000000838
4339,-6.542419999999993
4340,-20.868130000000008
4341,-1.1196300000000008
4342,-10.423100000000005
4343,-7.7813600000000065
4344,-10.372029999999995
4345,-4.949550000000002
4346,10.942969999999995
4347,-8.8504
4348,8.318849999999998
4349,9.840746
4350,-4.251190000000008
4351,3.6703100000000006
4352,-3.840999999999994
4353,6.871483999999995
4354,2.778729999999996
4355,-1.4327460000000016
4356,-11.23208000000001
4357,-4.4256599999999935
4358,-5.003070000000001
4359,4.678319999999999
4360,8.400649999999999
4361,3.424935999999988
4362,14.785230000000013
4363,-11.198700000000002
4364,-1.19559000000001
4365,5.446269999999998
4366,-13.733909999999995
4367,0.4536099999999976
4368,-1.719070000000002
4369,0.3369339999999994
4370,-3.1331300000000013
4371,-3.597529999999999
4372,2.977400000000003
4373,-0.12935600000000136
4374,-0.715984000000006
4375,8.602593999999996
4376,-5.560794000000001
4377,-0.0054899999999982185
4378,-3.3465929999999986
4379,-5.786029999999997
4380,-6.060900000000004
4381,-2.974180000000004
4382,0.020179999999996312
4383,-2.4426370000000013
4384,-0.16178999999999633
4385,-0.1267599999999902
4386,2.317370000000011
4387,3.9345200000000062
4388,11.733694
4389,-8.616789999999995
4390,2.370950000000022
4391,2.245440000000002
4392,7.932059999999993
4393,-2.2813149999999993
4394,-2.9462999999999937
4395,2.0752670000000037
4396,8.828400000000002
4397,0.547069999999998
4398,5.166347999999999
4399,-6.86196082699999
4400,-10.911156831999989
4401,-47.73600999999999
4402,7.767075999999999
4403,-4.959980999999999
4404,-6.2649969999999975
4405,-2.6401900000000005
4406,-1.161676
4407,-0.3527599999999964
4408,5.592389999999998
4409,-4.344268
4410,-0.7995729999999952
4411,0.5656350000000003
4412,1.722633
4413,-4.061298999999998
4414,-3.790917999999998
4415,-2.1450399999999945
4416,2.9314180000000007
4417,-0.7892639999999957
4418,3.8658360000000016
4419,-2.168505999999997
4420,2.4986820000000023
4421,-3.325910000000004
4422,-0.22710999999999615
4423,6.621385
4424,0.5288220000000052
4425,0.013527000000003397
4426,2.6986849999999976
4427,3.5139059999999986
4428,-9.747164000000005
4429,3.782200000000003
4430,-4.4641800000000025
4431,-4.930365999999999
4432,-3.246509999999997
4433,7.996917
4434,2.376997000000003
4435,1.959900000000001
4436,8.636109999999995
4437,1.8597770000000011
4438,-4.6233
4439,-4.496195
4440,-4.01509999999999
4441,2.718130000000002
4442,3.40616
4443,5.926150000000007
4444,6.123139999999978
4445,-5.089859999999987
4446,1.4922879999999985
4447,-5.972323000000003
4448,-4.479929999999996
4449,2.0688900000000103
4450,-5.866189999999989
4451,-18.140690000000006
4452,7.379300000000001
4453,7.743929999999995
4454,-8.413863
4455,-3.494650000000007
4456,-4.179670000000016
4457,-9.014960000000002
4458,6.903120000000001
4459,7.415030000000002
4460,-16.340689999999995
4461,-6.435739999999953
4462,2.3497500000000002
4463,5.007550000000009
4464,-2.537949999999995
4465,-9.408359999999988
4466,-11.03689
4467,8.379339999999985
4468,-1.6628649999999965
4469,7.770630000000011
4470,-5.569016300000044
4471,-11.210462222222219
4472,-5.110258888888879
4473,-3.870444444444402
4474,-2.0038199999999975
4475,-1.3382000000000005
4476,-3.7159500000000207
4477,-2.826494999999994
4478,-4.106940000000009
4479,-10.038569999999993
4480,-2.1662120000000016
4481,-8.162199999999984
4482,-13.702900000000028
4483,-14.914469999999994
4484,3.243682999999997
4485,-2.791337000000002
4486,0.2854299999999981
4487,-2.20188499999999
4488,1.6612140000000153
4489,1.179559999999995
4490,3.2918559999999957
4491,-6.380764999999997
4492,-1.9048949999999998
4493,-7.232390000000002
4494,-5.67745
4495,-8.697789999999998
4496,-7.230500000000006
4497,3.666650000000004
4498,-1.6617500000000014
4499,0.5407200000000003
4500,-9.012327999999997
4501,-0.5420249999999953
4502,3.2745100000000065
4503,7.3446500000000015
4504,-15.732579999999999
4505,-17.34483999999999
4506,-1.0143000000000058
4507,-4.448370000000011
4508,1.5600630000000066
4509,-17.33097
4510,2.561942000000002
4511,6.659369999999996
4512,-1.7922629999999984
4513,6.283389999999997
4514,2.8791300000000035
4515,4.22316
4516,-1.8276599999999945
4517,-4.301995999999988
4518,1.8441800000000086
4519,7.002459999999999
4520,3.5849030000000006
4521,-2.9576999999999956
4522,-3.5653899999999936
4523,-7.587900000000005
4524,6.507809999999999
4525,-10.817889999999998
4526,-2.1550459999999987
4527,-0.3283699999999925
4528,16.001350000000002
4529,-27.978370000000012
4530,-4.353449999999995
4531,-19.492041999999998
4532,-5.510080000000002
4533,6.813600000000001
4534,5.691155999999999
4535,0.073555306
4536,0.032745343
4537,0.06933233
4538,0.0579772
4539,0.027969718
4540,0.08891304
4541,-0.004958725
4542,0.07838074
4543,0.14680454
4544,0.042270083
4545,-0.007893098
4546,0.05768474
4547,0.03856474
4548,0.1103047
4549,0.1614171
4550,0.11115742
4551,0.0385037
4552,-0.06683008
4553,0.028156519
4554,0.07670335
4555,0.0768889
4556,0.04566283
4557,0.25410134
4558,0.10093369
4559,0.027302105
4560,0.1350112
4561,0.0952559
4562,0.08891304
4563,-0.31085438
4564,0.16955906
4565,0.121047676
4566,0.08971887
4567,0.1614171
4568,0.11115742
4569,-0.0100416
4570,0.0385037
4571,-0.043703366
4572,-0.06683008
4573,0.03578227
4574,0.028156519
4575,0.1216918
4576,0.19997373
4577,0.072892
4578,0.083352104
4579,0.09088327
4580,0.0375683
4581,0.08981867
4582,0.07670335
4583,0.2036086
4584,0.0768889
4585,0.13757913
4586,0.04566283
4587,0.25410134
4588,0.10093369
4589,0.028066212
4590,0.027302105
4591,0.0054700016
4592,0.055792082
4593,0.009076625
4594,0.1625818
4595,0.097132966
4596,0.093618505
4597,0.04918431
4598,0.09023219
4599,0.057633422
4600,0.11251096
4601,-0.0077735423
4602,0.013925994
4603,0.0036834837
4604,0.10669432
4605,-0.015711308
4606,0.099201195
4607,0.15924335
4608,0.008266246
4609,-0.26514456
4610,0.0036834837
4611,0.018805182
4612,-0.02734729
4613,0.14111196
4614,-0.029612172
4615,-0.016924798
4616,0.051655393
4617,0.10702728
4618,0.35679626
4619,0.17111413
4620,0.03312794
4621,0.030276954
4622,-0.09949047
4623,0.17991042
4624,-0.3321724
4625,0.037255548
4626,0.08459865
4627,0.010454774
4628,-0.004958725
4629,0.07838074
4630,0.021118259
4631,0.05768474
4632,0.03856474
4633,0.1103047
4634,-0.017180156
4635,-0.053663336
4636,0.024228562
4637,0.085254595
4638,-0.005232787
4639,0.022318382
4640,0.02289542
4641,-0.05773288
4642,0.00062584877
4643,-0.012358129
4644,0.069356136
4645,0.036758613
4646,0.09211821
4647,0.054721355
4648,-0.0076714694
4649,-0.09892424
4650,-0.013876582
4651,0.019678652
4652,0.018605042
4653,0.015597033
4654,0.20871297
4655,0.07453546
4656,-0.025369728
4657,0.09465498
4658,0.034023665
4659,0.036758613
4660,-0.32172698
4661,0.10763012
4662,0.089932986
4663,0.043504544
4664,0.09211821
4665,0.054721355
4666,-0.04912529
4667,-0.0076714694
4668,-0.14889202
4669,-0.09892424
4670,0.011869359
4671,-0.013876582
4672,0.061736442
4673,0.14333549
4674,0.015670557
4675,0.025544584
4676,0.034313418
4677,-0.013726056
4678,0.043656398
4679,0.019678652
4680,0.13823862
4681,0.018605042
4682,0.10341649
4683,0.015597033
4684,0.20871297
4685,0.07453546
4686,-0.025190521
4687,-0.025369728
4688,-0.04630071
4689,0.0073499917
4690,-0.046446703
4691,0.11104147
4692,0.045339238
4693,0.052452825
4694,-0.0020085692
4695,0.034640573
4696,0.004562676
4697,0.0068270327
4698,0.070044294
4699,-0.049840547
4700,-0.027361643
4701,-0.045076825
4702,0.071302235
4703,-0.06496422
4704,0.04054643
4705,0.1037061
4706,-0.03748063
4707,-0.28459397
4708,-0.045076825
4709,-0.0298841
4710,-0.08190068
4711,0.069702834
4712,-0.08265412
4713,-0.07076377
4714,-0.0028365671
4715,0.064057596
4716,0.26567483
4717,0.12827674
4718,-0.018355632
4719,-0.02624892
4720,-0.18480176
4721,0.15012258
4722,-0.36398134
4723,-0.015574956
4724,0.037687935
4725,-0.045300186
4726,-0.053663336
4727,0.024228562
4728,-0.027329564
4729,0.00062584877
4730,-0.012358129
4731,0.069356136
4732,-0.06666299
4733,-0.104391456
4734,-0.03201897
4735,0.025333917
4736,-0.06497018
4737,-0.032269645
4738,-0.019189846
4739,-0.10414151
4740,-0.04838903
4741,-0.06397178
4742,0.02576381
4743,0.00040822625
4744,0.016783763
4745,-0.0060849786
4746,-0.043147493
4747,-0.12321045
4748,-0.050022077
4749,-0.03633778
4750,-0.041921817
4751,-0.04929664
4752,0.12793843
4753,0.053531595
4754,-0.07218593
4755,0.032926165
4756,-0.020744931
4757,0.00040822625
4758,-0.3359034
4759,0.05151739
4760,0.060359698
4761,-0.014327789
4762,0.016783763
4763,-0.0060849786
4764,-0.10279901
4765,-0.043147493
4766,-0.2861487
4767,-0.12321045
4768,-0.014427936
4769,-0.050022077
4770,0.0007942617
4771,0.05683566
4772,-0.039386403
4773,-0.037154086
4774,-0.028339595
4775,-0.054197706
4776,-0.008694584
4777,-0.03633778
4778,0.07789113
4779,-0.041921817
4780,0.06959193
4781,-0.04929664
4782,0.12793843
4783,0.053531595
4784,-0.09842605
4785,-0.07218593
4786,-0.10211258
4787,-0.038451623
4788,-0.096755005
4789,0.054841615
4790,-0.004439843
4791,0.0108140465
4792,-0.060105823
4793,-0.014911425
4794,-0.04565873
4795,-0.039637186
4796,0.03283737
4797,-0.09866579
4798,-0.07591094
4799,-0.08528886
4800,0.031457268
4801,-0.11256862
4802,-0.01094302
4803,0.03814224
4804,-0.07101617
4805,-0.31044596
4806,-0.08528886
4807,-0.0707113
4808,-0.13861386
4809,0.010754299
4810,-0.13737397
4811,-0.12582162
4812,-0.041214406
4813,0.028079921
4814,0.15760127
4815,0.070596665
4816,-0.07029454
4817,-0.0745215
4818,-0.22494742
4819,0.108287714
4820,-0.38217956
4821,-0.071108386
4822,-0.0077982903
4823,-0.1018285
4824,-0.104391456
4825,-0.03201897
4826,-0.08100019
4827,-0.04838903
4828,-0.06397178
4829,0.02576381
4830,-0.117999926
4831,-0.15601748
4832,-0.091908656
4833,-0.03514577
4834,-0.13026658
4835,-0.09006065
4836,-0.06489265
4837,-0.14773723
4838,-0.10027965
4839,-0.11694727
4840,-0.027220106
4841,-0.03350421
4842,-0.11402567
4843,-0.059462942
4844,-0.07119838
4845,-0.13528302
4846,-0.10214347
4847,-0.09751779
4848,-0.102292344
4849,-0.1418031
4850,0.0056819143
4851,0.012701452
4852,-0.12839141
4853,-0.12582643
4854,-0.08148643
4855,-0.03350421
4856,-0.34829158
4857,-0.007848119
4858,-0.009604389
4859,-0.18735045
4860,-0.11402567
4861,-0.059462942
4862,-0.2076519
4863,-0.07119838
4864,-0.45663077
4865,-0.13528302
4866,-0.052232943
4867,-0.10214347
4868,-0.06815447
4869,-0.09593104
4870,-0.09730904
4871,-0.09717933
4872,-0.089447185
4873,-0.08505283
4874,-0.11339291
4875,-0.09751779
4876,0.011842412
4877,-0.102292344
4878,0.031998128
4879,-0.1418031
4880,0.0056819143
4881,0.012701452
4882,-0.17426708
4883,-0.12839141
4884,-0.15444353
4885,-0.09977847
4886,-0.15012267
4887,-0.005711389
4888,-0.06256592
4889,-0.057116926
4890,-0.120444655
4891,-0.06860852
4892,-0.09327634
4893,-0.08916019
4894,-0.015761042
4895,-0.18509878
4896,-0.14934562
4897,-0.11331646
4898,-0.0022149205
4899,-0.16476259
4900,-0.06077422
4901,-0.035753034
4902,-0.111393884
4903,-0.33889946
4904,-0.11331646
4905,-0.10967779
4906,-0.19454266
4907,-0.031256247
4908,-0.18426648
4909,-0.17432785
4910,-0.101279736
4911,-0.06145977
4912,0.0028190254
4913,0.0031387745
4914,-0.123699926
4915,-0.12490108
4916,-0.24058981
4917,0.049287785
4918,-0.38435262
4919,-0.13039133
4920,-0.054533016
4921,-0.15330593
4922,-0.15601748
4923,-0.091908656
4924,-0.13474871
4925,-0.10027965
4926,-0.11694727
4927,-0.027220106
4928,-0.19176076
4929,-0.21946187
4930,-0.17204693
4931,-0.125838
4932,-0.26316696
4933,-0.16207634
4934,-0.13849474
4935,-0.22250883
4936,-0.186411
4937,-0.18396825
4938,-0.109557115
4939,-0.12850803
4940,-0.32281584
4941,-0.2061408
4942,-0.14868805
4943,-0.26089838
4944,-0.18301228
4945,-0.1798853
4946,-0.18347487
4947,-0.2516366
4948,-0.26959044
4949,-0.1101858
4950,-0.23637696
4951,-0.3450948
4952,-0.16531023
4953,-0.12850803
4954,-0.3956161
4955,-0.101704195
4956,-0.17511621
4957,-0.395128
4958,-0.32281584
4959,-0.2061408
4960,-0.34649706
4961,-0.14868805
4962,-0.6009951
4963,-0.26089838
4964,-0.120701835
4965,-0.18301228
4966,-0.17858174
4967,-0.3256495
4968,-0.17918992
4969,-0.17794314
4970,-0.16890578
4971,-0.21692762
4972,-0.29120094
4973,-0.1798853
4974,-0.18444028
4975,-0.18347487
4976,-0.044996373
4977,-0.2516366
4978,-0.26959044
4979,-0.1101858
4980,-0.3576044
4981,-0.23637696
4982,-0.23439164
4983,-0.20677662
4984,-0.23020716
4985,-0.090198174
4986,-0.17599122
4987,-0.14816199
4988,-0.20881596
4989,-0.1514619
4990,-0.1590803
4991,-0.16607453
4992,-0.09312318
4993,-0.33221644
4994,-0.2674865
4995,-0.17657477
4996,-0.073449835
4997,-0.24335048
4998,-0.13976273
4999,-0.18123285
5000,-0.18560998
5001,-0.38479072
5002,-0.17657477
5003,-0.16557984
5004,-0.26843604
5005,-0.112326086
5006,-0.25380903
5007,-0.24496803
5008,-0.19467242
5009,-0.17696172
5010,-0.31173354
5011,-0.13345997
5012,-0.19618358
5013,-0.19940019
5014,-0.31239754
5015,-0.015902227
5016,-0.38927543
5017,-0.20881589
5018,-0.12608545
5019,-0.2295804
5020,-0.21946187
5021,-0.17204693
5022,-0.19871986
5023,-0.186411
5024,-0.18396825
5025,-0.109557115
5026,0.39122176
5027,0.39966172
5028,0.40963727
5029,0.4874339
5030,0.50014246
5031,0.41838756
5032,0.28137848
5033,0.29882225
5034,0.39241362
5035,0.4042684
5036,0.38561854
5037,0.5543175
5038,0.54048944
5039,0.80661744
5040,0.53345275
5041,1.0140302
5042,0.5048745
5043,0.3436263
5044,0.36829346
5045,0.4940718
5046,0.5174714
5047,0.87895405
5048,0.28934127
5049,0.5175136
5050,0.37199387
5051,0.5543175
5052,1.3201933
5053,0.5066002
5054,0.5084492
5055,0.5570968
5056,0.54048944
5057,0.80661744
5058,0.6866091
5059,0.53345275
5060,0.27222294
5061,1.0140302
5062,0.91007984
5063,0.5048745
5064,0.4631692
5065,0.5394121
5066,0.36446577
5067,0.3753119
5068,0.40127626
5069,0.5303341
5070,0.57353216
5071,0.3436263
5072,0.58034116
5073,0.36829346
5074,0.4666133
5075,0.4940718
5076,0.5174714
5077,0.87895405
5078,0.2819154
5079,0.28934127
5080,0.38097835
5081,0.46886644
5082,0.61440694
5083,0.49009824
5084,0.45575422
5085,0.39672714
5086,0.40067863
5087,0.43378487
5088,0.38065824
5089,0.34400254
5090,0.45627862
5091,0.6802561
5092,0.48981386
5093,0.50389993
5094,0.61341417
5095,0.2655728
5096,0.40816188
5097,0.5104359
5098,0.46869326
5099,0.84573907
5100,0.50389993
5101,0.45785528
5102,0.31910616
5103,0.5071722
5104,0.3144841
5105,0.3263913
5106,0.3926166
5107,0.40393448
5108,0.6318606
5109,0.57371444
5110,0.41082996
5111,0.34418386
5112,2.1012015
5113,0.80161226
5114,1.7968102
5115,0.38906437
5116,0.3988731
5117,0.35851726
5118,0.39966172
5119,0.40963727
5120,0.39146417
5121,0.39241362
5122,0.4042684
5123,0.38561854
5124,0.34742504
5125,0.34558764
5126,0.3666417
5127,0.40970045
5128,0.43949643
5129,0.38541612
5130,0.23817745
5131,0.26877823
5132,0.34826207
5133,0.35975203
5134,0.35785922
5135,0.5283359
5136,0.49257654
5137,0.5859367
5138,0.5137278
5139,0.73286223
5140,0.4575414
5141,0.30324858
5142,0.32485557
5143,0.40099993
5144,0.4782056
5145,0.6243806
5146,0.24756713
5147,0.48231906
5148,0.3339189
5149,0.5283359
5150,1.0304859
5151,0.4581205
5152,0.4474894
5153,0.5557154
5154,0.49257654
5155,0.5859367
5156,0.5631963
5157,0.5137278
5158,0.1262773
5159,0.73286223
5160,0.7626058
5161,0.4575414
5162,0.41589794
5163,0.47848144
5164,0.32378653
5165,0.33227578
5166,0.3551336
5167,0.50340194
5168,0.5797461
5169,0.30324858
5170,0.53515095
5171,0.32485557
5172,0.4178586
5173,0.40099993
5174,0.4782056
5175,0.6243806
5176,0.22849019
5177,0.24756713
5178,0.34315977
5179,0.43375498
5180,0.54664737
5181,0.44961104
5182,0.37308037
5183,0.36258146
5184,0.3730796
5185,0.3940168
5186,0.33081985
5187,0.3111764
5188,0.4135538
5189,0.5667691
5190,0.42740902
5191,0.47432977
5192,0.6071583
5193,0.23577586
5194,0.36944833
5195,0.45744547
5196,0.4443429
5197,0.6327898
5198,0.47432977
5199,0.42563874
5200,0.26605192
5201,0.4531664
5202,0.27554813
5203,0.2858941
5204,0.30768245
5205,0.3477183
5206,0.50412786
5207,0.5013619
5208,0.37576792
5209,0.30801806
5210,1.2617059
5211,0.6058051
5212,1.1308894
5213,0.3517665
5214,0.35807723
5215,0.30261555
5216,0.34558764
5217,0.3666417
5218,0.3571577
5219,0.34826207
5220,0.35975203
5221,0.35785922
5222,0.30077043
5223,0.3037103
5224,0.3323341
5225,0.3734574
5226,0.3937196
5227,0.35336173
5228,0.20825215
5229,0.23974416
5230,0.31534457
5231,0.32023817
5232,0.33100003
5233,0.50265425
5234,0.32618064
5235,0.4690176
5236,0.50027156
5237,0.5768876
5238,0.42551047
5239,0.27082255
5240,0.28507456
5241,0.27507454
5242,0.37693554
5243,0.47752747
5244,0.20177355
5245,0.34924597
5246,0.29804665
5247,0.50265425
5248,0.7411352
5249,0.42255396
5250,0.39831313
5251,0.50546724
5252,0.32618064
5253,0.4690176
5254,0.46604046
5255,0.50027156
5256,-0.07861794
5257,0.5768876
5258,0.6242668
5259,0.42551047
5260,0.34501535
5261,0.28981972
5262,0.28838396
5263,0.29164797
5264,0.31348804
5265,0.4935297
5266,0.61739653
5267,0.27082255
5268,0.4947858
5269,0.28507456
5270,0.39034677
5271,0.27507454
5272,0.37693554
5273,0.47752747
5274,0.16107866
5275,0.20177355
5276,0.30588546
5277,0.4104051
5278,0.48649803
5279,0.4219777
5280,0.38825804
5281,0.31082422
5282,0.33963618
5283,0.3595485
5284,0.29292768
5285,0.2830785
5286,0.38784623
5287,0.5104558
5288,0.39363176
5289,0.4517323
5290,0.5911683
5291,0.213939
5292,0.34148163
5293,0.39267033
5294,0.433364
5295,0.4693544
5296,0.4517323
5297,0.40214768
5298,0.2205576
5299,0.41664988
5300,0.24069229
5301,0.25142983
5302,0.23936911
5303,0.29741257
5304,0.38391027
5305,0.44490147
5306,0.34265393
5307,0.2811922
5308,0.7177187
5309,0.47100067
5310,0.68158007
5311,0.3119612
5312,0.3231289
5313,0.2584116
5314,0.3037103
5315,0.3323341
5316,0.32503074
5317,0.31534457
5318,0.32023817
5319,0.33100003
5320,0.25720844
5321,0.26054057
5322,0.287443
5323,0.33983776
5324,0.2467494
5325,0.30382547
5326,0.17646575
5327,0.20880926
5328,0.2855405
5329,0.2828601
5330,0.30153546
5331,0.46623355
5332,0.1015058
5333,0.3878544
5334,0.4705922
5335,0.5357903
5336,0.37074766
5337,0.23195486
5338,0.24483415
5339,0.1716763
5340,0.1909979
5341,0.31704015
5342,0.13425481
5343,0.030179763
5344,0.25730374
5345,0.46623355
5346,0.5610662
5347,0.3725461
5348,0.3048895
5349,0.2379088
5350,0.1015058
5351,0.3878544
5352,0.31314197
5353,0.4705922
5354,-0.3121264
5355,0.5357903
5356,0.5172578
5357,0.37074766
5358,0.2558403
5359,0.041340463
5360,0.24219796
5361,0.2507493
5362,0.26715004
5363,0.4356246
5364,0.47342834
5365,0.23195486
5366,0.3665343
5367,0.24483415
5368,0.35433474
5369,0.1716763
5370,0.1909979
5371,0.31704015
5372,0.015486265
5373,0.13425481
5374,0.2625935
5375,0.3576605
5376,0.39565027
5377,0.3775112
5378,0.35505828
5379,0.24130468
5380,0.2860226
5381,0.31716937
5382,0.26197407
5383,0.25350603
5384,0.35614753
5385,0.35270125
5386,0.30956048
5387,0.42476216
5388,0.5666264
5389,0.17261991
5390,0.30817032
5391,0.34928676
5392,0.39605242
5393,0.34286004
5394,0.42476216
5395,0.37320238
5396,0.1794055
5397,0.3959797
5398,0.20329896
5399,0.21346192
5400,0.17464516
5401,0.19126944
5402,0.14954428
5403,0.31737405
5404,0.29785058
5405,0.24339077
5406,0.46042767
5407,0.39475912
5408,0.4540661
5409,0.26969638
5410,0.2835849
5411,0.21689503
5412,0.26054057
5413,0.287443
5414,0.2847443
5415,0.2855405
5416,0.2828601
5417,0.30153546
5418,0.19400713
5419,0.20324576
5420,0.22166833
5421,0.26688984
5422,0.0062382696
5423,0.21650557
5424,0.122055575
5425,0.14142108
5426,0.22081351
5427,0.23213995
5428,0.23589978
5429,0.19606955
5430,-0.24650355
5431,0.0064731417
5432,0.28761303
5433,0.20617461
5434,0.27570158
5435,0.15626034
5436,0.16599047
5437,-0.017775452
5438,-0.27385268
5439,0.09104943
5440,0.010483163
5441,-0.34162062
5442,0.17177787
5443,0.19606955
5444,0.36391717
5445,0.27440193
5446,0.08175822
5447,-0.013727439
5448,-0.24650355
5449,0.0064731417
5450,0.11658782
5451,0.28761303
5452,-0.6242217
5453,0.20617461
5454,0.38289246
5455,0.27570158
5456,0.11306138
5457,-0.3079122
5458,0.17005622
5459,0.17042255
5460,0.17605406
5461,0.09875669
5462,0.20909366
5463,0.15626034
5464,0.079832934
5465,0.16599047
5466,0.2810992
5467,-0.017775452
5468,-0.27385268
5469,0.09104943
5470,-0.290806
5471,0.010483163
5472,0.17727761
5473,0.2517074
5474,0.24048555
5475,0.23690443
5476,0.23701659
5477,0.14704773
5478,0.18709657
5479,0.25554162
5480,0.20035776
5481,0.17745894
5482,0.29753435
5483,0.117241
5484,0.16053396
5485,0.2723601
5486,0.407111
5487,0.094859876
5488,0.24433064
5489,0.19685005
5490,0.30005997
5491,0.20297441
5492,0.2723601
5493,0.3256679
5494,0.12728572
5495,0.3323858
5496,0.1462652
5497,0.15746626
5498,0.058505286
5499,-0.007159394
5500,-0.32457075
5501,0.121204875
5502,0.22542015
5503,0.16386883
5504,0.19457634
5505,0.31383908
5506,0.3357653
5507,0.20317197
5508,0.2217766
5509,0.159958
5510,0.20324576
5511,0.22166833
5512,0.23264265
5513,0.22081351
5514,0.23213995
5515,0.23589978
5516,0.041015137
5517,0.061252095
5518,0.0689868
5519,0.064581364
5520,0.031139946
5521,0.029819738
5522,0.07942049
5523,0.15357576
5524,-0.0058775665
5525,0.04294298
5526,0.030083155
5527,0.05256338
5528,0.08959283
5529,0.13200517
5530,0.12296101
5531,0.1582677
5532,0.06760706
5533,-0.027629126
5534,0.05616641
5535,0.051053427
5536,0.065959975
5537,0.09793858
5538,-0.007893098
5539,0.19373342
5540,0.03536626
5541,0.061398555
5542,0.03536626
5543,0.049039878
5544,0.064007476
5545,0.06196668
5546,0.08084375
5547,0.072363116
5548,0.12303622
5549,0.006484258
5550,0.17564537
5551,0.005450344
5552,0.07942049
5553,0.12926248
5554,0.08810357
5555,0.07942049
5556,0.13150464
5557,0.03194653
5558,0.064581364
5559,-0.05044373
5560,0.042265557
5561,0.06290226
5562,0.023034621
5563,0.11200303
5564,0.052758027
5565,0.05708573
5566,0.0073510287
5567,0.10116204
5568,0.011323774
5569,0.054207135
5570,0.057082497
5571,0.092715636
5572,0.053142786
5573,0.10752356
5574,0.08422397
5575,0.030836225
5576,-0.005190623
5577,0.03853073
5578,0.08333045
5579,0.12901556
5580,0.06427088
5581,0.06098668
5582,0.070749745
5583,0.05201698
5584,0.05201698
5585,0.06947775
5586,0.025534183
5587,0.042128466
5588,0.041060485
5589,0.064581364
5590,-0.41901582
5591,-0.009177888
5592,0.06825266
5593,-0.054659445
5594,0.040846396
5595,0.065480515
5596,0.058881678
5597,0.07468827
5598,0.048063688
5599,-0.008022035
5600,0.08647741
5601,0.058197647
5602,0.041538943
5603,0.029725384
5604,0.03357501
5605,0.031628586
5606,0.057169903
5607,0.04300337
5608,0.037061073
5609,0.064581364
5610,0.05894512
5611,0.046207972
5612,-0.0011395573
5613,0.002122438
5614,0.0512634
5615,0.14564364
5616,-0.054659445
5617,0.040846396
5618,-0.044113554
5619,0.020269418
5620,0.064581364
5621,0.12246482
5622,0.04149636
5623,0.100182965
5624,-8.940697e-07
5625,0.12389457
5626,0.01523037
5627,0.011703348
5628,0.15491459
5629,0.09430538
5630,0.094243005
5631,0.091990195
5632,-0.024527961
5633,0.065372266
5634,0.05996914
5635,0.061077703
5636,0.049898542
5637,0.03358438
5638,0.042568456
5639,0.060827803
5640,0.06063035
5641,0.06636888
5642,0.048061382
5643,0.08828664
5644,0.04882021
5645,0.061077394
5646,0.0539523
5647,0.039140247
5648,0.075580254
5649,0.060087312
5650,0.046034176
5651,0.046840213
5652,0.057194125
5653,0.10370489
5654,0.0481354
5655,0.05196049
5656,0.0550884
5657,0.07175571
5658,0.06699568
5659,0.034967147
5660,0.076816656
5661,0.07679896
5662,0.068137966
5663,0.057390295
5664,0.03265605
5665,0.023305213
5666,0.04090638
5667,0.07334185
5668,0.04523043
5669,0.041867316
5670,0.058757685
5671,0.09542574
5672,0.042824637
5673,0.03410127
5674,0.04341305
5675,0.04019258
5676,0.036280084
5677,0.014902997
5678,0.07526402
5679,0.09116706
5680,0.07289739
5681,0.07728539
5682,0.0769044
5683,0.0769044
5684,0.0033574284
5685,0.059191298
5686,0.048649985
5687,0.051679194
5688,0.04226142
5689,0.07466394
5690,0.045392655
5691,0.07769074
5692,0.045869887
5693,0.03181087
5694,0.06745826
5695,0.08528569
5696,0.12508354
5697,0.026964867
5698,0.053903498
5699,0.10612069
5700,0.04188292
5701,0.07620104
5702,0.061933972
5703,0.030162537
5704,0.03236202
5705,0.10313324
5706,0.04285884
5707,0.0513628
5708,0.067366935
5709,0.050810896
5710,0.056691457
5711,0.09763203
5712,0.043782234
5713,0.1625818
5714,0.097132966
5715,0.093618505
5716,0.036884822
5717,0.07942049
5718,0.07387482
5719,0.030836225
5720,0.056100406
5721,0.076163135
5722,-0.008022035
5723,0.0987566
5724,-0.028971529
5725,0.15018481
5726,0.014493799
5727,0.08344134
5728,0.0334074
5729,0.075785145
5730,0.08567258
5731,0.09997256
5732,-0.008022035
5733,0.07814169
5734,0.026055789
5735,0.071729556
5736,0.070382655
5737,0.04841305
5738,0.04442916
5739,-0.008022035
5740,0.04229156
5741,0.06036359
5742,0.021123087
5743,0.064581364
5744,0.11156563
5745,0.021469975
5746,0.08547056
5747,0.018724347
5748,0.08670126
5749,0.06925174
5750,0.09170326
5751,0.046517573
5752,0.048525594
5753,0.06444464
5754,0.021340389
5755,0.063886985
5756,0.02206794
5757,0.018261194
5758,0.080485806
5759,0.08175464
5760,0.018049348
5761,0.0064445375
5762,-0.021898437
5763,-0.024408806
5764,0.030567849
5765,0.03069396
5766,0.031515706
5767,0.027042126
5768,0.03547263
5769,0.022784341
5770,0.012405073
5771,0.009319449
5772,0.008523119
5773,0.0153476
5774,0.084272824
5775,0.035688806
5776,0.057334166
5777,0.023010707
5778,0.02921263
5779,0.024426425
5780,0.02491064
5781,0.028241228
5782,0.01946417
5783,0.009316767
5784,0.02099291
5785,0.020618701
5786,0.009769881
5787,0.011248207
5788,0.009854388
5789,-0.001975751
5790,0.023891937
5791,-0.0021602034
5792,0.016911423
5793,0.05619635
5794,0.049599193
5795,0.014495015
5796,0.021558642
5797,0.02379769
5798,0.025878435
5799,0.026383478
5800,0.030112755
5801,0.03192969
5802,0.03497217
5803,0.037733264
5804,0.01830033
5805,0.029034281
5806,0.028559005
5807,0.026558936
5808,0.021037662
5809,0.015613293
5810,0.012238991
5811,0.009505987
5812,0.014807379
5813,0.04037442
5814,0.015105868
5815,0.013977659
5816,0.03334099
5817,0.03513391
5818,0.028708387
5819,0.023260165
5820,0.028302789
5821,0.033469833
5822,0.02322482
5823,0.023064543
5824,0.021950364
5825,0.012271369
5826,0.01337632
5827,0.027373279
5828,0.018300783
5829,0.025781285
5830,0.017584002
5831,0.022734415
5832,0.02475074
5833,0.043982994
5834,0.022396564
5835,0.022705972
5836,0.033572577
5837,0.029708719
5838,0.030136347
5839,0.026022827
5840,0.031174218
5841,0.10248554
5842,0.02206112
5843,0.045859177
5844,0.012763655
5845,0.028840434
5846,0.0004742265
5847,0.025287032
5848,0.019420076
5849,0.10381675
5850,0.033014677
5851,0.058990646
5852,0.044853557
5853,0.057633422
5854,0.064581364
5855,0.11251096
5856,0.01577444
5857,0.13758194
5858,0.12154122
5859,0.14174591
5860,0.120746754
5861,0.061515003
5862,0.048175104
5863,0.03827121
5864,0.06446494
5865,0.0856264
5866,0.030464757
5867,0.14802667
5868,0.08409722
5869,0.119815946
5870,-0.005190623
5871,0.097383045
5872,0.09495069
5873,0.07942049
5874,0.06773083
5875,0.006399238
5876,0.16853681
5877,0.060062308
5878,0.035207827
5879,0.040143132
5880,0.01405785
5881,0.036034573
5882,0.030462945
5883,0.07942049
5884,0.018805182
5885,0.0768412
5886,0.07251118
5887,0.07353549
5888,0.09534557
5889,0.03853073
5890,0.12221618
5891,0.034627527
5892,0.0432147
5893,0.04133129
5894,0.064581364
5895,-0.0011395573
5896,0.007922387
5897,0.064581364
5898,-0.027544428
5899,0.016618287
5900,0.04521178
5901,0.064581364
5902,-0.044113554
5903,0.09424122
5904,0.0432147
5905,0.019937253
5906,0.00071953534
5907,-0.0019043445
5908,0.037061073
5909,0.058197647
5910,0.030836225
5911,-0.005190623
5912,0.03853073
5913,0.08333045
5914,0.064581364
5915,-0.008022035
5916,0.006671512
5917,-0.003962457
5918,0.04767648
5919,0.043574266
5920,0.12287849
5921,0.042128466
5922,0.097383045
5923,0.094142534
5924,0.041538943
5925,0.064020686
5926,0.04312537
5927,0.13684933
5928,0.039429523
5929,0.07020841
5930,0.1842658
5931,0.0713972
5932,0.06292969
5933,0.112742186
5934,-0.018477965
5935,0.006090343
5936,0.12223331
5937,0.048072733
5938,0.047219902
5939,0.10526782
5940,0.0425167
5941,0.051792108
5942,0.062377192
5943,0.096793175
5944,0.12701716
5945,0.04854405
5946,0.18203786
5947,0.053087078
5948,0.06686006
5949,0.09074004
5950,0.08211516
5951,0.06909435
5952,0.124124505
5953,0.011539495
5954,0.12457371
5955,0.24842453
5956,-0.0031948567
5957,0.0023344518
5958,0.11941495
5959,0.1240499
5960,0.020081932
5961,0.016024243
5962,0.20417614
5963,0.07673706
5964,0.17140493
5965,0.13913727
5966,0.07942049
5967,0.11936991
5968,0.10604906
5969,0.12528843
5970,0.13560764
5971,0.019048344
5972,0.02720337
5973,-0.008022035
5974,0.053694475
5975,0.028627371
5976,0.053023256
5977,0.064581364
5978,0.055096276
5979,0.096047804
5980,0.030007761
5981,0.0733336
5982,0.066732556
5983,0.01885761
5984,0.064581364
5985,0.15950108
5986,0.048823774
5987,0.064581364
5988,0.052174468
5989,0.005826175
5990,0.14953084
5991,0.037019037
5992,0.044261217
5993,0.07942049
5994,0.1503996
5995,0.036305152
5996,0.07942049
5997,0.052149486
5998,0.007783902
5999,0.06815283
6000,0.08333045
6001,0.05543245
6002,-0.044784635
6003,0.07493354
6004,0.11303489
6005,0.08488114
6006,0.05218637
6007,0.094142534
6008,0.053234674
6009,0.06177429
6010,0.15748404
6011,0.039172016
6012,0.04668293
6013,0.18050991
6014,0.06508997
6015,0.0070586144
6016,0.012977565
6017,0.023172747
6018,0.058348548
6019,0.064581364
6020,0.08133869
6021,0.0280299
6022,0.1308856
6023,0.03704425
6024,0.15322956
6025,0.07182505
6026,0.07876907
6027,0.07027799
6028,0.08358437
6029,0.052026786
6030,0.07942049
6031,0.096472815
6032,0.06406858
6033,0.07942049
6034,0.09494015
6035,0.0010801435
6036,0.038568377
6037,0.034168918
6038,-0.008022035
6039,0.03999691
6040,0.07942049
6041,0.107050225
6042,0.010800147
6043,0.07942049
6044,0.078715906
6045,0.12720865
6046,-0.023067856
6047,0.1066006
6048,0.028108442
6049,0.04860755
6050,0.087514624
6051,0.038508236
6052,0.079268284
6053,0.114850044
6054,0.20432754
6055,0.015927339
6056,0.064581364
6057,0.10027722
6058,0.0065332414
6059,0.064581364
6060,0.062389888
6061,0.06825266
6062,-0.054659445
6063,-0.011153901
6064,-0.0022697211
6065,0.114548646
6066,0.002283883
6067,0.0059221745
6068,0.15491459
6069,0.005663693
6070,0.064581364
6071,0.0056267856
6072,-0.013968336
6073,-0.054659445
6074,-0.011153901
6075,0.057926785
6076,0.060725737
6077,-0.008022035
6078,0.014650727
6079,0.04218942
6080,0.019225681
6081,0.064581364
6082,0.037255548
6083,0.06053553
6084,0.07967633
6085,0.15388489
6086,0.07711188
6087,0.061186343
6088,0.06225852
6089,0.06081794
6090,0.091524206
6091,0.07226962
6092,0.102901794
6093,0.072067395
6094,0.05531473
6095,0.037955068
6096,0.1226472
6097,0.022410786
6098,0.092058346
6099,0.0027870953
6100,0.06360547
6101,0.04758527
6102,0.20983176
6103,0.03143114
6104,0.051053427
6105,0.009958744
6106,0.18860182
6107,0.0053744316
6108,0.14857903
6109,0.040862106
6110,0.08459865
6111,0.07175463
6112,0.14438073
6113,0.035493948
6114,0.035493948
6115,0.09001299
6116,0.036282994
6117,0.07800644
6118,-0.0099542495
6119,0.07942049
6120,0.07885808
6121,0.009620488
6122,0.07711188
6123,0.04888183
6124,0.038229056
6125,0.008097279
6126,0.099766955
6127,0.064812794
6128,0.09032197
6129,0.026944077
6130,0.09879002
6131,0.08103625
6132,0.110594496
6133,0.02676425
6134,0.064581364
6135,0.011962747
6136,0.10992221
6137,0.064581364
6138,0.046445154
6139,-0.012034988
6140,0.014469862
6141,0.021049429
6142,0.009562755
6143,-0.022793006
6144,-0.023608971
6145,0.018217098
6146,0.11397866
6147,-0.0578804
6148,-0.0104707
6149,-0.020670425
6150,0.0021869182
6151,0.040362068
6152,0.089120165
6153,0.08131248
6154,0.121429384
6155,0.021239173
6156,-0.06972462
6157,0.010187352
6158,-0.0035179616
6159,0.020388221
6160,0.052907895
6161,-0.05773288
6162,0.15837148
6163,-0.021688605
6164,0.009254301
6165,-0.021688605
6166,-0.0019212484
6167,0.005396092
6168,0.012741971
6169,0.02063204
6170,0.026500702
6171,0.08535446
6172,-0.05009544
6173,0.14312378
6174,-0.051985763
6175,0.018217098
6176,0.085632235
6177,0.03266971
6178,0.018217098
6179,0.089221664
6180,-0.019462371
6181,0.009562755
6182,-0.11546481
6183,-0.0068688393
6184,0.014054936
6185,-0.02655809
6186,0.05688414
6187,0.010102868
6188,-0.0015613318
6189,-0.040118776
6190,0.059327424
6191,-0.037760247
6192,0.0034612776
6193,0.0016997934
6194,0.037801526
6195,0.012386406
6196,0.04708443
6197,0.029113054
6198,-0.021583628
6199,-0.05764798
6200,-0.011468279
6201,0.034063708
6202,0.074630775
6203,0.007979798
6204,0.009180439
6205,0.023232495
6206,0.0019074917
6207,0.0019074917
6208,0.020267958
6209,-0.025527751
6210,-0.008744085
6211,-0.008911443
6212,0.009562755
6213,-0.49562588
6214,-0.06140276
6215,0.015201474
6216,-0.10585729
6217,-0.0069489838
6218,0.01571517
6219,0.0056737065
6220,0.021998655
6221,0.0012931109
6222,-0.054915965
6223,0.039968025
6224,0.02252031
6225,-0.002303946
6226,-0.015492355
6227,-0.018025303
6228,-0.020942282
6229,0.009776855
6230,-0.009696662
6231,-0.011023426
6232,0.009562755
6233,0.0040899753
6234,-0.009369314
6235,-0.05242752
6236,-0.047347747
6237,0.0071649672
6238,0.09952276
6239,-0.10585729
6240,-0.0069489838
6241,-0.096400395
6242,-0.032974742
6243,0.009562755
6244,0.0661811
6245,-0.010680842
6246,0.04618772
6247,-0.05317398
6248,0.07305006
6249,-0.04111868
6250,-0.042548776
6251,0.1050833
6252,0.044971
6253,0.042529404
6254,0.046954423
6255,-0.072604045
6256,0.013194466
6257,0.013108122
6258,0.0108577255
6259,0.0066866516
6260,-0.0160169
6261,-0.004755497
6262,0.0060993433
6263,0.014869082
6264,0.008982396
6265,-0.016702628
6266,0.047062993
6267,0.0025231242
6268,0.017922169
6269,0.0038265109
6270,-0.0043713213
6271,0.024945557
6272,0.018106258
6273,-0.00706718
6274,-0.00022516251
6275,0.007193589
6276,0.050641358
6277,0.0019541264
6278,0.008193207
6279,0.005144036
6280,0.021397352
6281,0.023205161
6282,-0.010007119
6283,0.022797346
6284,0.027043879
6285,0.020897437
6286,0.016345907
6287,-0.018012714
6288,-0.023212802
6289,-0.0105383275
6290,0.022225535
6291,-0.006334233
6292,-0.0019734025
6293,0.005709839
6294,0.044123553
6295,-0.00851736
6296,-0.010601783
6297,-0.0073236465
6298,-0.0043215156
6299,-0.011783933
6300,-0.030245412
6301,0.026912892
6302,0.040573537
6303,0.016125893
6304,0.02129494
6305,0.024050724
6306,0.024050724
6307,-0.052372884
6308,0.0085123535
6309,0.005030036
6310,-0.0057668327
6311,0.00012469292
6312,0.02139144
6313,-0.010877574
6314,0.02449503
6315,-0.0045667887
6316,-0.010305261
6317,0.009904647
6318,0.029661547
6319,0.08208143
6320,-0.02499212
6321,0.0026138425
6322,0.064673305
6323,-0.009554053
6324,0.026008463
6325,0.009200454
6326,-0.015131128
6327,-0.018592274
6328,0.052407008
6329,-0.00811323
6330,0.010828781
6331,0.022713888
6332,0.008526194
6333,0.002945435
6334,0.05012511
6335,-0.008223796
6336,0.11104147
6337,0.045339238
6338,0.052452825
6339,-0.014942765
6340,0.018217098
6341,0.034133416
6342,-0.021583628
6343,0.0063102483
6344,0.02584834
6345,-0.054915965
6346,0.040915985
6347,-0.07554593
6348,0.10485627
6349,-0.037392534
6350,0.04089403
6351,-0.0035843372
6352,0.022151137
6353,0.03713099
6354,0.05298092
6355,-0.054915965
6356,0.034427714
6357,-0.029203821
6358,0.027554214
6359,0.0229815
6360,-0.0018638968
6361,-0.005850935
6362,-0.054915965
6363,-0.009937704
6364,0.012522316
6365,-0.02689836
6366,0.009562755
6367,0.049981885
6368,-0.024628675
6369,0.026385497
6370,-0.025758218
6371,0.02792666
6372,0.0124270795
6373,0.032508362
6374,-0.0009284139
6375,-0.004478872
6376,0.008773607
6377,-0.023774337
6378,0.0078012585
6379,-0.022548342
6380,-0.025866354
6381,0.022298831
6382,0.023268616
6383,-0.0264709
6384,-0.035963047
6385,-0.063580826
6386,-0.062498927
6387,-0.01605754
6388,-0.016314602
6389,-0.012618589
6390,-0.019929279
6391,-0.008547997
6392,-0.021373188
6393,-0.032479085
6394,-0.0342157
6395,-0.036342584
6396,-0.030947233
6397,0.028800523
6398,-0.017402302
6399,0.002157533
6400,-0.027502704
6401,-0.018870544
6402,-0.021826923
6403,-0.022099674
6404,-0.016234362
6405,-0.02631781
6406,-0.036156356
6407,-0.02484188
6408,-0.025016595
6409,-0.039653957
6410,-0.035997223
6411,-0.04241575
6412,-0.045764517
6413,-0.025413573
6414,-0.0456043
6415,-0.030583179
6416,0.003975338
6417,-0.0018454551
6418,-0.03152884
6419,-0.025795663
6420,-0.024368083
6421,-0.021122014
6422,-0.020644676
6423,-0.017584085
6424,-0.016393388
6425,-0.0140569685
6426,-0.011292529
6427,-0.02567991
6428,-0.016242195
6429,-0.01531471
6430,-0.016702985
6431,-0.021508694
6432,-0.028756965
6433,-0.032684468
6434,-0.031665303
6435,-0.024995614
6436,-0.0042113303
6437,-0.02904507
6438,-0.029817224
6439,-0.012442743
6440,-0.0105265975
6441,-0.01604483
6442,-0.021007884
6443,-0.016968548
6444,-0.012857592
6445,-0.025480341
6446,-0.026144207
6447,-0.028383613
6448,-0.039550353
6449,-0.035663567
6450,-0.021010255
6451,-0.029522872
6452,-0.021744406
6453,-0.030577779
6454,-0.032967843
6455,-0.024300968
6456,-0.0077821254
6457,-0.02631693
6458,-0.025992442
6459,-0.017487764
6460,-0.022063041
6461,-0.021693278
6462,-0.025154043
6463,-0.013678288
6464,0.05814896
6465,-0.030164909
6466,-0.008645391
6467,-0.03786404
6468,-0.022907615
6469,-0.046278097
6470,-0.014630884
6471,-0.032273162
6472,0.05903109
6473,-0.018843567
6474,0.009406269
6475,-0.005879581
6476,0.0068270327
6477,0.009562755
6478,0.070044294
6479,-0.034769274
6480,0.09136308
6481,0.08590089
6482,0.097474836
6483,0.06638995
6484,0.011143613
6485,-0.0024603368
6486,-0.01189444
6487,0.006902182
6488,0.03769529
6489,-0.023131728
6490,0.10320471
6491,0.03842956
6492,0.07891737
6493,-0.05764798
6494,0.028066522
6495,0.023799634
6496,0.018217098
6497,0.02134729
6498,-0.040565155
6499,0.14046185
6500,0.0054012416
6501,-0.014728022
6502,-0.0068684043
6503,-0.032692242
6504,-0.012793201
6505,-0.020156395
6506,0.018217098
6507,-0.0298841
6508,0.024537217
6509,0.02970903
6510,0.015528751
6511,0.058739733
6512,-0.011468279
6513,0.07850419
6514,-0.015679425
6515,-0.008310449
6516,-0.0057148575
6517,0.009562755
6518,-0.05242752
6519,-0.037533723
6520,0.009562755
6521,-0.074624084
6522,-0.034734916
6523,-0.0051419614
6524,0.009562755
6525,-0.096400395
6526,0.054910887
6527,-0.008310449
6528,-0.03182564
6529,-0.047594726
6530,-0.048048247
6531,-0.011023426
6532,0.02252031
6533,-0.021583628
6534,-0.05764798
6535,-0.011468279
6536,0.034063708
6537,0.009562755
6538,-0.054915965
6539,-0.045623004
6540,-0.05167997
6541,0.0033335567
6542,-0.010770762
6543,0.07882604
6544,-0.008744085
6545,0.028066522
6546,0.049158335
6547,-0.002303946
6548,0.0050826548
6549,-0.011790889
6550,0.08525763
6551,-0.009731579
6552,0.017571067
6553,0.13618486
6554,0.019945228
6555,0.012069916
6556,0.056614887
6557,-0.06946339
6558,-0.04734813
6559,0.077894256
6560,-0.001109457
6561,-0.0020239532
6562,0.05555948
6563,-0.006705391
6564,-0.0044303415
6565,0.01930672
6566,0.046469223
6567,0.06943067
6568,-0.015043914
6569,0.119578324
6570,-0.0019894838
6571,0.015139639
6572,0.0394004
6573,0.031944137
6574,0.022126436
6575,0.03182329
6576,-0.048090566
6577,0.06343979
6578,0.20310357
6579,-0.05555121
6580,-0.05115677
6581,0.0661581
6582,0.06626497
6583,-0.040334642
6584,-0.04106475
6585,0.15237027
6586,0.021295512
6587,0.11900504
6588,-0.025089812
6589,0.09801724
6590,0.018217098
6591,0.050444864
6592,0.051439755
6593,0.05631082
6594,0.075799614
6595,-0.028303694
6596,-0.01698581
6597,-0.054915965
6598,0.0058710934
6599,-0.021997988
6600,0.005320358
6601,0.009562755
6602,0.0025115372
6603,0.0525889
6604,-0.010813189
6605,0.018658739
6606,0.02019555
6607,-0.034038745
6608,0.009562755
6609,0.122730836
6610,-0.00804311
6611,0.009562755
6612,0.006641221
6613,-0.045601357
6614,0.11026527
6615,-0.021911323
6616,-0.0146235945
6617,0.018217098
6618,0.10122286
6619,-0.018648958
6620,0.018217098
6621,-0.0036969124
6622,-0.042024244
6623,0.017744172
6624,0.034063708
6625,0.015469384
6626,-0.1058506
6627,0.018408477
6628,0.070942454
6629,0.036969054
6630,-0.00037992
6631,0.049158335
6632,0.0035911202
6633,0.011341751
6634,0.10165566
6635,-0.008860695
6636,-0.0023084343
6637,0.14103167
6638,0.01391207
6639,-0.044963647
6640,-0.042608716
6641,-0.033146583
6642,0.018828237
6643,0.009562755
6644,0.011165345
6645,-0.030993879
6646,0.09141448
6647,-0.012499976
6648,0.11039356
6649,0.022945141
6650,0.03248751
6651,0.013157117
6652,0.035096884
6653,-0.009438383
6654,0.018217098
6655,0.05455758
6656,0.009429073
6657,0.018217098
6658,0.03993271
6659,-0.04998382
6660,-0.011122525
6661,-0.016946625
6662,-0.054915965
6663,-0.019508231
6664,0.018217098
6665,0.06240356
6666,-0.038226128
6667,0.018217098
6668,0.03199031
6669,0.0799651
6670,-0.066475175
6671,0.055513196
6672,-0.020502204
6673,-0.0053994777
6674,0.04398184
6675,-0.013339448
6676,0.030843358
6677,0.06780588
6678,0.17382912
6679,-0.038641967
6680,0.009562755
6681,0.05068755
6682,-0.047319017
6683,0.009562755
6684,0.014926213
6685,0.015201474
6686,-0.10585729
6687,-0.066203654
6688,-0.055595983
6689,0.06655683
6690,-0.05147791
6691,-0.047435842
6692,0.1050833
6693,-0.048748206
6694,0.009562755
6695,-0.045259308
6696,-0.06640395
6697,-0.10585729
6698,-0.066203654
6699,0.009137643
6700,0.00975045
6701,-0.054915965
6702,-0.048683584
6703,-0.009650493
6704,-0.031108225
6705,0.009562755
6706,-0.015574956
6707,0.015550601
6708,0.031981707
6709,0.112738356
6710,0.03284359
6711,0.010568058
6712,0.014544165
6713,0.008621079
6714,0.048947264
6715,0.027147781
6716,0.06249053
6717,0.02284367
6718,0.0038251043
6719,-0.012061859
6720,0.073900305
6721,-0.026732748
6722,0.041553568
6723,-0.04606999
6724,0.0073083164
6725,-0.0053215744
6726,0.1533411
6727,-0.019719541
6728,-0.0035179616
6729,-0.040405773
6730,0.15706447
6731,-0.041017722
6732,0.087185636
6733,-0.013863218
6734,0.037687935
6735,0.023587966
6736,0.09823237
6737,-0.018837739
6738,-0.018837739
6739,0.04840075
6740,-0.010628807
6741,0.02225337
6742,-0.059416484
6743,0.018217098
6744,0.03218471
6745,-0.040018417
6746,0.03284359
6747,0.0061089634
6748,-0.003611338
6749,-0.04423865
6750,0.06493591
6751,0.014523029
6752,0.05623585
6753,-0.025803804
6754,0.057664126
6755,0.023797322
6756,0.06674296
6757,-0.025978137
6758,0.009562755
6759,-0.039337885
6760,0.062737145
6761,0.009562755
6762,-0.0025964617
6763,-0.061882198
6764,-0.038239084
6765,-0.03040601
6766,-0.04103185
6767,-0.07885815
6768,-0.07075696
6769,-0.029271066
6770,0.056838285
6771,-0.10255475
6772,-0.060952604
6773,-0.0669335
6774,-0.050741863
6775,-0.015575469
6776,0.042461623
6777,0.028988356
6778,0.07951333
6779,-0.017741919
6780,-0.13087764
6781,-0.041093767
6782,-0.05356691
6783,-0.020709932
6784,0.0066172956
6785,-0.10414151
6786,0.10517393
6787,-0.07399094
6788,-0.036789525
6789,-0.07399094
6790,-0.048177313
6791,-0.051702835
6792,-0.031692326
6793,-0.033607077
6794,-0.015054238
6795,0.0444237
6796,-0.0974249
6797,0.10102328
6798,-0.11091932
6799,-0.029271066
6800,0.034236163
6801,-0.022773862
6802,-0.029271066
6803,0.04052641
6804,-0.07379185
6805,-0.04103185
6806,-0.16944347
6807,-0.05706215
6808,-0.03070643
6809,-0.07277451
6810,-0.008269036
6811,-0.03172853
6812,-0.044183217
6813,-0.08626459
6814,0.008304966
6815,-0.0839478
6816,-0.05856868
6817,-0.04206456
6818,-0.007326937
6819,-0.020626927
6820,-0.0028227926
6821,-0.01735673
6822,-0.066576526
6823,-0.10796472
6824,-0.050634705
6825,-0.014804351
6826,0.03341744
6827,-0.032758594
6828,-0.041625835
6829,-0.016371798
6830,-0.052031636
6831,-0.052031636
6832,-0.034090817
6833,-0.07833727
6834,-0.05892279
6835,-0.051333617
6836,-0.04103185
6837,-0.5940141
6838,-0.11849362
6839,-0.04038192
6840,-0.15784936
6841,-0.047931384
6842,-0.03697753
6843,-0.04929142
6844,-0.03015982
6845,-0.049359597
6846,-0.10456606
6847,-0.01183604
6848,-0.017322112
6849,-0.037621617
6850,-0.058209218
6851,-0.06636103
6852,-0.06688347
6853,-0.043214284
6854,-0.060907435
6855,-0.05718988
6856,-0.04103185
6857,-0.04540024
6858,-0.067567065
6859,-0.10653542
6860,-0.10326241
6861,-0.033783387
6862,0.046329785
6863,-0.15784936
6864,-0.047931384
6865,-0.15481271
6866,-0.08253131
6867,-0.04103185
6868,0.01969009
6869,-0.06291876
6870,0.008477867
6871,-0.099352404
6872,0.025911987
6873,-0.088009894
6874,-0.08723824
6875,0.059485853
6876,0.005360484
6877,-0.016478527
6878,0.0004407048
6879,-0.12339131
6880,-0.034483634
6881,-0.036628723
6882,-0.03399521
6883,-0.03405098
6884,-0.062812746
6885,-0.04475846
6886,-0.046144664
6887,-0.030769002
6888,-0.044914223
6889,-0.06507884
6890,-0.0060635684
6891,-0.04248949
6892,-0.027070468
6893,-0.039050184
6894,-0.047131825
6895,-0.022375489
6896,-0.021532487
6897,-0.054690503
6898,-0.05072882
6899,-0.039310895
6900,-0.0034974576
6901,-0.04426354
6902,-0.034613907
6903,-0.045325495
6904,-0.027768075
6905,-0.020685185
6906,-0.059197284
6907,-0.027119529
6908,-0.02507726
6909,-0.021856666
6910,-0.02879045
6911,-0.06317828
6912,-0.07220763
6913,-0.05731673
6914,-0.019674981
6915,-0.05435922
6916,-0.047298275
6917,-0.044875048
6918,-0.0068511367
6919,-0.05396712
6920,-0.060774136
6921,-0.055626594
6922,-0.041962326
6923,-0.056470297
6924,-0.07584888
6925,-0.020897472
6926,-0.005170739
6927,-0.031998288
6928,-0.028249752
6929,-0.024314057
6930,-0.024314057
6931,-0.114520706
6932,-0.036111258
6933,-0.03621552
6934,-0.056025922
6935,-0.0381008
6936,-0.03128184
6937,-0.06337625
6938,-0.020374883
6939,-0.050784312
6940,-0.058467127
6941,-0.040910304
6942,-0.024981905
6943,0.03250917
6944,-0.068552755
6945,-0.044669043
6946,0.02040428
6947,-0.058034528
6948,-0.021659065
6949,-0.038292825
6950,-0.06336819
6951,-0.06580476
6952,-0.0004185915
6953,-0.056456946
6954,-0.028557146
6955,-0.020188725
6956,-0.029551279
6957,-0.044672977
6958,-0.0033888458
6959,-0.057984304
6960,0.054841615
6961,-0.004439843
6962,0.0108140465
6963,-0.0659277
6964,-0.029271066
6965,-0.0077619078
6966,-0.066576526
6967,-0.041202627
6968,-0.022194516
6969,-0.10456606
6970,-0.02937584
6971,-0.11628586
6972,0.056660652
6973,-0.0852043
6974,0.00422529
6975,-0.047732912
6976,-0.028953742
6977,-0.021346558
6978,-0.003331673
6979,-0.10456606
6980,-0.014032746
6981,-0.07641055
6982,-0.012900221
6983,-0.019401098
6984,-0.051461875
6985,-0.052934587
6986,-0.10456606
6987,-0.06433944
6988,-0.035205506
6989,-0.07586996
6990,-0.04103185
6991,0.0014656127
6992,-0.06715311
6993,-0.021432389
6994,-0.06912415
6995,-0.019517934
6996,-0.03529482
6997,-0.015542185
6998,-0.041973315
6999,-0.05150033
7000,-0.04090483
7001,-0.06629233
7002,-0.03977133
7003,-0.06559034
7004,-0.07007196
7005,-0.025048112
7006,-0.024110282
7007,-0.070327744
7008,-0.074650146
7009,-0.10056873
7010,-0.09688069
7011,-0.058693685
7012,-0.060313977
7013,-0.056973815
7014,-0.06117736
7015,-0.049484063
7016,-0.06295323
7017,-0.07400125
7018,-0.073566295
7019,-0.07877898
7020,-0.07310404
7021,-0.020842886
7022,-0.06173545
7023,-0.04608195
7024,-0.07158016
7025,-0.06569934
7026,-0.06510969
7027,-0.065512165
7028,-0.058806002
7029,-0.07125219
7030,-0.07838513
7031,-0.069560505
7032,-0.06958149
7033,-0.08343593
7034,-0.07913385
7035,-0.0847796
7036,-0.08810435
7037,-0.06820512
7038,-0.08754957
7039,-0.07264586
7040,-0.044390738
7041,-0.04967662
7042,-0.07366113
7043,-0.06892159
7044,-0.06728311
7045,-0.06445559
7046,-0.06392193
7047,-0.060593225
7048,-0.059344064
7049,-0.056843422
7050,-0.053787947
7051,-0.06667787
7052,-0.060443234
7053,-0.058213364
7054,-0.05962318
7055,-0.063022695
7056,-0.07132852
7057,-0.07478682
7058,-0.06898387
7059,-0.06347116
7060,-0.043491054
7061,-0.07181166
7062,-0.07374193
7063,-0.052958928
7064,-0.050979696
7065,-0.056500398
7066,-0.06363533
7067,-0.06113373
7068,-0.055707265
7069,-0.06774102
7070,-0.06935434
7071,-0.07155969
7072,-0.08205296
7073,-0.07737468
7074,-0.062843785
7075,-0.069696024
7076,-0.061551582
7077,-0.0710655
7078,-0.078136705
7079,-0.066397205
7080,-0.051938284
7081,-0.06818843
7082,-0.06787689
7083,-0.060311902
7084,-0.064849354
7085,-0.064499035
7086,-0.0691836
7087,-0.052952897
7088,0.0042460323
7089,-0.08037865
7090,-0.06421703
7091,-0.085491434
7092,-0.07961492
7093,-0.08888259
7094,-0.05863737
7095,-0.07578723
7096,0.017523717
7097,-0.06482597
7098,-0.038669635
7099,-0.05290103
7100,-0.039637186
7101,-0.04103185
7102,0.03283737
7103,-0.07961504
7104,0.04808093
7105,0.018387724
7106,0.04989965
7107,0.025689602
7108,-0.038716566
7109,-0.05174669
7110,-0.0616876
7111,-0.047614314
7112,-0.0050840974
7113,-0.06788109
7114,0.061460078
7115,-0.0073863985
7116,0.035419982
7117,-0.10796472
7118,-0.02196449
7119,-0.042964578
7120,-0.029271066
7121,-0.02619009
7122,-0.08457102
7123,0.10850227
7124,-0.05442946
7125,-0.064187825
7126,-0.06268736
7127,-0.07551441
7128,-0.06669998
7129,-0.06995692
7130,-0.029271066
7131,-0.0707113
7132,-0.020569598
7133,-0.013121176
7134,-0.03893069
7135,0.0005764961
7136,-0.050634705
7137,0.04195751
7138,-0.059615206
7139,-0.056490578
7140,-0.05164361
7141,-0.04103185
7142,-0.10653542
7143,-0.077069625
7144,-0.04103185
7145,-0.12193862
7146,-0.083532736
7147,-0.054115664
7148,-0.04103185
7149,-0.15481271
7150,0.010927337
7151,-0.056490578
7152,-0.07886751
7153,-0.096736945
7154,-0.095432125
7155,-0.05718988
7156,-0.017322112
7157,-0.066576526
7158,-0.10796472
7159,-0.050634705
7160,-0.014804351
7161,-0.04103185
7162,-0.10456606
7163,-0.10389773
7164,-0.101713456
7165,-0.049159635
7166,-0.0640168
7167,0.031749915
7168,-0.05892279
7169,-0.02196449
7170,0.0068401336
7171,-0.037621617
7172,-0.039165318
7173,-0.056979418
7174,0.027026724
7175,-0.0514776
7176,-0.021787643
7177,0.07904353
7178,-0.021547984
7179,-0.029659713
7180,0.007898319
7181,-0.110904336
7182,-0.09576647
7183,0.029735625
7184,-0.042698264
7185,-0.045209505
7186,0.008616519
7187,-0.051020384
7188,-0.0515936
7189,-0.025581121
7190,0.0037047924
7191,0.0145613905
7192,-0.065550186
7193,0.068470635
7194,-0.049457528
7195,-0.026368976
7196,-0.00625872
7197,-0.012421739
7198,-0.025906002
7199,-0.048906375
7200,-0.09869573
7201,0.005154294
7202,0.14761826
7203,-0.10152334
7204,-0.0953614
7205,0.017024208
7206,0.010727227
7207,-0.093619406
7208,-0.096479714
7209,0.09625565
7210,-0.025015151
7211,0.06909089
7212,-0.07984699
7213,0.05588002
7214,-0.029271066
7215,-0.009947467
7216,0.009581214
7217,-0.0032543777
7218,0.026576782
7219,-0.08229842
7220,-0.06876638
7221,-0.10456606
7222,-0.041148923
7223,-0.06802665
7224,-0.03916608
7225,-0.04103185
7226,-0.05337099
7227,0.015596056
7228,-0.052946996
7229,-0.037359238
7230,-0.026173735
7231,-0.07966634
7232,-0.04103185
7233,0.062768415
7234,-0.05440346
7235,-0.04103185
7236,-0.04584519
7237,-0.09316258
7238,0.06661046
7239,-0.07336209
7240,-0.068492666
7241,-0.029271066
7242,0.038309585
7243,-0.06799106
7244,-0.029271066
7245,-0.060430218
7246,-0.08877774
7247,-0.039479733
7248,-0.014804351
7249,-0.031827223
7250,-0.15760444
7251,-0.03991214
7252,0.023796285
7253,-0.0029162467
7254,-0.04560653
7255,0.0068401336
7256,-0.04098885
7257,-0.033507098
7258,0.04680065
7259,-0.052021883
7260,-0.04847325
7261,0.09281488
7262,-0.03421942
7263,-0.1001482
7264,-0.09769604
7265,-0.09020923
7266,-0.025550902
7267,-0.04103185
7268,-0.042346917
7269,-0.08704375
7270,0.050978053
7271,-0.05927708
7272,0.06689438
7273,-0.024101818
7274,-0.0067408322
7275,-0.041957654
7276,-0.0052895783
7277,-0.06891509
7278,-0.029271066
7279,0.0057245553
7280,-0.04333836
7281,-0.029271066
7282,-0.019278442
7283,-0.10416871
7284,-0.06453109
7285,-0.07321952
7286,-0.10456606
7287,-0.073408686
7288,-0.029271066
7289,0.010617507
7290,-0.086528
7291,-0.029271066
7292,-0.01873598
7293,0.032079995
7294,-0.11498584
7295,0.008587921
7296,-0.0710546
7297,-0.05693532
7298,0.0020619154
7299,-0.058838308
7300,-0.02858988
7301,0.0047881724
7302,0.13897142
7303,-0.0886114
7304,-0.04103185
7305,-0.02012012
7306,-0.0990931
7307,-0.04103185
7308,-0.03138722
7309,-0.04038192
7310,-0.15784936
7311,-0.12451198
7312,-0.10261716
7313,0.021922505
7314,-0.09709947
7315,-0.093359984
7316,0.059485853
7317,-0.09780604
7318,-0.04103185
7319,-0.09918674
7320,-0.12101867
7321,-0.15784936
7322,-0.12451198
7323,-0.038047027
7324,-0.035559475
7325,-0.10456606
7326,-0.12091931
7327,-0.05725447
7328,-0.07708218
7329,-0.04103185
7330,-0.071108386
7331,-0.033197116
7332,-0.009744406
7333,0.06338917
7334,-0.016666854
7335,-0.033569884
7336,-0.03635355
7337,-0.03573071
7338,0.0030710697
7339,-0.017084097
7340,0.018442381
7341,-0.029238056
7342,-0.049222387
7343,-0.070110574
7344,0.02790668
7345,-0.08991502
7346,-0.0076143863
7347,-0.10141647
7348,-0.039126754
7349,-0.050097965
7350,0.10103208
7351,-0.062725805
7352,-0.05356691
7353,-0.08628404
7354,0.12605049
7355,-0.08639149
7356,0.020614898
7357,-0.06391171
7358,-0.0077982903
7359,-0.0204252
7360,0.053329818
7361,-0.0686368
7362,-0.0686368
7363,0.011956787
7364,-0.05521865
7365,-0.03613945
7366,-0.10691972
7367,-0.029271066
7368,-0.034648895
7369,-0.08564539
7370,-0.016666854
7371,-0.03270947
7372,-0.050028455
7373,-0.08733145
7374,0.029763889
7375,-0.024456536
7376,0.018749774
7377,-0.072083935
7378,0.01271373
7379,-0.02586602
7380,0.019921506
7381,-0.07569929
7382,-0.04103185
7383,-0.09029864
7384,0.016727675
7385,-0.04103185
7386,-0.053385984
7387,-0.10934236
7388,-0.09554076
7389,-0.08773638
7390,-0.09390189
7391,-0.13681109
7392,-0.12025298
7393,-0.08097742
7394,-0.052426375
7395,-0.15343343
7396,-0.10753007
7397,-0.11447903
7398,-0.10064193
7399,-0.076551415
7400,-0.020409668
7401,-0.023329401
7402,0.026461482
7403,-0.069146834
7404,-0.18179509
7405,-0.09711782
7406,-0.10152016
7407,-0.06822952
7408,-0.040454566
7409,-0.14773723
7410,-0.0063257692
7411,-0.12698537
7412,-0.08244179
7413,-0.12698537
7414,-0.09435737
7415,-0.120414
7416,-0.07656522
7417,-0.08886709
7418,-0.061930668
7419,-0.00689342
7420,-0.14879115
7421,0.045362674
7422,-0.165043
7423,-0.08097742
7424,-0.029973125
7425,-0.0811409
7426,-0.08097742
7427,-0.027669001
7428,-0.13558383
7429,-0.09390189
7430,-0.2123309
7431,-0.1053592
7432,-0.07172215
7433,-0.12104694
7434,-0.06396703
7435,-0.08367423
7436,-0.08985684
7437,-0.13211426
7438,-0.04745251
7439,-0.12654406
7440,-0.1137766
7441,-0.09373449
7442,-0.070546485
7443,-0.07272768
7444,-0.06704299
7445,-0.06986882
7446,-0.11065601
7447,-0.15392867
7448,-0.09549679
7449,-0.065732144
7450,-0.02244929
7451,-0.074542984
7452,-0.10138098
7453,-0.06257607
7454,-0.108734585
7455,-0.108734585
7456,-0.10778054
7457,-0.13827838
7458,-0.107960224
7459,-0.100765005
7460,-0.09390189
7461,-0.67548037
7462,-0.17167267
7463,-0.1009322
7464,-0.20853043
7465,-0.09760766
7466,-0.09367287
7467,-0.1049786
7468,-0.08410593
7469,-0.10370078
7470,-0.15943934
7471,-0.092326365
7472,-0.06691696
7473,-0.083384976
7474,-0.104514696
7475,-0.11287268
7476,-0.11371946
7477,-0.10219391
7478,-0.11412932
7479,-0.108386554
7480,-0.09390189
7481,-0.09547558
7482,-0.1268866
7483,-0.1643647
7484,-0.15495428
7485,-0.076494135
7486,-0.015595066
7487,-0.20853043
7488,-0.09760766
7489,-0.21105509
7490,-0.12916215
7491,-0.09390189
7492,-0.039867282
7493,-0.12193984
7494,-0.041117918
7495,-0.13840064
7496,-0.02387321
7497,-0.13335337
7498,-0.12671867
7499,0.0036212564
7500,-0.051701285
7501,-0.07339922
7502,-0.061158977
7503,-0.1674583
7504,-0.08578469
7505,-0.08747766
7506,-0.08378545
7507,-0.08398695
7508,-0.119045235
7509,-0.0911168
7510,-0.10125194
7511,-0.10541991
7512,-0.102872565
7513,-0.10989831
7514,-0.06704241
7515,-0.093639776
7516,-0.07807288
7517,-0.08459171
7518,-0.09775374
7519,-0.07490887
7520,-0.0743202
7521,-0.1029494
7522,-0.104243234
7523,-0.091974065
7524,-0.06489382
7525,-0.09895827
7526,-0.08560999
7527,-0.09882927
7528,-0.07963006
7529,-0.074795105
7530,-0.11239302
7531,-0.0801625
7532,-0.079329826
7533,-0.069587134
7534,-0.08159052
7535,-0.11310673
7536,-0.12610868
7537,-0.10709105
7538,-0.069948874
7539,-0.10469224
7540,-0.097782716
7541,-0.09545623
7542,-0.058615077
7543,-0.10235037
7544,-0.11415919
7545,-0.10823145
7546,-0.08954227
7547,-0.104921915
7548,-0.124663554
7549,-0.07238003
7550,-0.05450157
7551,-0.08980159
7552,-0.090584084
7553,-0.08725493
7554,-0.08725493
7555,-0.17402866
7556,-0.084254146
7557,-0.08698741
7558,-0.10933614
7559,-0.08674578
7560,-0.08735038
7561,-0.12280412
7562,-0.07251771
7563,-0.100050546
7564,-0.112077236
7565,-0.10019708
7566,-0.08664974
7567,-0.050727963
7568,-0.11312562
7569,-0.099600814
7570,-0.039586414
7571,-0.107644
7572,-0.07320501
7573,-0.08735317
7574,-0.116780974
7575,-0.116184175
7576,-0.059334934
7577,-0.11117969
7578,-0.07925987
7579,-0.06919764
7580,-0.07811238
7581,-0.09608712
7582,-0.06533165
7583,-0.10442241
7584,-0.005711389
7585,-0.06256592
7586,-0.057116926
7587,-0.11273272
7588,-0.08097742
7589,-0.061956763
7590,-0.11065601
7591,-0.09317309
7592,-0.070524395
7593,-0.15943934
7594,-0.09204187
7595,-0.16891168
7596,-0.009197449
7597,-0.13698734
7598,-0.043188978
7599,-0.104250416
7600,-0.090365626
7601,-0.07542038
7602,-0.057298638
7603,-0.15943934
7604,-0.062014066
7605,-0.124719694
7606,-0.060528874
7607,-0.08424334
7608,-0.102928855
7609,-0.10641042
7610,-0.15943934
7611,-0.12087534
7612,-0.085600615
7613,-0.12544385
7614,-0.09390189
7615,-0.042502027
7616,-0.11477771
7617,-0.074881114
7618,-0.11583654
7619,-0.072157264
7620,-0.08708571
7621,-0.06843432
7622,-0.08978784
7623,-0.107516065
7624,-0.0986339
7625,-0.11495175
7626,-0.092367694
7627,-0.11364088
7628,-0.11656545
7629,-0.078431346
7630,-0.0775335
7631,-0.116294935
7632,-0.12371571
7633,-0.1431937
7634,-0.14020863
7635,-0.104912564
7636,-0.10663638
7637,-0.102399334
7638,-0.10700879
7639,-0.094409384
7640,-0.10665037
7641,-0.12306328
7642,-0.12075968
7643,-0.12806799
7644,-0.122314416
7645,-0.07687758
7646,-0.112477936
7647,-0.097978756
7648,-0.1208299
7649,-0.11545575
7650,-0.114675894
7651,-0.114954665
7652,-0.10775478
7653,-0.12027732
7654,-0.12758143
7655,-0.11818732
7656,-0.11865858
7657,-0.13280891
7658,-0.13115726
7659,-0.13203214
7660,-0.13673235
7661,-0.11824461
7662,-0.13874733
7663,-0.12234056
7664,-0.1015861
7665,-0.104839705
7666,-0.122901835
7667,-0.11712514
7668,-0.11548185
7669,-0.112308286
7670,-0.11180745
7671,-0.10850314
7672,-0.10712929
7673,-0.10462314
7674,-0.101852104
7675,-0.11278745
7676,-0.10592407
7677,-0.103998825
7678,-0.10529055
7679,-0.10691725
7680,-0.11850957
7681,-0.12102201
7682,-0.11409362
7683,-0.105862774
7684,-0.08991718
7685,-0.11743231
7686,-0.11929049
7687,-0.10142841
7688,-0.09958287
7689,-0.10307467
7690,-0.10977522
7691,-0.10660499
7692,-0.104126036
7693,-0.11917957
7694,-0.117974475
7695,-0.11917778
7696,-0.12910128
7697,-0.12607436
7698,-0.11003132
7699,-0.118169524
7700,-0.108288065
7701,-0.11944075
7702,-0.12907597
7703,-0.11769521
7704,-0.10607153
7705,-0.11960174
7706,-0.11922383
7707,-0.10911914
7708,-0.11457554
7709,-0.11421125
7710,-0.11978434
7711,-0.09718205
7712,-0.05864494
7713,-0.12735492
7714,-0.12399465
7715,-0.13562411
7716,-0.13187823
7717,-0.13142495
7718,-0.110293925
7719,-0.1273787
7720,-0.024580812
7721,-0.12092658
7722,-0.08677153
7723,-0.09902903
7724,-0.08916019
7725,-0.09390189
7726,-0.015761042
7727,-0.12600355
7728,-0.0066481233
7729,-0.038180757
7730,-0.002238345
7731,-0.023806656
7732,-0.08327403
7733,-0.10280101
7734,-0.11056669
7735,-0.10924139
7736,-0.04780215
7737,-0.11216213
7738,-0.007151568
7739,-0.052268125
7740,-0.016248118
7741,-0.15392867
7742,-0.06716162
7743,-0.11479417
7744,-0.08097742
7745,-0.08994494
7746,-0.12477136
7747,0.0523327
7748,-0.120940425
7749,-0.119701505
7750,-0.1142077
7751,-0.11940265
7752,-0.1292452
7753,-0.12550613
7754,-0.08097742
7755,-0.10967779
7756,-0.06835381
7757,-0.071046375
7758,-0.08666597
7759,-0.13088742
7760,-0.09549679
7761,-0.009368491
7762,-0.114656165
7763,-0.10328873
7764,-0.0985085
7765,-0.09390189
7766,-0.1643647
7767,-0.122609414
7768,-0.09390189
7769,-0.1690242
7770,-0.12986383
7771,-0.11000307
7772,-0.09390189
7773,-0.21105509
7774,-0.048139654
7775,-0.10328873
7776,-0.13242105
7777,-0.15011528
7778,-0.14189205
7779,-0.108386554
7780,-0.06691696
7781,-0.11065601
7782,-0.15392867
7783,-0.09549679
7784,-0.065732144
7785,-0.09390189
7786,-0.15943934
7787,-0.16100168
7788,-0.15291765
7789,-0.10556612
7790,-0.115623154
7791,-0.023744738
7792,-0.107960224
7793,-0.06716162
7794,-0.04148798
7795,-0.083384976
7796,-0.08811857
7797,-0.10177175
7798,-0.035271358
7799,-0.09946896
7800,-0.07038915
7801,0.023553645
7802,-0.0684426
7803,-0.0771685
7804,-0.042396806
7805,-0.15508081
7806,-0.14244366
7807,-0.039518096
7808,-0.09655104
7809,-0.09418055
7810,-0.036760796
7811,-0.10097474
7812,-0.10119206
7813,-0.0740626
7814,-0.041778766
7815,-0.03272283
7816,-0.113940634
7817,0.0024777888
7818,-0.09767964
7819,-0.07331916
7820,-0.05485456
7821,-0.059636366
7822,-0.07450496
7823,-0.13258581
7824,-0.14636508
7825,-0.04789015
7826,0.0842983
7827,-0.14374465
7828,-0.1402524
7829,-0.049887896
7830,-0.043078102
7831,-0.14272472
7832,-0.14996219
7833,0.029139841
7834,-0.07551521
7835,0.01472677
7836,-0.13823102
7837,-0.0026718616
7838,-0.08097742
7839,-0.05378542
7840,-0.03638805
7841,-0.06113764
7842,-0.027274419
7843,-0.14311026
7844,-0.12547053
7845,-0.15943934
7846,-0.094398424
7847,-0.11362468
7848,-0.0861994
7849,-0.09390189
7850,-0.115821496
7851,-0.033343196
7852,-0.102426305
7853,-0.10013769
7854,-0.082938865
7855,-0.124505796
7856,-0.09390189
7857,-0.0062117814
7858,-0.10062488
7859,-0.09390189
7860,-0.10165872
7861,-0.15068
7862,0.010151237
7863,-0.12100482
7864,-0.11862727
7865,-0.08097742
7866,-0.044887237
7867,-0.11556584
7868,-0.08097742
7869,-0.12186332
7870,-0.13547827
7871,-0.097630635
7872,-0.065732144
7873,-0.087011635
7874,-0.24227342
7875,-0.09589802
7876,-0.033479095
7877,-0.05784305
7878,-0.09729487
7879,-0.04148798
7880,-0.08727218
7881,-0.079390764
7882,-0.006936252
7883,-0.096972585
7884,-0.09598823
7885,0.025500154
7886,-0.082020484
7887,-0.15785064
7888,-0.1519517
7889,-0.14395785
7890,-0.075528346
7891,-0.09390189
7892,-0.09661649
7893,-0.14505896
7894,-0.007825052
7895,-0.11023191
7896,0.01044712
7897,-0.07362493
7898,-0.05141132
7899,-0.102002546
7900,-0.04978584
7901,-0.12922904
7902,-0.08097742
7903,-0.06182462
7904,-0.09359451
7905,-0.08097742
7906,-0.08549108
7907,-0.15769514
7908,-0.12009515
7909,-0.12959537
7910,-0.15943934
7911,-0.12883893
7912,-0.08097742
7913,-0.05867542
7914,-0.1325768
7915,-0.08097742
7916,-0.07626082
7917,-0.017729223
7918,-0.1665184
7919,-0.039254226
7920,-0.13342229
7921,-0.10965441
7922,-0.05106015
7923,-0.09965292
7924,-0.083487555
7925,-0.11198298
7926,0.060033463
7927,-0.14002572
7928,-0.09390189
7929,-0.08080564
7930,-0.14819553
7931,-0.09390189
7932,-0.08305842
7933,-0.1009322
7934,-0.20853043
7935,-0.17314465
7936,-0.14477494
7937,-0.025357056
7938,-0.14237502
7939,-0.13778523
7940,0.0036212564
7941,-0.14300066
7942,-0.09390189
7943,-0.15185298
7944,-0.17446552
7945,-0.20853043
7946,-0.17314465
7947,-0.08474581
7948,-0.08492218
7949,-0.15943934
7950,-0.18690088
7951,-0.104128376
7952,-0.12250123
7953,-0.09390189
7954,-0.13039133
7955,-0.08356546
7956,-0.04813664
7957,0.0046348097
7958,-0.06894541
7959,-0.07997465
7960,-0.088796064
7961,-0.08325666
7962,-0.04876839
7963,-0.06586839
7964,-0.035283647
7965,-0.08456458
7966,-0.09794734
7967,-0.12761106
7968,-0.021491766
7969,-0.16160834
7970,-0.054850627
7971,-0.15693787
7972,-0.0901014
7973,-0.094722904
7974,0.05228082
7975,-0.1123269
7976,-0.10152016
7977,-0.12881772
7978,0.07372359
7979,-0.13062015
7980,-0.041130044
7981,-0.112052105
7982,-0.054533016
7983,-0.066338815
7984,0.0045820116
7985,-0.11382488
7986,-0.11382488
7987,-0.034213386
7988,-0.1039017
7989,-0.093062796
7990,-0.1558642
7991,-0.08097742
7992,-0.089544654
7993,-0.13170356
7994,-0.06894541
7995,-0.08066593
7996,-0.09781985
7997,-0.12605676
7998,-0.01867361
7999,-0.07351583
8000,-0.03190899
8001,-0.116421305
8002,-0.040021777
8003,-0.07468537
8004,-0.037023354
8005,-0.12639417
8006,-0.09390189
8007,-0.15073544
8008,-0.039484967
8009,-0.09390189
8010,-0.104595706
8011,-0.18758975
8012,-0.17423144
8013,-0.1720558
8014,-0.17283554
8015,-0.2109468
8016,-0.1894805
8017,-0.15918538
8018,-0.25386852
8019,-0.2385459
8020,-0.19057742
8021,-0.18333434
8022,-0.18520454
8023,-0.16584677
8024,-0.11354244
8025,-0.10137044
8026,-0.062255703
8027,-0.13803563
8028,-0.2879696
8029,-0.18235238
8030,-0.16532138
8031,-0.14558637
8032,-0.10478221
8033,-0.22250883
8034,-0.13555078
8035,-0.1973955
8036,-0.14443439
8037,-0.1973955
8038,-0.17043753
8039,-0.19938615
8040,-0.14529273
8041,-0.16596223
8042,-0.14001201
8043,-0.08310062
8044,-0.220927
8045,-0.077547096
8046,-0.24260001
8047,-0.15918538
8048,-0.11621741
8049,-0.1588136
8050,-0.15918538
8051,-0.14319979
8052,-0.21903577
8053,-0.17283554
8054,-0.27104482
8055,-0.1752226
8056,-0.13476951
8057,-0.1926306
8058,-0.14418122
8059,-0.16506264
8060,-0.17306744
8061,-0.20092408
8062,-0.17681456
8063,-0.18918876
8064,-0.19240607
8065,-0.1704059
8066,-0.17003095
8067,-0.15428498
8068,-0.16074605
8069,-0.15458038
8070,-0.1771988
8071,-0.21420303
8072,-0.16692969
8073,-0.1374534
8074,-0.11828395
8075,-0.13395076
8076,-0.17725232
8077,-0.13105938
8078,-0.186542
8079,-0.186542
8080,-0.20537317
8081,-0.22552386
8082,-0.17955528
8083,-0.17917733
8084,-0.17283554
8085,-0.74998796
8086,-0.23566647
8087,-0.17800367
8088,-0.27043933
8089,-0.16682214
8090,-0.16501437
8091,-0.17773905
8092,-0.15722662
8093,-0.18389168
8094,-0.22677565
8095,-0.19895166
8096,-0.15129867
8097,-0.16158459
8098,-0.18560481
8099,-0.18872394
8100,-0.20300157
8101,-0.17859606
8102,-0.1957933
8103,-0.1854721
8104,-0.17283554
8105,-0.17817141
8106,-0.20485425
8107,-0.24003224
8108,-0.22216296
8109,-0.13373494
8110,-0.09836306
8111,-0.27043933
8112,-0.16682214
8113,-0.2814227
8114,-0.19866642
8115,-0.17283554
8116,-0.13797314
8117,-0.22360244
8118,-0.120695256
8119,-0.20281264
8120,-0.09890467
8121,-0.20648232
8122,-0.1959672
8123,-0.082617745
8124,-0.15839544
8125,-0.15414307
8126,-0.14338489
8127,-0.22979188
8128,-0.16324376
8129,-0.15955679
8130,-0.16876031
8131,-0.16088954
8132,-0.21177378
8133,-0.15980686
8134,-0.18016212
8135,-0.2151247
8136,-0.18506305
8137,-0.18442725
8138,-0.1764182
8139,-0.1723972
8140,-0.1478542
8141,-0.1634109
8142,-0.17843153
8143,-0.15297052
8144,-0.15687725
8145,-0.17726967
8146,-0.1775374
8147,-0.17108418
8148,-0.1468457
8149,-0.17907795
8150,-0.16116825
8151,-0.17684802
8152,-0.15295032
8153,-0.15642743
8154,-0.18693168
8155,-0.15741764
8156,-0.15430734
8157,-0.15024982
8158,-0.16332772
8159,-0.202703
8160,-0.2023396
8161,-0.18473996
8162,-0.14338037
8163,-0.17980744
8164,-0.1751131
8165,-0.17383188
8166,-0.13239303
8167,-0.17968129
8168,-0.19031385
8169,-0.18596643
8170,-0.16172549
8171,-0.19217435
8172,-0.19855891
8173,-0.14379849
8174,-0.1258526
8175,-0.1760198
8176,-0.17523737
8177,-0.17643014
8178,-0.17643014
8179,-0.2515269
8180,-0.1711301
8181,-0.16815032
8182,-0.18529466
8183,-0.16092798
8184,-0.16775969
8185,-0.20292811
8186,-0.14617501
8187,-0.17541356
8188,-0.18958654
8189,-0.18470715
8190,-0.16541168
8191,-0.14623056
8192,-0.18306592
8193,-0.18418041
8194,-0.12822309
8195,-0.18353808
8196,-0.14504884
8197,-0.16372137
8198,-0.19309422
8199,-0.18989865
8200,-0.13943025
8201,-0.18949175
8202,-0.15498936
8203,-0.14850937
8204,-0.15178739
8205,-0.17076929
8206,-0.14714924
8207,-0.16776887
8208,-0.090198174
8209,-0.17599122
8210,-0.14816199
8211,-0.17974296
8212,-0.15918538
8213,-0.13246945
8214,-0.1771988
8215,-0.17851974
8216,-0.15186697
8217,-0.22677565
8218,-0.17862065
8219,-0.28615895
8220,-0.105942026
8221,-0.20590572
8222,-0.12352421
8223,-0.18921427
8224,-0.18594483
8225,-0.14815289
8226,-0.12606551
8227,-0.22677565
8228,-0.11764945
8229,-0.20072603
8230,-0.13018629
8231,-0.16950558
8232,-0.174153
8233,-0.18613988
8234,-0.22677565
8235,-0.2071518
8236,-0.16324908
8237,-0.19853947
8238,-0.17283554
8239,-0.12509924
8240,-0.18692222
8241,-0.15522459
8242,-0.18365163
8243,-0.14765093
8244,-0.1617724
8245,-0.1453497
8246,-0.16430695
8247,-0.19195579
8248,-0.1833131
8249,-0.1846137
8250,-0.17347087
8251,-0.1821455
8252,-0.18446423
8253,-0.15747793
8254,-0.15696171
8255,-0.182425
8256,-0.20493278
8257,-0.204933
8258,-0.20082338
8259,-0.17240393
8260,-0.17499304
8261,-0.17057006
8262,-0.17303526
8263,-0.16396882
8264,-0.17439136
8265,-0.20511207
8266,-0.20206547
8267,-0.19829944
8268,-0.19363196
8269,-0.16007544
8270,-0.1858682
8271,-0.1772582
8272,-0.18619928
8273,-0.18306142
8274,-0.1813466
8275,-0.18178594
8276,-0.17669812
8277,-0.19010963
8278,-0.19818205
8279,-0.18568154
8280,-0.18615879
8281,-0.19861229
8282,-0.20342961
8283,-0.19617742
8284,-0.20437221
8285,-0.19374286
8286,-0.20633133
8287,-0.19853343
8288,-0.18495293
8289,-0.18769297
8290,-0.1937672
8291,-0.19013208
8292,-0.18876812
8293,-0.18229195
8294,-0.18175475
8295,-0.17906518
8296,-0.17841668
8297,-0.17657249
8298,-0.17362966
8299,-0.18252845
8300,-0.17264423
8301,-0.17234339
8302,-0.1727592
8303,-0.17510103
8304,-0.19785646
8305,-0.2024487
8306,-0.19475004
8307,-0.18237647
8308,-0.15932563
8309,-0.18404171
8310,-0.18619825
8311,-0.17410477
8312,-0.17266151
8313,-0.17402956
8314,-0.17696807
8315,-0.17329176
8316,-0.17100671
8317,-0.2008502
8318,-0.1832291
8319,-0.18458577
8320,-0.19851609
8321,-0.19431996
8322,-0.18051672
8323,-0.18894245
8324,-0.18117033
8325,-0.19231248
8326,-0.20090127
8327,-0.19853877
8328,-0.18963474
8329,-0.19720672
8330,-0.19663803
8331,-0.18442886
8332,-0.18594582
8333,-0.18554373
8334,-0.18606806
8335,-0.17239301
8336,-0.15154055
8337,-0.19715193
8338,-0.19887921
8339,-0.21326952
8340,-0.20460972
8341,-0.2017313
8342,-0.20128393
8343,-0.21257946
8344,-0.09644876
8345,-0.19814911
8346,-0.16098233
8347,-0.17328337
8348,-0.16607453
8349,-0.17283554
8350,-0.09312318
8351,-0.20137835
8352,-0.085683286
8353,-0.12461247
8354,-0.08045999
8355,-0.09508534
8356,-0.15971626
8357,-0.1758834
8358,-0.1785351
8359,-0.19858095
8360,-0.11972777
8361,-0.18658528
8362,-0.13750802
8363,-0.12891065
8364,-0.09126645
8365,-0.21420303
8366,-0.14071676
8367,-0.20670299
8368,-0.15918538
8369,-0.20914996
8370,-0.18681209
8371,-0.056502152
8372,-0.2072641
8373,-0.19232923
8374,-0.1865525
8375,-0.18924852
8376,-0.24467316
8377,-0.20240875
8378,-0.15918538
8379,-0.16557984
8380,-0.14523937
8381,-0.16783994
8382,-0.16064714
8383,-0.27171442
8384,-0.16692969
8385,-0.09268488
8386,-0.20267376
8387,-0.17451562
8388,-0.16299397
8389,-0.17283554
8390,-0.24003224
8391,-0.19690576
8392,-0.17283554
8393,-0.23418784
8394,-0.19937806
8395,-0.20132706
8396,-0.17283554
8397,-0.2814227
8398,-0.16654848
8399,-0.17451562
8400,-0.20785813
8401,-0.23739466
8402,-0.20542736
8403,-0.1854721
8404,-0.15129867
8405,-0.1771988
8406,-0.21420303
8407,-0.16692969
8408,-0.1374534
8409,-0.17283554
8410,-0.22677565
8411,-0.23824844
8412,-0.22546434
8413,-0.1909503
8414,-0.18707368
8415,-0.09987433
8416,-0.17955528
8417,-0.14071676
8418,-0.11434604
8419,-0.16158459
8420,-0.17059961
8421,-0.18242353
8422,-0.12624557
8423,-0.1759043
8424,-0.14412428
8425,-0.0865988
8426,-0.14299038
8427,-0.15436544
8428,-0.12251028
8429,-0.22460885
8430,-0.21376857
8431,-0.14136398
8432,-0.17425552
8433,-0.17464882
8434,-0.12126138
8435,-0.17983516
8436,-0.18565483
8437,-0.13936721
8438,-0.12457438
8439,-0.08467934
8440,-0.18917589
8441,-0.09014901
8442,-0.17409123
8443,-0.14733699
8444,-0.13427402
8445,-0.13873236
8446,-0.15363535
8447,-0.22658694
8448,-0.24509616
8449,-0.13557222
8450,0.0042158724
8451,-0.21185088
8452,-0.21071632
8453,-0.14300902
8454,-0.12812814
8455,-0.22290596
8456,-0.23075958
8457,-0.07678286
8458,-0.15874854
8459,-0.0664315
8460,-0.21308115
8461,-0.08755209
8462,-0.15918538
8463,-0.12626168
8464,-0.13016337
8465,-0.15135676
8466,-0.1131158
8467,-0.22682528
8468,-0.25708574
8469,-0.22677565
8470,-0.16032217
8471,-0.18418571
8472,-0.15850171
8473,-0.17283554
8474,-0.20088911
8475,-0.11289867
8476,-0.17534468
8477,-0.1844916
8478,-0.168806
8479,-0.19374593
8480,-0.17283554
8481,-0.115250096
8482,-0.18945403
8483,-0.17283554
8484,-0.17795448
8485,-0.22051895
8486,-0.07795246
8487,-0.18779823
8488,-0.19427621
8489,-0.15918538
8490,-0.18382439
8491,-0.19857766
8492,-0.15918538
8493,-0.20518784
8494,-0.20710425
8495,-0.18323216
8496,-0.1374534
8497,-0.161727
8498,-0.33923584
8499,-0.17737874
8500,-0.11150174
8501,-0.14154887
8502,-0.17804952
8503,-0.11434604
8504,-0.16909054
8505,-0.1619215
8506,-0.07609842
8507,-0.17844865
8508,-0.18148714
8509,-0.09519036
8510,-0.1571163
8511,-0.22988424
8512,-0.22313634
8513,-0.21066447
8514,-0.15721521
8515,-0.17283554
8516,-0.17194517
8517,-0.22482447
8518,-0.0910192
8519,-0.18161234
8520,-0.0905327
8521,-0.15099913
8522,-0.13090307
8523,-0.1842288
8524,-0.119822346
8525,-0.22406168
8526,-0.15918538
8527,-0.1568222
8528,-0.16236849
8529,-0.15918538
8530,-0.1819752
8531,-0.22204518
8532,-0.19202259
8533,-0.20264983
8534,-0.22677565
8535,-0.20817098
8536,-0.15918538
8537,-0.1866602
8538,-0.19801854
8539,-0.15918538
8540,-0.15568437
8541,-0.09343998
8542,-0.24037747
8543,-0.11664282
8544,-0.21460514
8545,-0.19278139
8546,-0.12726147
8547,-0.16580942
8548,-0.15869513
8549,-0.24850722
8550,-0.08796631
8551,-0.21247058
8552,-0.17283554
8553,-0.17370056
8554,-0.22505899
8555,-0.17283554
8556,-0.15323082
8557,-0.17800367
8558,-0.27043933
8559,-0.2363329
8560,-0.20819218
8561,-0.09423262
8562,-0.22175746
8563,-0.20529456
8564,-0.082617745
8565,-0.21272841
8566,-0.17283554
8567,-0.22218029
8568,-0.23977809
8569,-0.27043933
8570,-0.2363329
8571,-0.15820476
8572,-0.15852195
8573,-0.22677565
8574,-0.26911807
8575,-0.1754003
8576,-0.19452131
8577,-0.17283554
8578,-0.20881589
8579,-0.16852745
8580,-0.10784967
8581,-0.085912846
8582,-0.14465544
8583,-0.15628457
8584,-0.1642239
8585,-0.1590384
8586,-0.12550674
8587,-0.1639736
8588,-0.109084725
8589,-0.16025753
8590,-0.18127051
8591,-0.19911647
8592,-0.09957427
8593,-0.25991577
8594,-0.1314149
8595,-0.24366477
8596,-0.17508408
8597,-0.16710302
8598,-0.032877125
8599,-0.18977934
8600,-0.16532138
8601,-0.19585647
8602,-0.023841238
8603,-0.19518666
8604,-0.16758773
8605,-0.188273
8606,-0.12608545
8607,-0.14496249
8608,-0.068091795
8609,-0.18712574
8610,-0.18712574
8611,-0.10445313
8612,-0.1787378
8613,-0.18266438
8614,-0.2250197
8615,-0.15918538
8616,-0.16316153
8617,-0.19731228
8618,-0.14465544
8619,-0.15042135
8620,-0.1755148
8621,-0.19286215
8622,-0.108040854
8623,-0.1614517
8624,-0.12067404
8625,-0.18750182
8626,-0.114155136
8627,-0.14806867
8628,-0.13365613
8629,-0.20233941
8630,-0.17283554
8631,-0.23490784
8632,-0.11672703
8633,-0.17283554
8634,-0.1701161
8635,0.32251844
8636,0.36087203
8637,0.38686085
8638,0.40517172
8639,0.3712327
8640,0.3378697
8641,0.4055419
8642,0.5049917
8643,0.29596785
8644,0.3730514
8645,0.35725245
8646,0.42784828
8647,0.41161776
8648,0.50074303
8649,0.35246462
8650,0.42148066
8651,0.43817645
8652,0.36484975
8653,0.41016087
8654,0.3777586
8655,0.39834422
8656,0.47301584
8657,0.29882225
8658,0.5204875
8659,0.3812242
8660,0.38308507
8661,0.3812242
8662,0.33474603
8663,0.5271103
8664,0.35212928
8665,0.4970278
8666,0.36475438
8667,0.40867168
8668,0.33108354
8669,0.49504337
8670,0.31940275
8671,0.4055419
8672,0.4564318
8673,0.40847835
8674,0.4055419
8675,0.45433283
8676,0.38458413
8677,0.40517172
8678,0.30402535
8679,0.3351532
8680,0.41210097
8681,0.34378958
8682,0.66674596
8683,0.3202582
8684,0.33291608
8685,0.31001863
8686,0.45533514
8687,0.3067158
8688,0.4422155
8689,0.39840943
8690,0.3980081
8691,0.26700997
8692,0.4043719
8693,0.36261493
8694,0.3294059
8695,0.35321444
8696,0.35001355
8697,0.3998747
8698,0.47113204
8699,0.38764483
8700,0.42757282
8701,0.36794415
8702,0.34015402
8703,0.34015402
8704,0.425098
8705,0.39156836
8706,0.33548817
8707,0.3889443
8708,0.40517172
8709,0.49137545
8710,0.38795853
8711,0.3997299
8712,0.33603173
8713,0.4057921
8714,0.43577775
8715,0.42123976
8716,0.42274004
8717,0.40623298
8718,0.3458889
8719,0.4173215
8720,0.31229246
8721,0.30294576
8722,0.3503777
8723,0.31899333
8724,0.29735854
8725,0.38672704
8726,0.36496407
8727,0.3469462
8728,0.40517172
8729,0.40224776
8730,0.3978833
8731,0.35670847
8732,0.36074227
8733,0.4817327
8734,0.47172084
8735,0.33603173
8736,0.4057921
8737,0.30276364
8738,0.34389573
8739,0.40517172
8740,0.46079993
8741,0.34336346
8742,0.4446117
8743,0.2871259
8744,0.34724587
8745,0.31512815
8746,0.3172093
8747,0.39005455
8748,0.4281424
8749,0.4776616
8750,0.51333916
8751,0.39639047
8752,0.32183832
8753,0.3686474
8754,0.3209343
8755,0.33095518
8756,0.28875118
8757,0.34352547
8758,0.35746232
8759,0.39170927
8760,0.38039783
8761,0.3305603
8762,0.39764088
8763,0.30671877
8764,0.36474752
8765,0.3103134
8766,0.3070168
8767,0.33818787
8768,0.3209796
8769,0.31533068
8770,0.3539734
8771,0.31007767
8772,0.4056707
8773,0.30446336
8774,0.340152
8775,0.3124294
8776,0.39433533
8777,0.31914407
8778,0.33263892
8779,0.35492945
8780,0.41397077
8781,0.31768876
8782,0.3290308
8783,0.2909502
8784,0.30117506
8785,0.31784818
8786,0.40423617
8787,0.334157
8788,0.32954493
8789,0.34115198
8790,0.42378777
8791,0.30108565
8792,0.32521996
8793,0.2940708
8794,0.33790207
8795,0.2967791
8796,0.3068653
8797,0.36866683
8798,0.37205008
8799,0.35653108
8800,0.3689157
8801,0.3578603
8802,0.3578603
8803,0.3410926
8804,0.32350552
8805,0.31526965
8806,0.3454876
8807,0.3402753
8808,0.3763787
8809,0.33340043
8810,0.40786368
8811,0.3137837
8812,0.31696582
8813,0.35283062
8814,0.37679535
8815,0.44821987
8816,0.2959548
8817,0.31962124
8818,0.41391453
8819,0.32302308
8820,0.41042203
8821,0.3467256
8822,0.32713357
8823,0.3047855
8824,0.4417522
8825,0.31831914
8826,0.3412957
8827,0.31650725
8828,0.34579453
8829,0.3323704
8830,0.43493804
8831,0.34841245
8832,0.49009824
8833,0.45575422
8834,0.39672714
8835,0.35115924
8836,0.4055419
8837,0.47947598
8838,0.3294059
8839,0.33333102
8840,0.35766116
8841,0.3458889
8842,0.440936
8843,0.26088205
8844,0.484574
8845,0.3290326
8846,0.32853022
8847,0.32404953
8848,0.42341524
8849,0.4324716
8850,0.44729584
8851,0.3458889
8852,0.47209257
8853,0.32830262
8854,0.3613486
8855,0.41084495
8856,0.3677388
8857,0.37368688
8858,0.3458889
8859,0.405723
8860,0.40009364
8861,0.38197526
8862,0.40517172
8863,0.4045666
8864,0.26975742
8865,0.3323396
8866,0.21307902
8867,0.33670726
8868,0.293119
8869,0.34333557
8870,0.29046065
8871,0.2590657
8872,0.28586882
8873,0.25036186
8874,0.2919542
8875,0.23703384
8876,0.22302265
8877,0.32566005
8878,0.32727093
8879,0.22305958
8880,0.283571
8881,0.28303522
8882,0.29047754
8883,0.26095095
8884,0.2529098
8885,0.2517927
8886,0.25988218
8887,0.26731342
8888,0.26741272
8889,0.27339038
8890,0.27872652
8891,0.22133808
8892,0.22646746
8893,0.32494497
8894,0.25489932
8895,0.28040308
8896,0.23426232
8897,0.24294
8898,0.23280115
8899,0.23299405
8900,0.24191956
8901,0.24624875
8902,0.22127941
8903,0.2438874
8904,0.24264327
8905,0.24366483
8906,0.24914631
8907,0.26066828
8908,0.19317982
8909,0.24017206
8910,0.18726783
8911,0.22528407
8912,0.27573475
8913,0.26857242
8914,0.22644977
8915,0.23084824
8916,0.23262572
8917,0.2372082
8918,0.23791797
8919,0.24229455
8920,0.24379256
8921,0.24706599
8922,0.25114447
8923,0.25389504
8924,0.24539104
8925,0.26044574
8926,0.2609098
8927,0.27014574
8928,0.26797676
8929,0.27045584
8930,0.2836927
8931,0.28618318
8932,0.2687685
8933,0.22844657
8934,0.2170622
8935,0.288052
8936,0.28943714
8937,0.2629281
8938,0.2327396
8939,0.24383958
8940,0.26160592
8941,0.22813301
8942,0.23838595
8943,0.24451943
8944,0.25027424
8945,0.24353819
8946,0.26440254
8947,0.262008
8948,0.26975638
8949,0.2649459
8950,0.35351044
8951,0.23077688
8952,0.2575459
8953,0.22703227
8954,0.2277124
8955,0.24953303
8956,0.2462463
8957,0.2470139
8958,0.23610544
8959,0.3218327
8960,0.44946727
8961,0.34717155
8962,0.41464424
8963,0.3026185
8964,0.42175564
8965,0.2886661
8966,0.4254397
8967,0.2962324
8968,0.4001349
8969,0.342207
8970,0.38319468
8971,0.3321177
8972,0.34400254
8973,0.40517172
8974,0.45627862
8975,0.30881423
8976,0.45231128
8977,0.51283365
8978,0.44905043
8979,0.46879888
8980,0.41260767
8981,0.36993942
8982,0.30655092
8983,0.3803083
8984,0.38819942
8985,0.32196826
8986,0.479491
8987,0.38652003
8988,0.3995226
8989,0.35321444
8990,0.41630787
8991,0.4347136
8992,0.4055419
8993,0.408453
8994,0.29242602
8995,0.47070193
8996,0.4387439
8997,0.36270192
8998,0.3996138
8999,0.3019548
9000,0.40278935
9001,0.32059354
9002,0.4055419
9003,0.45785528
9004,0.40002394
9005,0.3907349
9006,0.38060403
9007,0.44658312
9008,0.35001355
9009,0.3747913
9010,0.38657886
9011,0.3306667
9012,0.3453536
9013,0.40517172
9014,0.35670847
9015,0.3047509
9016,0.40517172
9017,0.340582
9018,0.3205251
9019,0.32961208
9020,0.40517172
9021,0.30276364
9022,0.44417334
9023,0.3306667
9024,0.34846
9025,0.27264518
9026,0.3302838
9027,0.3469462
9028,0.31229246
9029,0.3294059
9030,0.35321444
9031,0.35001355
9032,0.3998747
9033,0.40517172
9034,0.3458889
9035,0.35201246
9036,0.35663483
9037,0.40271902
9038,0.4125944
9039,0.46752748
9040,0.33548817
9041,0.41630787
9042,0.38653064
9043,0.30294576
9044,0.35487947
9045,0.32549098
9046,0.41090384
9047,0.33791608
9048,0.37101674
9049,0.4757398
9050,0.3776077
9051,0.3663954
9052,0.40309376
9053,0.27050766
9054,0.3290468
9055,0.34376794
9056,0.344314
9057,0.3364502
9058,0.4047709
9059,0.31849307
9060,0.33691353
9061,0.3974477
9062,0.3970938
9063,0.4162007
9064,0.3399629
9065,0.4612599
9066,0.33179086
9067,0.36022717
9068,0.39294416
9069,0.38794357
9070,0.36885482
9071,0.6642153
9072,0.32708365
9073,0.4238358
9074,0.55222136
9075,0.2806812
9076,0.30685672
9077,0.35155964
9078,0.43891725
9079,0.3070612
9080,0.31449836
9081,0.5033932
9082,0.37751347
9083,0.4789222
9084,0.42385754
9085,0.5061889
9086,0.4055419
9087,0.4857107
9088,0.5249996
9089,0.46569175
9090,0.48803073
9091,0.38663143
9092,0.39155513
9093,0.3458889
9094,0.4046518
9095,0.31484416
9096,0.34519345
9097,0.40517172
9098,0.3937376
9099,0.35930726
9100,0.30786318
9101,0.39962727
9102,0.36717016
9103,0.29088956
9104,0.40517172
9105,0.44478846
9106,0.32490736
9107,0.40517172
9108,0.37205097
9109,0.3072948
9110,0.4482945
9111,0.38279298
9112,0.3873023
9113,0.4055419
9114,0.5734089
9115,0.35855752
9116,0.4055419
9117,0.41692987
9118,0.305655
9119,0.42383718
9120,0.3998747
9121,0.43443093
9122,0.4042824
9123,0.46139598
9124,0.5454984
9125,0.4896036
9126,0.34588894
9127,0.38653064
9128,0.33055466
9129,0.34889245
9130,0.45159635
9131,0.32840452
9132,0.33645406
9133,0.4889392
9134,0.34884244
9135,0.36162943
9136,0.4023408
9137,0.40065917
9138,0.40097412
9139,0.40517172
9140,0.40088597
9141,0.36090204
9142,0.48799238
9143,0.34104183
9144,0.48961896
9145,0.34731683
9146,0.3545458
9147,0.3792618
9148,0.36393172
9149,0.3820901
9150,0.4055419
9151,0.4259777
9152,0.4163103
9153,0.4055419
9154,0.4673902
9155,0.35973418
9156,0.3919832
9157,0.3995934
9158,0.3458889
9159,0.37840512
9160,0.4055419
9161,0.47640148
9162,0.3049369
9163,0.4055419
9164,0.42930394
9165,0.44685555
9166,0.34007254
9167,0.42133102
9168,0.3787417
9169,0.40790996
9170,0.3840677
9171,0.3032306
9172,0.4581542
9173,0.40460706
9174,0.51635206
9175,0.3714114
9176,0.40517172
9177,0.46585718
9178,0.32834548
9179,0.40517172
9180,0.40261525
9181,0.3997299
9182,0.33603173
9183,0.39645407
9184,0.28530684
9185,0.34782377
9186,0.29695743
9187,0.29997987
9188,0.39005455
9189,0.32143134
9190,0.40517172
9191,0.399286
9192,0.37420115
9193,0.33603173
9194,0.39645407
9195,0.34482703
9196,0.34812865
9197,0.3458889
9198,0.4841373
9199,0.3285342
9200,0.30550495
9201,0.40517172
9202,0.38906437
9203,0.36379918
9204,0.53687835
9205,0.3989845
9206,0.38096672
9207,0.3220702
9208,0.37382823
9209,0.32135493
9210,0.4310453
9211,0.33864242
9212,0.4439946
9213,0.38929117
9214,0.36132544
9215,0.3865348
9216,0.42876068
9217,0.3999547
9218,0.3937284
9219,0.35258684
9220,0.36574128
9221,0.3320555
9222,0.520393
9223,0.25494105
9224,0.3777586
9225,0.3194305
9226,0.5026008
9227,0.2993424
9228,0.5511846
9229,0.36001593
9230,0.3988731
9231,0.38036594
9232,0.43299618
9233,0.32528448
9234,0.32528448
9235,0.36797318
9236,0.32117772
9237,0.54593664
9238,0.31007135
9239,0.4055419
9240,0.42371494
9241,0.30887944
9242,0.38096672
9243,0.3352632
9244,0.40668756
9245,0.2835304
9246,0.43918458
9247,0.33813196
9248,0.43270174
9249,0.34248003
9250,0.43562976
9251,0.41277903
9252,0.45881334
9253,0.34663185
9254,0.40517172
9255,0.36584988
9256,0.43101183
9257,0.40517172
9258,0.3877012
9259,0.28439993
9260,0.33347648
9261,0.35075656
9262,0.35779136
9263,0.33205062
9264,0.30222383
9265,0.3521563
9266,0.49003714
9267,0.26468125
9268,0.3081593
9269,0.31830093
9270,0.36099604
9271,0.3795012
9272,0.46950406
9273,0.30845645
9274,0.374931
9275,0.39655638
9276,0.32224527
9277,0.3808502
9278,0.32345754
9279,0.36758214
9280,0.44003248
9281,0.26877823
9282,0.48372927
9283,0.34597182
9284,0.32874125
9285,0.34597182
9286,0.3019446
9287,0.4165221
9288,0.32425237
9289,0.4048637
9290,0.33217758
9291,0.36561042
9292,0.29386926
9293,0.48335138
9294,0.2737326
9295,0.3521563
9296,0.41948777
9297,0.37207112
9298,0.3521563
9299,0.42172116
9300,0.3474579
9301,0.35779136
9302,0.24813938
9303,0.2972862
9304,0.35197696
9305,0.31507525
9306,0.6273169
9307,0.2900586
9308,0.26046434
9309,0.28117472
9310,0.435857
9311,0.27512723
9312,0.40781125
9313,0.35520825
9314,0.34097373
9315,0.22782071
9316,0.3414948
9317,0.29887813
9318,0.29181162
9319,0.3019537
9320,0.3081954
9321,0.36257136
9322,0.42594153
9323,0.33940014
9324,0.39333707
9325,0.3188586
9326,0.2902001
9327,0.2902001
9328,0.36231562
9329,0.34545958
9330,0.28199762
9331,0.31533313
9332,0.35779136
9333,0.21238962
9334,0.3472976
9335,0.35652724
9336,0.29737672
9337,0.36604512
9338,0.3916518
9339,0.39765152
9340,0.39764646
9341,0.38578606
9342,0.31917247
9343,0.3835558
9344,0.2791768
9345,0.2533091
9346,0.30601773
9347,0.2814285
9348,0.26472622
9349,0.35074902
9350,0.32961884
9351,0.31300783
9352,0.35779136
9353,0.36048326
9354,0.35850814
9355,0.31900388
9356,0.31765217
9357,0.45507187
9358,0.4332117
9359,0.29737672
9360,0.36604512
9361,0.25566435
9362,0.31472832
9363,0.35779136
9364,0.4077711
9365,0.2988069
9366,0.38987622
9367,0.2536795
9368,0.29830238
9369,0.2789967
9370,0.28115717
9371,0.35099104
9372,0.111868285
9373,0.45244426
9374,0.4458708
9375,0.3513447
9376,0.29026446
9377,0.32264858
9378,0.29158863
9379,0.2923711
9380,0.25711092
9381,0.30125666
9382,0.32496774
9383,0.3631819
9384,0.3415589
9385,0.2910809
9386,0.36363536
9387,0.27632067
9388,0.32555142
9389,0.27835777
9390,0.27473283
9391,0.3082423
9392,0.2905104
9393,0.28083512
9394,0.31795508
9395,0.28047997
9396,0.36691564
9397,0.27621394
9398,0.3049086
9399,0.28143874
9400,0.34433573
9401,0.29140663
9402,0.2957028
9403,0.32096273
9404,0.36506927
9405,0.28684545
9406,0.29589564
9407,0.25840068
9408,0.265243
9409,0.28646937
9410,0.3614493
9411,0.29995194
9412,0.29458588
9413,0.3048579
9414,0.36651704
9415,0.27151045
9416,0.28913927
9417,0.26619977
9418,0.2972147
9419,0.26734304
9420,0.27059767
9421,0.33298165
9422,0.33673826
9423,0.32220334
9424,0.33490032
9425,0.32453513
9426,0.32453513
9427,0.29783562
9428,0.29348722
9429,0.28356054
9430,0.30915537
9431,0.30133754
9432,0.34349886
9433,0.29829597
9434,0.36652175
9435,0.28280485
9436,0.28140208
9437,0.31078526
9438,0.3322143
9439,0.42025012
9440,0.26314005
9441,0.28379202
9442,0.39393267
9443,0.2879897
9444,0.35851938
9445,0.31264606
9446,0.2900993
9447,0.27343786
9448,0.3910083
9449,0.2887643
9450,0.30338112
9451,0.28964922
9452,0.30630535
9453,0.29646665
9454,0.3869366
9455,0.31251332
9456,0.44961104
9457,0.37308037
9458,0.36258146
9459,0.32217282
9460,0.3521563
9461,0.4498516
9462,0.29181162
9463,0.2964209
9464,0.3201511
9465,0.31917247
9466,0.39106983
9467,0.201475
9468,0.44571024
9469,0.28088433
9470,0.2936392
9471,0.2886769
9472,0.3984055
9473,0.40624866
9474,0.4204119
9475,0.31917247
9476,0.4418552
9477,0.29328507
9478,0.32743555
9479,0.37911716
9480,0.3346726
9481,0.33940643
9482,0.31917247
9483,0.36448383
9484,0.36860824
9485,0.34468222
9486,0.35779136
9487,0.35078305
9488,0.21837106
9489,0.27577823
9490,0.17357442
9491,0.28009325
9492,0.24405074
9493,0.28611025
9494,0.24462135
9495,0.21124732
9496,0.23581651
9497,0.20598269
9498,0.24216323
9499,0.19673058
9500,0.18396698
9501,0.27022886
9502,0.2715338
9503,0.18447688
9504,0.24398151
9505,0.25087968
9506,0.2559371
9507,0.22033282
9508,0.21391468
9509,0.21102972
9510,0.21934986
9511,0.23046298
9512,0.22801933
9513,0.23313865
9514,0.23921335
9515,0.18182549
9516,0.18645296
9517,0.27240044
9518,0.20440125
9519,0.2325736
9520,0.1844529
9521,0.19888899
9522,0.18758976
9523,0.187234
9524,0.19782755
9525,0.19994888
9526,0.18171316
9527,0.19838879
9528,0.19687943
9529,0.19222133
9530,0.20046344
9531,0.20583144
9532,0.15533724
9533,0.19787976
9534,0.14915738
9535,0.18500884
9536,0.22862506
9537,0.22202384
9538,0.18650004
9539,0.18933827
9540,0.19075751
9541,0.19537611
9542,0.19597803
9543,0.19947436
9544,0.20054968
9545,0.20308645
9546,0.20689984
9547,0.2129151
9548,0.20452133
9549,0.22290996
9550,0.22253147
9551,0.23265214
9552,0.22435763
9553,0.22759373
9554,0.24603696
9555,0.2507922
9556,0.228322
9557,0.19150105
9558,0.178093
9559,0.24122557
9560,0.24357939
9561,0.22491524
9562,0.19403778
9563,0.20301008
9564,0.21883893
9565,0.18464403
9566,0.19010255
9567,0.1949615
9568,0.195496
9569,0.19252014
9570,0.2174218
9571,0.21201888
9572,0.22234991
9573,0.21498623
9574,0.28485116
9575,0.18638203
9576,0.21127307
9577,0.18179393
9578,0.18231168
9579,0.19964762
9580,0.19572172
9581,0.19637099
9582,0.18674442
9583,0.28612605
9584,0.41410264
9585,0.3126766
9586,0.37783924
9587,0.2704072
9588,0.38629392
9589,0.25874242
9590,0.37928507
9591,0.2682161
9592,0.3719024
9593,0.3088182
9594,0.32842553
9595,0.29697776
9596,0.3111764
9597,0.35779136
9598,0.4135538
9599,0.27400175
9600,0.39913815
9601,0.44919586
9602,0.4271961
9603,0.42154837
9604,0.34816092
9605,0.33518842
9606,0.26978335
9607,0.33460447
9608,0.33198512
9609,0.29068145
9610,0.43778378
9611,0.3462364
9612,0.36156112
9613,0.3019537
9614,0.35894704
9615,0.37874168
9616,0.3521563
9617,0.37431917
9618,0.26686335
9619,0.4506535
9620,0.38472778
9621,0.32831883
9622,0.34776178
9623,0.27271947
9624,0.3678127
9625,0.2834423
9626,0.3521563
9627,0.42563874
9628,0.35353675
9629,0.36422324
9630,0.330717
9631,0.41708755
9632,0.3081954
9633,0.33772668
9634,0.30678934
9635,0.2913115
9636,0.31312355
9637,0.35779136
9638,0.31900388
9639,0.2696796
9640,0.35779136
9641,0.29168534
9642,0.27219567
9643,0.28651652
9644,0.35779136
9645,0.25566435
9646,0.4193476
9647,0.2913115
9648,0.29915452
9649,0.23818135
9650,0.28298813
9651,0.31300783
9652,0.2791768
9653,0.29181162
9654,0.3019537
9655,0.3081954
9656,0.36257136
9657,0.35779136
9658,0.31917247
9659,0.31106788
9660,0.31559834
9661,0.37501773
9662,0.37056312
9663,0.44192973
9664,0.28199762
9665,0.35894704
9666,0.35544664
9667,0.2533091
9668,0.30426863
9669,0.27932325
9670,0.36151433
9671,0.30241114
9672,0.33414003
9673,0.43360138
9674,0.3427248
9675,0.32834363
9676,0.35398445
9677,0.23827314
9678,0.29276642
9679,0.3022185
9680,0.30112234
9681,0.29952264
9682,0.34662828
9683,0.28341538
9684,0.28514713
9685,0.37339163
9686,0.36058652
9687,0.371138
9688,0.28816816
9689,0.40262324
9690,0.2880227
9691,0.32318437
9692,0.3372888
9693,0.3441902
9694,0.3279745
9695,0.5377559
9696,0.2809977
9697,0.3719632
9698,0.5297341
9699,0.24807791
9700,0.27176267
9701,0.30219203
9702,0.392913
9703,0.2584339
9704,0.27268586
9705,0.44757786
9706,0.33100778
9707,0.43270254
9708,0.3784151
9709,0.48064288
9710,0.3521563
9711,0.43865404
9712,0.4944622
9713,0.40361366
9714,0.43432623
9715,0.36094117
9716,0.37146682
9717,0.31917247
9718,0.36206037
9719,0.27813178
9720,0.3077414
9721,0.35779136
9722,0.3424186
9723,0.32722607
9724,0.2758492
9725,0.3630558
9726,0.3313186
9727,0.25591952
9728,0.35779136
9729,0.40765804
9730,0.28866285
9731,0.35779136
9732,0.34060025
9733,0.25594294
9734,0.42209822
9735,0.34584466
9736,0.34754953
9737,0.3521563
9738,0.5006379
9739,0.3222279
9740,0.3521563
9741,0.3848307
9742,0.2755821
9743,0.39225876
9744,0.36257136
9745,0.40164343
9746,0.33167475
9747,0.42601842
9748,0.53608143
9749,0.43894464
9750,0.3136364
9751,0.35544664
9752,0.2895214
9753,0.30685878
9754,0.41146582
9755,0.28619605
9756,0.29168886
9757,0.41504756
9758,0.31250182
9759,0.32455263
9760,0.35795993
9761,0.35853606
9762,0.3743255
9763,0.35779136
9764,0.3381369
9765,0.31513488
9766,0.4620987
9767,0.30801994
9768,0.47158232
9769,0.3153702
9770,0.298912
9771,0.33737874
9772,0.29772347
9773,0.34038848
9774,0.3521563
9775,0.39523923
9776,0.38357
9777,0.3521563
9778,0.44445997
9779,0.33739036
9780,0.36347932
9781,0.37111473
9782,0.31917247
9783,0.34084994
9784,0.3521563
9785,0.4593114
9786,0.27435812
9787,0.3521563
9788,0.40484047
9789,0.4042743
9790,0.31620854
9791,0.37736002
9792,0.34968254
9793,0.36146337
9794,0.3421797
9795,0.27420422
9796,0.4298009
9797,0.37208948
9798,0.5100862
9799,0.33231157
9800,0.35779136
9801,0.42525607
9802,0.28770518
9803,0.35779136
9804,0.36158875
9805,0.35652724
9806,0.29737672
9807,0.3571064
9808,0.254297
9809,0.30255395
9810,0.26131982
9811,0.26437315
9812,0.35099104
9813,0.2873534
9814,0.35779136
9815,0.36623523
9816,0.3354852
9817,0.29737672
9818,0.3571064
9819,0.3090549
9820,0.30737597
9821,0.31917247
9822,0.39537707
9823,0.29295143
9824,0.26707855
9825,0.35779136
9826,0.3517665
9827,0.3348404
9828,0.44505253
9829,0.37249947
9830,0.34655538
9831,0.29028416
9832,0.33790538
9833,0.28424698
9834,0.40575162
9835,0.30446023
9836,0.4207436
9837,0.35280642
9838,0.32775575
9839,0.35372263
9840,0.38313192
9841,0.3687424
9842,0.3547026
9843,0.31800544
9844,0.32845408
9845,0.29338333
9846,0.47696027
9847,0.21150379
9848,0.32345754
9849,0.28770608
9850,0.49742135
9851,0.27541107
9852,0.4166697
9853,0.3268839
9854,0.35807723
9855,0.3438356
9856,0.3850431
9857,0.2878489
9858,0.2878489
9859,0.33476835
9860,0.28911346
9861,0.5523344
9862,0.2828769
9863,0.3521563
9864,0.37818706
9865,0.28166962
9866,0.34655538
9867,0.31012064
9868,0.3619736
9869,0.24826618
9870,0.41688687
9871,0.30306464
9872,0.40738034
9873,0.30708855
9874,0.4125147
9875,0.37325484
9876,0.43211278
9877,0.31357697
9878,0.35779136
9879,0.299489
9880,0.40892592
9881,0.35779136
9882,0.3561576
9883,0.24913065
9884,0.30380034
9885,0.32418877
9886,0.31647906
9887,0.2986884
9888,0.27068263
9889,0.31800842
9890,0.36300266
9891,0.22507346
9892,0.26378497
9893,0.25967854
9894,0.2983624
9895,0.34578466
9896,0.43893656
9897,0.2683459
9898,0.33280435
9899,0.36864752
9900,0.23409215
9901,0.34632573
9902,0.28570485
9903,0.34103218
9904,0.4130208
9905,0.23974416
9906,0.40774804
9907,0.31087637
9908,0.28644612
9909,0.31087637
9910,0.27191463
9911,0.32194224
9912,0.30385467
9913,0.32108158
9914,0.2942218
9915,0.3381486
9916,0.25716025
9917,0.44696492
9918,0.23287623
9919,0.31800842
9920,0.382721
9921,0.33476955
9922,0.31800842
9923,0.385637
9924,0.30820403
9925,0.31647906
9926,0.20958218
9927,0.2704767
9928,0.3068617
9929,0.29041895
9930,0.6517098
9931,0.26753226
9932,0.2156873
9933,0.25858516
9934,0.3931623
9935,0.24873635
9936,0.3478054
9937,0.32054025
9938,0.3094809
9939,0.2045373
9940,0.30548614
9941,0.2637997
9942,0.2602846
9943,0.26247868
9944,0.2750755
9945,0.33370194
9946,0.3952542
9947,0.30861062
9948,0.36712638
9949,0.2901265
9950,0.24721965
9951,0.24721965
9952,0.314279
9953,0.2894494
9954,0.24534142
9955,0.30284187
9956,0.31647906
9957,0.022417407
9958,0.31069833
9959,0.31876585
9960,0.2630721
9961,0.32304737
9962,0.36982313
9963,0.36555368
9964,0.37289712
9965,0.35614786
9966,0.28518125
9967,0.34226567
9968,0.25111458
9969,0.22462407
9970,0.2690924
9971,0.25048223
9972,0.24521573
9973,0.31798762
9974,0.29783124
9975,0.28657657
9976,0.31647906
9977,0.3301844
9978,0.31802577
9979,0.28322536
9980,0.28752342
9981,0.43360367
9982,0.40315866
9983,0.2630721
9984,0.32304737
9985,0.21315055
9986,0.28277004
9987,0.31647906
9988,0.37664104
9989,0.2636211
9990,0.36361092
9991,0.23050432
9992,0.26503462
9993,0.25033757
9994,0.25342178
9995,0.32509354
9996,0.16798255
9997,0.4321313
9998,0.42360973
9999,0.3206845
10000,0.26937285
10001,0.28710914
10002,0.27289128
10003,0.26358578
10004,0.23961861
10005,0.27979845
10006,0.29438952
10007,0.32264203
10008,0.30410874
10009,0.26211992
10010,0.32081473
10011,0.25989532
10012,0.29120976
10013,0.26047784
10014,0.24569917
10015,0.2872611
10016,0.26347917
10017,0.2614538
10018,0.28392
10019,0.26246053
10020,0.33244485
10021,0.25878358
10022,0.27837285
10023,0.2610622
10024,0.30230784
10025,0.27664852
10026,0.2653528
10027,0.2972814
10028,0.3253576
10029,0.2714947
10030,0.26646343
10031,0.23870759
10032,0.2387583
10033,0.26436037
10034,0.33130303
10035,0.2772045
10036,0.26124734
10037,0.28016433
10038,0.32903472
10039,0.25346464
10040,0.25978905
10041,0.24523851
10042,0.2765501
10043,0.24972849
10044,0.24148631
10045,0.30224806
10046,0.31350416
10047,0.29834548
10048,0.31204724
10049,0.30309707
10050,0.30309707
10051,0.2534943
10052,0.27353972
10053,0.2545747
10054,0.2797029
10055,0.28112015
10056,0.3142795
10057,0.2699654
10058,0.3362619
10059,0.26397413
10060,0.25335553
10061,0.28455827
10062,0.3026113
10063,0.37796217
10064,0.24506935
10065,0.26513523
10066,0.37010163
10067,0.2676623
10068,0.31500328
10069,0.29009676
10070,0.26066634
10071,0.25170463
10072,0.34354234
10073,0.2646661
10074,0.281581
10075,0.2728404
10076,0.28596598
10077,0.27473283
10078,0.34687942
10079,0.28509244
10080,0.4219777
10081,0.38825804
10082,0.31082422
10083,0.29650137
10084,0.31800842
10085,0.42824015
10086,0.2602846
10087,0.26425967
10088,0.2893681
10089,0.28518125
10090,0.35330433
10091,0.14414401
10092,0.40702844
10093,0.24935515
10094,0.27212724
10095,0.26003855
10096,0.40200058
10097,0.37592086
10098,0.3988441
10099,0.28518125
10100,0.41149935
10101,0.26246673
10102,0.30793366
10103,0.33753595
10104,0.30932674
10105,0.30498695
10106,0.28518125
10107,0.320776
10108,0.334231
10109,0.2980145
10110,0.31647906
10111,0.3281679
10112,0.18892929
10113,0.23537579
10114,0.1462738
10115,0.24094339
10116,0.207014
10117,0.24484834
10118,0.21496496
10119,0.17212722
10120,0.19415298
10121,0.17707069
10122,0.20586996
10123,0.1686699
10124,0.15620059
10125,0.2315655
10126,0.23248787
10127,0.15824243
10128,0.20966306
10129,0.22342508
10130,0.22969441
10131,0.19232468
10132,0.18440163
10133,0.1834676
10134,0.19201554
10135,0.20597067
10136,0.2013441
10137,0.20061198
10138,0.20511064
10139,0.15587187
10140,0.15911365
10141,0.22848323
10142,0.16760388
10143,0.19438994
10144,0.14585748
10145,0.16352323
10146,0.15343837
10147,0.15239081
10148,0.16564241
10149,0.16397242
10150,0.15534082
10151,0.16291903
10152,0.1610301
10153,0.15078864
10154,0.16444087
10155,0.16809087
10156,0.12760997
10157,0.16844583
10158,0.12175628
10159,0.15399715
10160,0.18702415
10161,0.18181343
10162,0.15942329
10163,0.15877476
10164,0.15985075
10165,0.16567162
10166,0.16636108
10167,0.16989593
10168,0.17060813
10169,0.17299497
10170,0.1770374
10171,0.18628289
10172,0.17661914
10173,0.19605523
10174,0.19615763
10175,0.20549831
10176,0.19067699
10177,0.19431674
10178,0.21227694
10179,0.2201601
10180,0.20235136
10181,0.16591194
10182,0.15195684
10183,0.21285054
10184,0.21540053
10185,0.19891922
10186,0.16880968
10187,0.17529203
10188,0.19040099
10189,0.15131138
10190,0.15134157
10191,0.15484147
10192,0.15542719
10193,0.15309091
10194,0.17721505
10195,0.17607658
10196,0.18633743
10197,0.17859791
10198,0.24982181
10199,0.15303043
10200,0.17476404
10201,0.1479078
10202,0.14833969
10203,0.16352153
10204,0.15945181
10205,0.1600007
10206,0.14867148
10207,0.2606073
10208,0.38319987
10209,0.2813823
10210,0.3464505
10211,0.24643627
10212,0.35988134
10213,0.2366496
10214,0.33039975
10215,0.24826483
10216,0.34808946
10217,0.28323275
10218,0.2897101
10219,0.26658106
10220,0.2830785
10221,0.31647906
10222,0.38784623
10223,0.24694672
10224,0.3578816
10225,0.33801422
10226,0.40666112
10227,0.39565453
10228,0.29116276
10229,0.30529302
10230,0.24015847
10231,0.2924592
10232,0.29906923
10233,0.26165205
10234,0.4199757
10235,0.31775385
10236,0.33366284
10237,0.26247868
10238,0.32714638
10239,0.35182467
10240,0.31800842
10241,0.31470442
10242,0.24376073
10243,0.38824672
10244,0.3242231
10245,0.29766375
10246,0.305128
10247,0.24931756
10248,0.33587056
10249,0.25325578
10250,0.31800842
10251,0.40214768
10252,0.31721252
10253,0.32713768
10254,0.29078075
10255,0.27212915
10256,0.2750755
10257,0.31257397
10258,0.21846762
10259,0.2587904
10260,0.29226035
10261,0.31647906
10262,0.28322536
10263,0.24376969
10264,0.31647906
10265,0.25553408
10266,0.2204608
10267,0.2529294
10268,0.31647906
10269,0.21315055
10270,0.39379328
10271,0.2587904
10272,0.26249012
10273,0.21378437
10274,0.24652848
10275,0.28657657
10276,0.25111458
10277,0.2602846
10278,0.26247868
10279,0.2750755
10280,0.33370194
10281,0.31647906
10282,0.28518125
10283,0.26354676
10284,0.27981275
10285,0.34129924
10286,0.33876902
10287,0.41048998
10288,0.24534142
10289,0.32714638
10290,0.33269295
10291,0.22462407
10292,0.26908514
10293,0.24759726
10294,0.3318712
10295,0.2766868
10296,0.30743903
10297,0.40015426
10298,0.31346703
10299,0.3013305
10300,0.3227759
10301,0.21433957
10302,0.2604003
10303,0.2716124
10304,0.27375865
10305,0.2663115
10306,0.3127206
10307,0.2582428
10308,0.25090212
10309,0.34958977
10310,0.3332321
10311,0.33755213
10312,0.25075975
10313,0.290896
10314,0.2595599
10315,0.29498917
10316,0.30407432
10317,0.30339903
10318,0.2923829
10319,0.36070687
10320,0.23335114
10321,0.33512732
10322,0.485905
10323,0.22415867
10324,0.24366519
10325,0.2732115
10326,0.36977607
10327,0.21838641
10328,0.22810635
10329,0.40116683
10330,0.294386
10331,0.39421135
10332,0.3337723
10333,0.45564684
10334,0.31800842
10335,0.40596765
10336,0.4752644
10337,0.36066785
10338,0.40354258
10339,0.3303859
10340,0.34229335
10341,0.28518125
10342,0.32919642
10343,0.24619034
10344,0.27623746
10345,0.31647906
10346,0.2985388
10347,0.30711314
10348,0.24837354
10349,0.322313
10350,0.29591462
10351,0.23526469
10352,0.31647906
10353,0.35902265
10354,0.26702118
10355,0.31647906
10356,0.30884403
10357,0.23020239
10358,0.39882943
10359,0.3111228
10360,0.31200606
10361,0.31800842
10362,0.35318324
10363,0.27882653
10364,0.31800842
10365,0.3436976
10366,0.25437704
10367,0.36532298
10368,0.33370194
10369,0.35986462
10370,0.22244923
10371,0.37656552
10372,0.5262309
10373,0.3901093
10374,0.29366285
10375,0.33269295
10376,0.26052937
10377,0.2755056
10378,0.3825956
10379,0.2536437
10380,0.25813127
10381,0.37481147
10382,0.28207818
10383,0.29321423
10384,0.29166883
10385,0.3023676
10386,0.34053704
10387,0.31647906
10388,0.30250272
10389,0.26592132
10390,0.4404394
10391,0.2817478
10392,0.45081085
10393,0.29645506
10394,0.261882
10395,0.30081823
10396,0.24891177
10397,0.30166978
10398,0.31800842
10399,0.349199
10400,0.34841174
10401,0.31800842
10402,0.38551977
10403,0.29997662
10404,0.3342603
10405,0.33493927
10406,0.28518125
10407,0.3046313
10408,0.31800842
10409,0.41298598
10410,0.24668145
10411,0.31800842
10412,0.34858084
10413,0.36274022
10414,0.28916648
10415,0.34191036
10416,0.31971562
10417,0.31676024
10418,0.3139124
10419,0.25603867
10420,0.36779264
10421,0.33245865
10422,0.4386011
10423,0.28841126
10424,0.31647906
10425,0.3837455
10426,0.24630718
10427,0.31647906
10428,0.33269864
10429,0.31876585
10430,0.2630721
10431,0.31824273
10432,0.22725888
10433,0.27326024
10434,0.22575252
10435,0.24077463
10436,0.32509354
10437,0.24895044
10438,0.31647906
10439,0.33366123
10440,0.3001091
10441,0.2630721
10442,0.31824273
10443,0.27846313
10444,0.27560806
10445,0.28518125
10446,0.32596248
10447,0.26108688
10448,0.23717335
10449,0.31647906
10450,0.3119612
10451,0.30519885
10452,0.37294045
10453,0.3459536
10454,0.3146247
10455,0.27019486
10456,0.3033661
10457,0.25849885
10458,0.37662062
10459,0.27918053
10460,0.39318442
10461,0.32556063
10462,0.29807127
10463,0.32035634
10464,0.31432527
10465,0.32787743
10466,0.32015863
10467,0.28359216
10468,0.29708302
10469,0.26965582
10470,0.445117
10471,0.18175755
10472,0.28570485
10473,0.25554767
10474,0.46840054
10475,0.25351003
10476,0.25645274
10477,0.2976132
10478,0.3231289
10479,0.3134041
10480,0.34535766
10481,0.2491444
10482,0.2491444
10483,0.30930695
10484,0.26374802
10485,0.5515639
10486,0.25763088
10487,0.31800842
10488,0.35324955
10489,0.25598168
10490,0.3146247
10491,0.29176006
10492,0.3222698
10493,0.22815618
10494,0.3687307
10495,0.2836817
10496,0.36013067
10497,0.27482274
10498,0.3843477
10499,0.33496946
10500,0.38825023
10501,0.2797938
10502,0.31647906
10503,0.24977191
10504,0.35458845
10505,0.31647906
10506,0.32808775
10507,0.2063736
10508,0.2639749
10509,0.28392524
10510,0.26997843
10511,0.2519449
10512,0.23514438
10513,0.28086877
10514,0.20325787
10515,0.17788948
10516,0.22497793
10517,0.16730241
10518,0.22879057
10519,0.3047731
10520,0.3898185
10521,0.23217122
10522,0.26177216
10523,0.33613294
10524,0.13671619
10525,0.2990471
10526,0.25436202
10527,0.3048988
10528,0.37704137
10529,0.20880926
10530,0.27693444
10531,0.25869912
10532,0.2552865
10533,0.25869912
10534,0.2419858
10535,0.23581223
10536,0.27873844
10537,0.2528636
10538,0.2707747
10539,0.31551057
10540,0.21440384
10541,0.3538312
10542,0.18876879
10543,0.28086877
10544,0.33204895
10545,0.29530355
10546,0.28086877
10547,0.3239643
10548,0.25297496
10549,0.26997843
10550,0.1756697
10551,0.23622231
10552,0.2668931
10553,0.25417343
10554,0.5672264
10555,0.22325763
10556,0.18658093
10557,0.22841528
10558,0.32569468
10559,0.22226569
10560,0.29295617
10561,0.27710083
10562,0.26360545
10563,0.18027587
10564,0.2611204
10565,0.2290103
10566,0.22723445
10567,0.22567599
10568,0.24880548
10569,0.30237737
10570,0.34373197
10571,0.28764513
10572,0.32464832
10573,0.2614269
10574,0.21437457
10575,0.21437457
10576,0.2559367
10577,0.22472139
10578,0.20681223
10579,0.2675786
10580,0.26997843
10581,-0.07870847
10582,0.27332205
10583,0.272589
10584,0.21426888
10585,0.27624953
10586,0.29576
10587,0.32101494
10588,0.32345802
10589,0.30898708
10590,0.24083543
10591,0.27246666
10592,0.21838441
10593,0.19498864
10594,0.23219946
10595,0.20893702
10596,0.21214326
10597,0.27647594
10598,0.25140494
10599,0.2559
10600,0.26997843
10601,0.2985769
10602,0.27188095
10603,0.23679249
10604,0.2555441
10605,0.40317315
10606,0.3576723
10607,0.21426888
10608,0.27624953
10609,0.17074457
10610,0.25190622
10611,0.26997843
10612,0.34485283
10613,0.2164783
10614,0.34011868
10615,0.2039278
10616,0.23678656
10617,0.20775521
10618,0.23174486
10619,0.29385692
10620,0.2647949
10621,0.38705978
10622,0.39993212
10623,0.28454494
10624,0.23844507
10625,0.25039983
10626,0.2457784
10627,0.22745466
10628,0.19890034
10629,0.25036475
10630,0.2545353
10631,0.25559577
10632,0.26255623
10633,0.23022375
10634,0.26924568
10635,0.23536865
10636,0.2547956
10637,0.24141416
10638,0.21597126
10639,0.25594458
10640,0.23159532
10641,0.23274603
10642,0.24557681
10643,0.23227327
10644,0.28489396
10645,0.22975583
10646,0.24784195
10647,0.22954229
10648,0.25854978
10649,0.2501985
10650,0.22977272
10651,0.26327688
10652,0.27783817
10653,0.2472569
10654,0.23217964
10655,0.20522055
10656,0.20635767
10657,0.23411207
10658,0.29242617
10659,0.243669
10660,0.22802356
10661,0.24559152
10662,0.28833514
10663,0.22614606
10664,0.22550063
10665,0.21352816
10666,0.24722221
10667,0.22527471
10668,0.20687003
10669,0.2711877
10670,0.28703243
10671,0.26398
10672,0.2729
10673,0.2652862
10674,0.2652862
10675,0.19637533
10676,0.24748656
10677,0.22310957
10678,0.24342899
10679,0.25195974
10680,0.27492148
10681,0.2292172
10682,0.29106456
10683,0.23491299
10684,0.22054791
10685,0.2497303
10686,0.2670905
10687,0.23736377
10688,0.2216204
10689,0.23669772
10690,0.32140628
10691,0.23492014
10692,0.26872438
10693,0.2612666
10694,0.22450638
10695,0.22107157
10696,0.28444207
10697,0.22987957
10698,0.25340724
10699,0.24567775
10700,0.26007372
10701,0.24390145
10702,0.2913987
10703,0.2506389
10704,0.3775112
10705,0.35505828
10706,0.24130468
10707,0.26352182
10708,0.28086877
10709,0.39309913
10710,0.22723445
10711,0.22402318
10712,0.25673968
10713,0.24083543
10714,0.30934107
10715,0.05764503
10716,0.35847026
10717,0.21176152
10718,0.24800777
10719,0.21898644
10720,0.36884728
10721,0.3361517
10722,0.3623453
10723,0.24083543
10724,0.37497324
10725,0.22609386
10726,0.2816127
10727,0.27969614
10728,0.27279824
10729,0.25882465
10730,0.24083543
10731,0.26612863
10732,0.29207867
10733,0.24224007
10734,0.26997843
10735,0.30772027
10736,0.15216255
10737,0.19424151
10738,0.11847477
10739,0.2030178
10740,0.1725707
10741,0.20632076
10742,0.18181804
10743,0.13110901
10744,0.14931573
10745,0.1436161
10746,0.16467226
10747,0.13715783
10748,0.1252161
10749,0.19158381
10750,0.19210482
10751,0.13059051
10752,0.16840605
10753,0.1934582
10754,0.20315619
10755,0.16623852
10756,0.15812595
10757,0.15794992
10758,0.16397241
10759,0.18090428
10760,0.17525724
10761,0.15333438
10762,0.16432603
10763,0.12267344
10764,0.12660743
10765,0.18252996
10766,0.13059688
10767,0.15114161
10768,0.11464115
10769,0.13891867
10770,0.12509674
10771,0.12409494
10772,0.13911717
10773,0.13144156
10774,0.12213119
10775,0.13397494
10776,0.13193993
10777,0.11992057
10778,0.12137538
10779,0.14086449
10780,0.09741963
10781,0.13335359
10782,0.08976578
10783,0.11990514
10784,0.14307992
10785,0.13735926
10786,0.12689154
10787,0.12640491
10788,0.12795012
10789,0.13490336
10790,0.1355838
10791,0.13913283
10792,0.13977067
10793,0.14220226
10794,0.14633864
10795,0.15285078
10796,0.15123944
10797,0.17172419
10798,0.1714777
10799,0.17909245
10800,0.14857568
10801,0.14722879
10802,0.17491639
10803,0.18899253
10804,0.17543428
10805,0.13664801
10806,0.12258456
10807,0.17646533
10808,0.1789856
10809,0.16621426
10810,0.1399233
10811,0.15005863
10812,0.16569547
10813,0.11426151
10814,0.12133758
10815,0.12526408
10816,0.124019004
10817,0.122837484
10818,0.14417638
10819,0.14646575
10820,0.15594716
10821,0.15057954
10822,0.21983397
10823,0.11684848
10824,0.13520777
10825,0.11309171
10826,0.113556564
10827,0.12834428
10828,0.123634085
10829,0.1241951
10830,0.11697392
10831,0.23356164
10832,0.33691263
10833,0.24897471
10834,0.29358903
10835,0.21031936
10836,0.30289024
10837,0.21113965
10838,0.23913589
10839,0.2123704
10840,0.32249492
10841,0.25155517
10842,0.25150412
10843,0.23662356
10844,0.25350603
10845,0.26997843
10846,0.35614753
10847,0.22326188
10848,0.31601042
10849,0.29029948
10850,0.36911336
10851,0.36577776
10852,0.23718795
10853,0.26641804
10854,0.21157363
10855,0.23543656
10856,0.25122267
10857,0.22868057
10858,0.3748109
10859,0.2896281
10860,0.30670848
10861,0.22567599
10862,0.3075251
10863,0.30183324
10864,0.28086877
10865,0.24056968
10866,0.21735671
10867,0.21432757
10868,0.2577862
10869,0.26104605
10870,0.25220233
10871,0.22286765
10872,0.2766469
10873,0.20388225
10874,0.28086877
10875,0.37320238
10876,0.2867017
10877,0.2758452
10878,0.25443724
10879,0.055363275
10880,0.24880548
10881,0.28019464
10882,0.1486603
10883,0.22644767
10884,0.2627955
10885,0.26997843
10886,0.23679249
10887,0.21638305
10888,0.26997843
10889,0.21960235
10890,0.16411856
10891,0.20759204
10892,0.26997843
10893,0.17074457
10894,0.35118797
10895,0.22644767
10896,0.2225739
10897,0.17328987
10898,0.20827238
10899,0.2559
10900,0.21838441
10901,0.22723445
10902,0.22567599
10903,0.24880548
10904,0.30237737
10905,0.26997843
10906,0.24083543
10907,0.21850793
10908,0.23114708
10909,0.2949316
10910,0.2994805
10911,0.3473297
10912,0.20681223
10913,0.3075251
10914,0.30356362
10915,0.19498864
10916,0.23818025
10917,0.22078724
10918,0.29839683
10919,0.2470835
10920,0.2764882
10921,0.34809035
10922,0.28006706
10923,0.2692469
10924,0.29242307
10925,0.17979258
10926,0.21532817
10927,0.22455187
10928,0.23881379
10929,0.2366105
10930,0.2889255
10931,0.22879548
10932,0.2138985
10933,0.31566194
10934,0.2997656
10935,0.3054083
10936,0.22184463
10937,0.2509313
10938,0.22924054
10939,0.26398355
10940,0.27321643
10941,0.278688
10942,0.26621744
10943,0.14001706
10944,0.13475826
10945,0.29040998
10946,0.44278812
10947,0.1984412
10948,0.20748177
10949,0.23655629
10950,0.3473166
10951,0.18492523
10952,0.17721489
10953,0.36387724
10954,0.25356263
10955,0.34918687
10956,0.28630996
10957,0.4109462
10958,0.28086877
10959,0.3764383
10960,0.44051757
10961,0.32968482
10962,0.37664193
10963,0.2730988
10964,0.28795952
10965,0.24083543
10966,0.29365325
10967,0.21467924
10968,0.24823089
10969,0.26997843
10970,0.2540222
10971,0.28086692
10972,0.2183146
10973,0.2623648
10974,0.25253257
10975,0.21265236
10976,0.26997843
10977,0.31633723
10978,0.2400957
10979,0.26997843
10980,0.26225752
10981,0.18393733
10982,0.36155504
10983,0.27388066
10984,0.26534873
10985,0.28086877
10986,0.22084132
10987,0.24751179
10988,0.28086877
10989,0.30981976
10990,0.22422402
10991,0.3083697
10992,0.30237737
10993,0.31070414
10994,0.06280897
10995,0.3203035
10996,0.46923643
10997,0.32314545
10998,0.26350507
10999,0.30356362
11000,0.22801256
11001,0.23890884
11002,0.34682792
11003,0.22037347
11004,0.22197166
11005,0.2836624
11006,0.25037813
11007,0.2491221
11008,0.2264705
11009,0.24274507
11010,0.2852202
11011,0.26997843
11012,0.26391888
11013,0.21314368
11014,0.40490088
11015,0.25033978
11016,0.3956144
11017,0.27197725
11018,0.2301093
11019,0.24562235
11020,0.21203132
11021,0.25247788
11022,0.28086877
11023,0.27772242
11024,0.31211263
11025,0.28086877
11026,0.34757143
11027,0.2514748
11028,0.28687444
11029,0.28440163
11030,0.24083543
11031,0.2550103
11032,0.28086877
11033,0.31201878
11034,0.21717405
11035,0.28086877
11036,0.3160349
11037,0.33082837
11038,0.24831553
11039,0.31233653
11040,0.26786622
11041,0.26790002
11042,0.26147097
11043,0.23840375
11044,0.32881236
11045,0.19806984
11046,0.28141427
11047,0.23232308
11048,0.26997843
11049,0.333368
11050,0.20358264
11051,0.26997843
11052,0.29677573
11053,0.272589
11054,0.21426888
11055,0.2802234
11056,0.20036475
11057,0.2435948
11058,0.1838948
11059,0.21376769
11060,0.29385692
11061,0.20976946
11062,0.26997843
11063,0.29646057
11064,0.26087663
11065,0.21426888
11066,0.2802234
11067,0.24728546
11068,0.24341404
11069,0.24083543
11070,0.26305515
11071,0.22687912
11072,0.20588136
11073,0.26997843
11074,0.26969638
11075,0.26743823
11076,0.31360647
11077,0.3087295
11078,0.27652335
11079,0.24509926
11080,0.264422
11081,0.23215285
11082,0.33146495
11083,0.24973437
11084,0.34970897
11085,0.28540498
11086,0.2572611
11087,0.27623156
11088,0.29818162
11089,0.27293128
11090,0.2910317
11091,0.2310185
11092,0.25220707
11093,0.24206185
11094,0.40359744
11095,0.14585705
11096,0.25436202
11097,0.22259252
11098,0.36861274
11099,0.2247637
11100,0.054622073
11101,0.25629508
11102,0.2835849
11103,0.28291526
11104,0.3192896
11105,0.19833878
11106,0.19833878
11107,0.28307706
11108,0.23642746
11109,0.47867402
11110,0.2212286
11111,0.28086877
11112,0.3189713
11113,0.22819705
11114,0.27652335
11115,0.2657485
11116,0.2589149
11117,0.20812738
11118,0.2944798
11119,0.24445304
11120,0.2861349
11121,0.24060193
11122,0.34054223
11123,0.29144493
11124,0.32520396
11125,0.23860912
11126,0.26997843
11127,0.20559876
11128,0.3510936
11129,0.26997843
11130,0.29403943
11131,0.13623084
11132,0.19643
11133,0.18684754
11134,0.2037623
11135,0.1894887
11136,0.1747279
11137,0.22700603
11138,-0.044155978
11139,0.109308794
11140,0.12045405
11141,0.08475059
11142,0.14497477
11143,0.2248178
11144,0.29436657
11145,0.16426802
11146,0.19563946
11147,0.27208915
11148,-0.14722106
11149,0.1885839
11150,0.19596109
11151,0.24161717
11152,0.3262395
11153,0.14142108
11154,0.07204976
11155,0.19084929
11156,0.20429826
11157,0.19084929
11158,0.17475688
11159,0.14801636
11160,0.20998748
11161,0.17307094
11162,0.19640008
11163,0.2547103
11164,0.14436218
11165,0.19368362
11166,0.12133859
11167,0.22700603
11168,0.18702891
11169,0.2196937
11170,0.22700603
11171,0.18181352
11172,0.17585687
11173,0.2037623
11174,0.12706408
11175,0.16390046
11176,0.21907182
11177,0.18425854
11178,0.31865314
11179,0.1584032
11180,0.1312369
11181,0.17015827
11182,0.13051052
11183,0.17367356
11184,0.19263543
11185,0.21545716
11186,0.19014256
11187,0.1260249
11188,0.18270619
11189,0.15642318
11190,0.17593071
11191,0.16900234
11192,0.17590502
11193,0.23920865
11194,0.26652536
11195,0.23279138
11196,0.25324574
11197,0.20515701
11198,0.1511313
11199,0.1511313
11200,0.17178035
11201,0.14574501
11202,0.14511415
11203,0.18907426
11204,0.2037623
11205,-0.19457401
11206,0.21494035
11207,0.20774011
11208,0.13737972
11209,0.21174464
11210,0.22374582
11211,0.24661598
11212,0.24416251
11213,0.20972872
11214,0.17852852
11215,0.17590849
11216,0.1549858
11217,0.13175981
11218,0.13422385
11219,0.13373367
11220,0.14796355
11221,0.20002572
11222,0.17983633
11223,0.18232416
11224,0.2037623
11225,0.24112573
11226,0.20293431
11227,0.17183785
11228,0.20577613
11229,0.35810786
11230,0.20987694
11231,0.13737972
11232,0.21174464
11233,0.11653862
11234,0.19517717
11235,0.2037623
11236,0.27418026
11237,0.1359857
11238,0.2875335
11239,0.14334962
11240,0.18460418
11241,0.14838758
11242,0.16918232
11243,0.22460511
11244,0.17092404
11245,0.28525552
11246,0.31532198
11247,0.21670532
11248,0.18168965
11249,0.19280957
11250,0.18150009
11251,0.16532841
11252,0.13061178
11253,0.18287125
11254,0.18741038
11255,0.15672368
11256,0.19566478
11257,0.1673003
11258,0.1798251
11259,0.17936674
11260,0.19453475
11261,0.1844314
11262,0.15642063
11263,0.19790637
11264,0.1664582
11265,0.17307068
11266,0.18943723
11267,0.175176
11268,0.1932402
11269,0.17334116
11270,0.19151132
11271,0.1728648
11272,0.19373633
11273,0.18908459
11274,0.17618132
11275,0.20092802
11276,0.20925775
11277,0.18594928
11278,0.16977838
11279,0.1390855
11280,0.15268537
11281,0.16680786
11282,0.22607386
11283,0.18232453
11284,0.16713905
11285,0.1835012
11286,0.22393847
11287,0.1709671
11288,0.17203794
11289,0.14914875
11290,0.1832883
11291,0.16174343
11292,0.14999965
11293,0.2158597
11294,0.23534158
11295,0.19331005
11296,0.20046611
11297,0.19627993
11298,0.19627993
11299,0.13820735
11300,0.17962241
11301,0.16102973
11302,0.18252632
11303,0.18855593
11304,0.20795634
11305,0.16591254
11306,0.20931025
11307,0.17998202
11308,0.16651179
11309,0.18540731
11310,0.20966765
11311,0.16610591
11312,0.17028998
11313,0.17213301
11314,0.22322574
11315,0.17274645
11316,0.20501383
11317,0.2046384
11318,0.17184626
11319,0.16348727
11320,0.17136852
11321,0.15963194
11322,0.19380875
11323,0.18316665
11324,0.19772702
11325,0.18810198
11326,0.1960907
11327,0.197477
11328,0.23690443
11329,0.23701659
11330,0.14704773
11331,0.20892759
11332,0.22700603
11333,0.34203324
11334,0.17593071
11335,0.15394399
11336,0.18794575
11337,0.17852852
11338,0.2279158
11339,-0.036374945
11340,0.21317497
11341,0.15191118
11342,0.19768928
11343,0.15080595
11344,0.22212453
11345,0.27061832
11346,0.29766807
11347,0.17852852
11348,0.32126206
11349,0.1588727
11350,0.23255856
11351,0.20926948
11352,0.18951114
11353,0.18905775
11354,0.17852852
11355,0.17575073
11356,0.2202187
11357,0.18481371
11358,0.2037623
11359,0.21726021
11360,0.08722686
11361,0.12786698
11362,0.07075392
11363,0.14080498
11364,0.11086341
11365,0.14228389
11366,0.122989655
11367,0.065487236
11368,0.08098291
11369,0.0837935
11370,0.100147404
11371,0.081780784
11372,0.07174589
11373,0.12691346
11374,0.12712108
11375,0.083673574
11376,0.10950667
11377,0.12531522
11378,0.14972827
11379,0.1176471
11380,0.111403726
11381,0.11357651
11382,0.11309217
11383,0.13113795
11384,0.12207284
11385,0.090588234
11386,0.10506451
11387,0.0666422
11388,0.072119184
11389,0.11657157
11390,0.07792691
11391,0.08863855
11392,0.07382391
11393,0.09347313
11394,0.084820904
11395,0.08314714
11396,0.09831242
11397,0.06510589
11398,0.065936156
11399,0.06960501
11400,0.068816766
11401,0.075973324
11402,0.061583877
11403,0.098831736
11404,0.051684987
11405,0.07322039
11406,0.04449125
11407,0.061882187
11408,0.077280745
11409,0.07282199
11410,0.07282609
11411,0.0669917
11412,0.06856936
11413,0.07718412
11414,0.078190014
11415,0.08292867
11416,0.08376093
11417,0.08706947
11418,0.092461325
11419,0.09806432
11420,0.1064386
11421,0.12626573
11422,0.124406144
11423,0.124085665
11424,0.08511865
11425,0.08582286
11426,0.11707795
11427,0.12992182
11428,0.12295671
11429,0.088136345
11430,0.07333308
11431,0.11674613
11432,0.119097754
11433,0.110334314
11434,0.090521716
11435,0.105055705
11436,0.11665865
11437,0.054715753
11438,0.07837082
11439,0.0846533
11440,0.08348781
11441,0.08099477
11442,0.102453806
11443,0.1031975
11444,0.11341629
11445,0.10057893
11446,0.16537265
11447,0.057748415
11448,0.07206411
11449,0.056183636
11450,0.056965463
11451,0.07735731
11452,0.077720165
11453,0.078555465
11454,0.07622938
11455,0.16271487
11456,0.26456666
11457,0.17962793
11458,0.22144902
11459,0.1504524
11460,0.20817009
11461,0.15988164
11462,0.10764773
11463,0.14279705
11464,0.2652828
11465,0.1871932
11466,0.19476871
11467,0.16877536
11468,0.17745894
11469,0.2037623
11470,0.29753435
11471,0.16647077
11472,0.25787026
11473,0.121919654
11474,0.27535897
11475,0.30844945
11476,0.16429864
11477,0.17508489
11478,0.15379818
11479,0.16035789
11480,0.18811259
11481,0.16760376
11482,0.26400417
11483,0.21925321
11484,0.2543072
11485,0.16900234
11486,0.25462493
11487,0.2032195
11488,0.22700603
11489,0.09899316
11490,0.16845322
11491,-0.0111802695
11492,0.17144573
11493,0.19196412
11494,0.1415166
11495,0.16453321
11496,0.15930006
11497,0.15153529
11498,0.22700603
11499,0.3256679
11500,0.22111645
11501,0.18706997
11502,0.18357784
11503,-0.099670045
11504,0.17590502
11505,0.20447615
11506,0.04984962
11507,0.16941205
11508,0.20719758
11509,0.2037623
11510,0.17183785
11511,0.13940324
11512,0.2037623
11513,0.16219321
11514,0.096831925
11515,0.12848136
11516,0.2037623
11517,0.11653862
11518,0.2240425
11519,0.16941205
11520,0.1571103
11521,0.09949964
11522,0.14861766
11523,0.18232416
11524,0.1549858
11525,0.17593071
11526,0.16900234
11527,0.17590502
11528,0.23920865
11529,0.2037623
11530,0.17852852
11531,0.15665
11532,0.16393447
11533,0.20737974
11534,0.24211542
11535,0.24656725
11536,0.14511415
11537,0.25462493
11538,0.24057944
11539,0.13175981
11540,0.16537306
11541,0.14702861
11542,0.229852
11543,0.17293736
11544,0.19861078
11545,0.20071988
11546,0.20127249
11547,0.1865464
11548,0.2336874
11549,0.112982094
11550,0.14294377
11551,0.14788744
11552,0.1527516
11553,0.1570871
11554,0.22722192
11555,0.15693456
11556,0.14168909
11557,0.2165968
11558,0.20825157
11559,0.23153086
11560,0.11039369
11561,0.2152714
11562,0.14940564
11563,0.18700731
11564,0.2139624
11565,0.21494038
11566,0.19977196
11567,-0.038825285
11568,0.061796725
11569,0.25071114
11570,0.35046938
11571,0.1332936
11572,0.14218608
11573,0.1621872
11574,0.28282604
11575,0.093741015
11576,0.09341743
11577,0.28815
11578,0.1785976
11579,0.2584899
11580,0.22039075
11581,0.33937928
11582,0.22700603
11583,0.31375864
11584,0.3450386
11585,0.2632904
11586,0.30548495
11587,0.17987932
11588,0.12982465
11589,0.17852852
11590,0.239639
11591,0.149745
11592,0.19043712
11593,0.2037623
11594,0.1904047
11595,0.22167893
11596,0.14888057
11597,0.19146144
11598,0.18464625
11599,0.15529406
11600,0.2037623
11601,0.21617718
11602,0.16556334
11603,0.2037623
11604,0.18162408
11605,0.1151704
11606,0.2657395
11607,0.20325164
11608,0.16181847
11609,0.22700603
11610,0.08816161
11611,0.15977442
11612,0.22700603
11613,0.23323464
11614,0.16120027
11615,0.22306685
11616,0.23920865
11617,0.24676919
11618,-0.082765624
11619,0.23298998
11620,0.37312123
11621,0.2325358
11622,0.19547315
11623,0.24057944
11624,0.15439883
11625,0.16212638
11626,0.25104207
11627,0.14700374
11628,0.14812525
11629,0.096218444
11630,0.1844672
11631,0.18419604
11632,0.1708521
11633,0.18024373
11634,0.22079214
11635,0.2037623
11636,0.1944731
11637,0.14019302
11638,0.3261947
11639,0.18974617
11640,0.23536567
11641,0.20660749
11642,0.16387257
11643,0.17579019
11644,0.15101352
11645,0.16508517
11646,0.22700603
11647,0.16438007
11648,0.25261027
11649,0.22700603
11650,0.22974849
11651,0.18770371
11652,0.20799676
11653,0.20542672
11654,0.17852852
11655,0.18482803
11656,0.22700603
11657,0.103015915
11658,0.16305059
11659,0.22700603
11660,0.23422591
11661,0.2673672
11662,0.17593887
11663,0.24865218
11664,0.17863871
11665,0.20392008
11666,0.19701365
11667,0.18819848
11668,0.20054774
11669,-0.044919915
11670,-0.06200964
11671,0.16484399
11672,0.2037623
11673,0.2533534
11674,0.13985822
11675,0.2037623
11676,0.23088472
11677,0.20774011
11678,0.13737972
11679,0.22530404
11680,0.13167703
11681,0.1944385
11682,0.124184705
11683,0.15764463
11684,0.22460511
11685,0.15009241
11686,0.2037623
11687,0.23465744
11688,0.20337777
11689,0.13737972
11690,0.22530404
11691,0.18450293
11692,0.18298896
11693,0.17852852
11694,0.1920249
11695,0.16283247
11696,0.13482316
11697,0.2037623
11698,0.20317197
11699,0.1739529
11700,0.2573581
11701,0.22416203
11702,0.2148366
11703,0.19003825
11704,0.20689344
11705,0.17599058
11706,0.25651348
11707,0.15316264
11708,0.27273175
11709,0.19543552
11710,0.18674313
11711,0.20165749
11712,0.22158313
11713,0.17619824
11714,0.22602586
11715,0.13864318
11716,0.19039305
11717,0.18400231
11718,0.27356702
11719,0.083644725
11720,0.19596109
11721,0.1648039
11722,0.20062241
11723,0.1644824
11724,-0.16010337
11725,0.19333442
11726,0.2217766
11727,0.22010764
11728,0.24652275
11729,0.1324971
11730,0.1324971
11731,0.22867107
11732,0.18213475
11733,0.34241578
11734,0.1458726
11735,0.22700603
11736,0.22424445
11737,0.1804305
11738,0.2148366
11739,0.21262737
11740,0.119359374
11741,0.16015089
11742,0.18713658
11743,0.16821972
11744,0.16388425
11745,0.18005583
11746,0.26498947
11747,0.21363151
11748,0.20158264
11749,0.17766678
11750,0.2037623
11751,0.14412752
11752,0.27964252
11753,0.2037623
11754,0.23894556
11755,0.076758265
11756,0.051379323
11757,0.053383898
11758,0.009173083
11759,0.042270083
11760,0.10605474
11761,0.09461547
11762,0.018420111
11763,0.08816667
11764,0.06204305
11765,0.08838954
11766,0.15487622
11767,-0.021860976
11768,-0.03478954
11769,-0.006287068
11770,-0.047328282
11771,-0.048088275
11772,-0.047863554
11773,-0.048088275
11774,-0.04296446
11775,-0.037657797
11776,-0.0067055165
11777,-0.037292622
11778,-0.049313277
11779,-0.05540173
11780,-0.047506206
11781,-0.040575314
11782,-0.042381287
11783,-0.035670362
11784,-0.03381592
11785,-0.012256819
11786,0.017982174
11787,0.018347764
11788,0.029268384
11789,0.023435807
11790,0.026952732
11791,0.03232039
11792,0.0018458128
11793,0.019080317
11794,0.01202625
11795,0.016978312
11796,0.015806329
11797,0.0258963
11798,0.022600006
11799,0.040690653
11800,0.033043317
11801,-0.026485229
11802,0.029050767
11803,0.037729483
11804,0.0155997155
11805,0.018985605
11806,0.025187587
11807,0.019979423
11808,0.030919868
11809,0.07429976
11810,-0.00041203498
11811,0.0021577955
11812,-0.014567757
11813,0.013812291
11814,0.021837663
11815,0.018084269
11816,0.06900263
11817,0.00064419507
11818,-0.02563113
11819,0.011532498
11820,0.042582195
11821,0.025023753
11822,0.021150041
11823,0.0059319017
11824,0.016960632
11825,0.026134133
11826,0.013456469
11827,0.056830227
11828,0.029644698
11829,0.018999327
11830,0.011367214
11831,0.03024975
11832,0.018290687
11833,0.01444794
11834,0.041880153
11835,0.014432395
11836,0.08255516
11837,0.014432395
11838,0.016194034
11839,0.023991192
11840,0.014432395
11841,0.03306461
11842,-0.0029409528
11843,-0.020881135
11844,0.026976902
11845,-0.0013332606
11846,0.012293041
11847,0.020348798
11848,-0.003206086
11849,0.022330856
11850,0.024367929
11851,0.031861067
11852,0.0006107807
11853,-0.0033843457
11854,0.023312574
11855,0.031078875
11856,0.06756292
11857,0.0795458
11858,0.047738492
11859,0.01395787
11860,0.035173677
11861,0.02946049
11862,0.045111157
11863,0.03136065
11864,0.024532843
11865,0.021780718
11866,0.016209805
11867,0.008578372
11868,0.03853634
11869,0.01196295
11870,-0.020539671
11871,0.017375786
11872,0.021837676
11873,0.03464241
11874,0.026091028
11875,0.03529495
11876,0.08049472
11877,0.025821382
11878,0.013759756
11879,0.029952776
11880,0.037871204
11881,0.016107459
11882,0.041430652
11883,0.037606083
11884,0.048331004
11885,0.025712311
11886,0.012060022
11887,0.027262699
11888,0.019037675
11889,0.048997812
11890,-0.023561502
11891,-0.04118731
11892,0.013825369
11893,-0.0343735
11894,0.03322327
11895,0.048368298
11896,0.042891584
11897,0.026013637
11898,0.027029503
11899,0.024903214
11900,-0.026720893
11901,0.029823566
11902,0.010597187
11903,-0.0093843695
11904,0.03070823
11905,0.02145183
11906,0.01890638
11907,0.026586603
11908,0.007310325
11909,0.00694679
11910,0.015196526
11911,0.026145697
11912,0.031883262
11913,-0.0029486238
11914,0.049255203
11915,0.00912832
11916,0.001521945
11917,0.009138608
11918,-0.024935901
11919,-0.020216828
11920,0.0067807795
11921,-0.012277329
11922,0.024161851
11923,0.03741453
11924,0.04296999
11925,0.023773957
11926,-0.0054612635
11927,0.0026670217
11928,-0.015370453
11929,0.013813412
11930,0.043503463
11931,-0.03342966
11932,0.04675436
11933,0.019829452
11934,0.04675436
11935,-0.020649243
11936,0.09760411
11937,0.056556083
11938,0.02880622
11939,0.013711119
11940,0.056556083
11941,0.02880622
11942,-0.021012658
11943,0.037091874
11944,-0.003629756
11945,0.014655054
11946,-0.030638944
11947,-0.030638944
11948,-0.030638944
11949,0.023286235
11950,0.015177119
11951,0.011513626
11952,-0.02954502
11953,-0.023708928
11954,-0.049529918
11955,-0.0015285015
11956,-0.013991654
11957,-0.017705966
11958,0.028533954
11959,0.07389581
11960,-0.01377331
11961,-0.010802436
11962,-0.0068367245
11963,-0.01512593
11964,0.063245945
11965,-0.00075154303
11966,0.07067719
11967,0.1133255
11968,-0.04193858
11969,0.030613791
11970,0.011827218
11971,-0.00078571436
11972,-0.049256705
11973,-0.005232787
11974,0.054551285
11975,0.04489577
11976,-0.037307978
11977,0.03764373
11978,0.0028125285
11979,0.02265818
11980,0.111286625
11981,-0.06043166
11982,-0.07403699
11983,-0.043997835
11984,-0.087388374
11985,-0.08594022
11986,-0.08724805
11987,-0.08594022
11988,-0.08907546
11989,-0.08152016
11990,-0.05456821
11991,-0.076436915
11992,-0.091091774
11993,-0.09608451
11994,-0.090309925
11995,-0.08526329
11996,-0.08726449
11997,-0.08163758
11998,-0.07806389
11999,-0.05659418
12000,-0.022304963
12001,-0.021694982
12002,-0.01633389
12003,-0.021985602
12004,-0.019215334
12005,-0.012168622
12006,-0.04187844
12007,-0.03116176
12008,-0.031858183
12009,-0.029688
12010,-0.024633635
12011,-0.012593633
12012,-0.025891459
12013,-0.009814036
12014,-0.01623422
12015,-0.07933773
12016,-0.01975597
12017,-0.0068196417
12018,-0.033624314
12019,-0.02961576
12020,-0.018492747
12021,-0.019306976
12022,-0.00539093
12023,0.02090379
12024,-0.04359863
12025,-0.048947502
12026,-0.065493606
12027,-0.030254852
12028,-0.019110477
12029,-0.023766946
12030,0.014248264
12031,-0.054982733
12032,-0.06605619
12033,-0.02398641
12034,-0.0034747361
12035,-0.019036079
12036,-0.02387532
12037,-0.032045245
12038,-0.021953821
12039,-0.020162772
12040,-0.02886573
12041,0.011597073
12042,-0.013451373
12043,-0.023023402
12044,-0.037214875
12045,-0.015924776
12046,-0.03339702
12047,-0.02670697
12048,-0.009990442
12049,-0.03829906
12050,0.028694022
12051,-0.03829906
12052,-0.028274477
12053,-0.022243153
12054,-0.03829906
12055,-0.013438034
12056,-0.053420354
12057,-0.06288429
12058,-0.01173904
12059,-0.041290604
12060,-0.028701473
12061,-0.028573131
12062,-0.0402794
12063,-0.02707852
12064,-0.009851193
12065,-0.010042536
12066,-0.041590966
12067,-0.04514735
12068,-0.010281647
12069,-0.0031346083
12070,0.036890518
12071,0.022672463
12072,-0.0011552334
12073,-0.028889727
12074,-0.011489904
12075,-0.016403437
12076,-0.006194353
12077,-0.004807508
12078,-0.015877653
12079,-0.018338108
12080,-0.021551859
12081,-0.029221367
12082,-0.011044228
12083,-0.026581788
12084,-0.061068248
12085,-0.01909182
12086,-0.019110477
12087,-0.014745343
12088,-0.018149579
12089,-0.00689888
12090,0.02595644
12091,-0.018841017
12092,-0.030087482
12093,-0.016952682
12094,-0.0069612265
12095,-0.018715244
12096,-0.0011130333
12097,-0.007886052
12098,0.005110681
12099,-0.020741154
12100,-0.03212292
12101,-0.012983906
12102,-0.027767133
12103,0.008349687
12104,-0.05882427
12105,-0.086208045
12106,-0.030878818
12107,-0.07816793
12108,-0.011948669
12109,0.003241682
12110,-0.00040005444
12111,-0.022576224
12112,-0.017825317
12113,-0.023352325
12114,-0.06416072
12115,-0.0146277305
12116,-0.03691529
12117,-0.04807199
12118,-0.014957261
12119,-0.026102161
12120,-0.043592215
12121,-0.02015618
12122,-0.03166015
12123,-0.027805615
12124,-0.031566907
12125,-0.021608984
12126,-0.013175821
12127,-0.044159222
12128,0.0090253595
12129,-0.024898732
12130,-0.04132955
12131,-0.03749888
12132,-0.06708796
12133,-0.060100675
12134,-0.035632502
12135,-0.055414904
12136,-0.015528428
12137,-0.010574723
12138,-0.007960236
12139,-0.022490691
12140,-0.046082865
12141,-0.04164964
12142,-0.058648538
12143,-0.031283535
12144,0.0036890507
12145,-0.07889024
12146,0.0105750915
12147,-0.0327513
12148,0.0105750915
12149,-0.06368448
12150,0.052999187
12151,0.021503191
12152,-0.020129632
12153,-0.037673224
12154,0.021503191
12155,-0.020129632
12156,-0.06293298
12157,-0.0132406475
12158,-0.0542683
12159,-0.037611805
12160,-0.07669219
12161,-0.07669219
12162,-0.07669219
12163,-0.02324605
12164,-0.03337456
12165,-0.037490167
12166,-0.07627932
12167,-0.06732851
12168,-0.09616717
12169,-0.04408791
12170,-0.06394861
12171,-0.06233958
12172,-0.009854943
12173,0.029916644
12174,-0.05982388
12175,-0.058207713
12176,-0.05622735
12177,-0.058404017
12178,0.022322398
12179,-0.05216839
12180,0.021573996
12181,0.062701
12182,-0.08671631
12183,-0.040549375
12184,0.065836236
12185,-0.09865494
12186,-0.114258096
12187,-0.08093774
12188,-0.1287317
12189,-0.12528935
12190,-0.12840492
12191,-0.12528935
12192,-0.1350401
12193,-0.12647429
12194,-0.10332604
12195,-0.11540226
12196,-0.13160893
12197,-0.13686338
12198,-0.13283873
12199,-0.13033822
12200,-0.1324947
12201,-0.12644775
12202,-0.12114121
12203,-0.09557297
12204,-0.06139319
12205,-0.05891323
12206,-0.05821041
12207,-0.06260954
12208,-0.061906658
12209,-0.054959048
12210,-0.08527937
12211,-0.073955275
12212,-0.07477579
12213,-0.07310977
12214,-0.06493288
12215,-0.050484587
12216,-0.06298634
12217,-0.05267031
12218,-0.058085524
12219,-0.12409379
12220,-0.06349613
12221,-0.04908023
12222,-0.07824071
12223,-0.07217789
12224,-0.06048702
12225,-0.06500524
12226,-0.04605774
12227,-0.025833856
12228,-0.08661477
12229,-0.09371555
12230,-0.10829451
12231,-0.0788186
12232,-0.05839479
12233,-0.07366798
12234,-0.03291496
12235,-0.09915185
12236,-0.103285395
12237,-0.058445107
12238,-0.05047115
12239,-0.070276424
12240,-0.06711195
12241,-0.06234642
12242,-0.05735383
12243,-0.06196319
12244,-0.07027056
12245,-0.027112126
12246,-0.056272067
12247,-0.063430786
12248,-0.08274567
12249,-0.059478603
12250,-0.078005925
12251,-0.063493416
12252,-0.05567806
12253,-0.08314075
12254,-0.021037232
12255,-0.08314075
12256,-0.06751595
12257,-0.06337966
12258,-0.08314075
12259,-0.05495093
12260,-0.09723002
12261,-0.10462066
12262,-0.049891412
12263,-0.07859552
12264,-0.06816081
12265,-0.07253327
12266,-0.07948609
12267,-0.070867695
12268,-0.042606793
12269,-0.05094453
12270,-0.08225366
12271,-0.08528529
12272,-0.04319054
12273,-0.03560531
12274,-0.0026422858
12275,-0.027610552
12276,-0.04258448
12277,-0.06523025
12278,-0.051905166
12279,-0.057024516
12280,-0.04995655
12281,-0.03975011
12282,-0.053153194
12283,-0.05700152
12284,-0.06450094
12285,-0.06268714
12286,-0.053415634
12287,-0.060722433
12288,-0.0954381
12289,-0.05564331
12290,-0.0583948
12291,-0.057569552
12292,-0.058938444
12293,-0.047850035
12294,-0.022188295
12295,-0.06164805
12296,-0.071922265
12297,-0.060320128
12298,-0.04938978
12299,-0.055994652
12300,-0.041513085
12301,-0.046850454
12302,-0.034572374
12303,-0.061366547
12304,-0.07416135
12305,-0.05160574
12306,-0.07053473
12307,-0.027033627
12308,-0.09379612
12309,-0.12432003
12310,-0.065923
12311,-0.112091124
12312,-0.05414784
12313,-0.038829207
12314,-0.04158784
12315,-0.06325291
12316,-0.06060536
12317,-0.06604008
12318,-0.09382756
12319,-0.05790758
12320,-0.074944615
12321,-0.08178
12322,-0.05697454
12323,-0.06583718
12324,-0.092800274
12325,-0.06255905
12326,-0.06687758
12327,-0.06162696
12328,-0.07211812
12329,-0.06470773
12330,-0.056061745
12331,-0.078888275
12332,-0.024141997
12333,-0.05902971
12334,-0.0834883
12335,-0.08050768
12336,-0.10097792
12337,-0.09247907
12338,-0.07481013
12339,-0.0945624
12340,-0.056265842
12341,-0.05608499
12342,-0.049478304
12343,-0.06430044
12344,-0.0838929
12345,-0.08505672
12346,-0.09450958
12347,-0.07481034
12348,-0.035743795
12349,-0.117655896
12350,-0.029617285
12351,-0.07665832
12352,-0.029617285
12353,-0.10187811
12354,0.01117636
12355,-0.016813338
12356,-0.06005957
12357,-0.078415655
12358,-0.016813338
12359,-0.06005957
12360,-0.10453018
12361,-0.05695529
12362,-0.09809761
12363,-0.07824352
12364,-0.118377134
12365,-0.118377134
12366,-0.118377134
12367,-0.06760615
12368,-0.08687912
12369,-0.08065957
12370,-0.11830455
12371,-0.11326529
12372,-0.13690472
12373,-0.080149576
12374,-0.10527529
12375,-0.09748647
12376,-0.045546304
12377,-0.011657596
12378,-0.09523787
12379,-0.09677354
12380,-0.097449444
12381,-0.09576718
12382,-0.01577732
12383,-0.094701745
12384,-0.029002666
12385,0.019533325
12386,-0.13181058
12387,-0.1162279
12388,0.012013197
12389,-0.14015588
12390,-0.15529074
12391,-0.1281347
12392,-0.17043558
12393,-0.16340217
12394,-0.1671051
12395,-0.16340217
12396,-0.1807315
12397,-0.17196766
12398,-0.15750912
12399,-0.1627102
12400,-0.17421338
12401,-0.18103132
12402,-0.17802414
12403,-0.1734319
12404,-0.17603147
12405,-0.1709963
12406,-0.16378425
12407,-0.1418148
12408,-0.1082814
12409,-0.100930646
12410,-0.10564139
12411,-0.10670259
12412,-0.109170005
12413,-0.10200858
12414,-0.13299587
12415,-0.121160135
12416,-0.12448446
12417,-0.123371065
12418,-0.10462576
12419,-0.093013726
12420,-0.10434917
12421,-0.10146066
12422,-0.10501353
12423,-0.16972442
12424,-0.11187227
12425,-0.095516406
12426,-0.12119285
12427,-0.12081367
12428,-0.10913855
12429,-0.13180955
12430,-0.101510584
12431,-0.0705656
12432,-0.13531493
12433,-0.14468272
12434,-0.14759307
12435,-0.13945818
12436,-0.10035411
12437,-0.13317129
12438,-0.08391174
12439,-0.14551635
12440,-0.14559147
12441,-0.10496694
12442,-0.097749114
12443,-0.11995453
12444,-0.11547545
12445,-0.09789841
12446,-0.09851632
12447,-0.11040139
12448,-0.120311394
12449,-0.078095816
12450,-0.108681165
12451,-0.110660374
12452,-0.13932626
12453,-0.1065353
12454,-0.12613755
12455,-0.115370885
12456,-0.105694845
12457,-0.1268951
12458,-0.06635302
12459,-0.1268951
12460,-0.11366546
12461,-0.11097356
12462,-0.1268951
12463,-0.104875125
12464,-0.1487439
12465,-0.15230884
12466,-0.09975728
12467,-0.11794829
12468,-0.111860156
12469,-0.11531977
12470,-0.12172885
12471,-0.11331992
12472,-0.07829996
12473,-0.095241144
12474,-0.12560934
12475,-0.12842998
12476,-0.07725406
12477,-0.070696734
12478,-0.048347104
12479,-0.08223526
12480,-0.08953105
12481,-0.105841376
12482,-0.09691622
12483,-0.106014326
12484,-0.098273955
12485,-0.0834194
12486,-0.09468062
12487,-0.10226147
12488,-0.11675842
12489,-0.1054155
12490,-0.10232462
12491,-0.10463548
12492,-0.13344769
12493,-0.10104916
12494,-0.10035415
12495,-0.10640107
12496,-0.10305406
12497,-0.09044175
12498,-0.081059374
12499,-0.10756248
12500,-0.11847677
12501,-0.10585183
12502,-0.09546914
12503,-0.101228856
12504,-0.08677318
12505,-0.09225173
12506,-0.078996435
12507,-0.10952477
12508,-0.1204005
12509,-0.09510042
12510,-0.11824717
12511,-0.070638046
12512,-0.1355379
12513,-0.16198467
12514,-0.11119549
12515,-0.15346122
12516,-0.10126428
12517,-0.08229369
12518,-0.086044684
12519,-0.11079341
12520,-0.10364075
12521,-0.112911955
12522,-0.13232425
12523,-0.104235545
12524,-0.11849632
12525,-0.12518242
12526,-0.104980625
12527,-0.10781177
12528,-0.14022465
12529,-0.110004485
12530,-0.10871241
12531,-0.10619609
12532,-0.11842953
12533,-0.11140931
12534,-0.10423239
12535,-0.11752011
12536,-0.0626088
12537,-0.10417565
12538,-0.13181287
12539,-0.13054764
12540,-0.13776912
12541,-0.13821743
12542,-0.12471993
12543,-0.13777271
12544,-0.106508374
12545,-0.10385827
12546,-0.09080328
12547,-0.11430415
12548,-0.122607805
12549,-0.13249084
12550,-0.14158654
12551,-0.12349304
12552,-0.09052849
12553,-0.1575555
12554,-0.08206622
12555,-0.124976255
12556,-0.08206622
12557,-0.15173402
12558,-0.032152165
12559,-0.063228354
12560,-0.102693066
12561,-0.123228505
12562,-0.063228354
12563,-0.102693066
12564,-0.15582173
12565,-0.106717184
12566,-0.14994124
12567,-0.12306436
12568,-0.15808202
12569,-0.15808202
12570,-0.15808202
12571,-0.12257739
12572,-0.14678437
12573,-0.12825164
12574,-0.15719502
12575,-0.16360185
12576,-0.173335
12577,-0.119609356
12578,-0.1610016
12579,-0.13829853
12580,-0.09429996
12581,-0.062049042
12582,-0.13304594
12583,-0.13559839
12584,-0.1367554
12585,-0.13464244
12586,-0.0544068
12587,-0.13516526
12588,-0.07723449
12589,-0.028039485
12590,-0.17533985
12591,-0.24824902
12592,-0.0673679
12593,-0.20125404
12594,-0.21240649
12595,-0.20424691
12596,-0.22687387
12597,-0.21788856
12598,-0.22045283
12599,-0.21788856
12600,-0.24021795
12601,-0.23211965
12602,-0.22753477
12603,-0.2873694
12604,-0.22784857
12605,-0.2374852
12606,-0.23137574
12607,-0.23199049
12608,-0.23293395
12609,-0.23188391
12610,-0.22308731
12611,-0.20568533
12612,-0.17388895
12613,-0.16936536
12614,-0.17453766
12615,-0.17451686
12616,-0.17914228
12617,-0.17023787
12618,-0.20113671
12619,-0.18761149
12620,-0.19369897
12621,-0.1914752
12622,-0.16443203
12623,-0.15138726
12624,-0.17109665
12625,-0.1740673
12626,-0.17660177
12627,-0.22906275
12628,-0.19285128
12629,-0.16323076
12630,-0.17918245
12631,-0.1957294
12632,-0.17849669
12633,-0.2242446
12634,-0.18035859
12635,-0.13530208
12636,-0.20322168
12637,-0.20519361
12638,-0.1991256
12639,-0.2314864
12640,-0.1655758
12641,-0.22373128
12642,-0.15892854
12643,-0.20831685
12644,-0.20377406
12645,-0.17641637
12646,-0.16329345
12647,-0.17791006
12648,-0.18474415
12649,-0.1649907
12650,-0.16267428
12651,-0.18653879
12652,-0.20265356
12653,-0.15313742
12654,-0.18025771
12655,-0.1914974
12656,-0.21882431
12657,-0.17850098
12658,-0.19996043
12659,-0.20087719
12660,-0.18761787
12661,-0.18618897
12662,-0.12263528
12663,-0.18618897
12664,-0.17547673
12665,-0.18233642
12666,-0.18618897
12667,-0.17676225
12668,-0.22601393
12669,-0.2203352
12670,-0.16609699
12671,-0.17549089
12672,-0.17081702
12673,-0.17282744
12674,-0.18629435
12675,-0.17081074
12676,-0.14224869
12677,-0.15572599
12678,-0.18839729
12679,-0.19148418
12680,-0.13485625
12681,-0.14167729
12682,-0.11717522
12683,-0.15805176
12684,-0.15779546
12685,-0.16530795
12686,-0.16211243
12687,-0.17618461
12688,-0.17037734
12689,-0.14926681
12690,-0.15365818
12691,-0.1672848
12692,-0.19348358
12693,-0.16287506
12694,-0.17546669
12695,-0.1627348
12696,-0.18613061
12697,-0.16554631
12698,-0.16557583
12699,-0.18043095
12700,-0.17013392
12701,-0.15742901
12702,-0.16480753
12703,-0.17611644
12704,-0.18603198
12705,-0.1694329
12706,-0.1612499
12707,-0.16511549
12708,-0.15381071
12709,-0.15849774
12710,-0.14875722
12711,-0.1718519
12712,-0.18799551
12713,-0.16338854
12714,-0.19400707
12715,-0.14266287
12716,-0.2007123
12717,-0.21658453
12718,-0.17398031
12719,-0.2080504
12720,-0.16955169
12721,-0.14944799
12722,-0.1551722
12723,-0.17496243
12724,-0.16838835
12725,-0.17566012
12726,-0.19590469
12727,-0.17200111
12728,-0.1917642
12729,-0.19661492
12730,-0.17407253
12731,-0.16727015
12732,-0.19846219
12733,-0.18095285
12734,-0.1692655
12735,-0.1739732
12736,-0.18386295
12737,-0.17454758
12738,-0.17305665
12739,-0.17629161
12740,-0.13150802
12741,-0.17629406
12742,-0.20068724
12743,-0.20995946
12744,-0.19004689
12745,-0.2066082
12746,-0.20584457
12747,-0.19739279
12748,-0.17921767
12749,-0.17210253
12750,-0.15604734
12751,-0.18491873
12752,-0.17481582
12753,-0.20030093
12754,-0.21189833
12755,-0.19228594
12756,-0.16742736
12757,-0.2133911
12758,-0.14041054
12759,-0.19176346
12760,-0.14041054
12761,-0.22274609
12762,-0.09873016
12763,-0.13581637
12764,-0.1677675
12765,-0.18656722
12766,-0.13581637
12767,-0.1677675
12768,-0.22967367
12769,-0.17567226
12770,-0.2275414
12771,-0.18641558
12772,-0.2151967
12773,-0.2151967
12774,-0.2151967
12775,-0.1965953
12776,-0.22446485
12777,-0.19705115
12778,-0.21445286
12779,-0.23491411
12780,-0.22570309
12781,-0.17562748
12782,-0.22576618
12783,-0.19573906
12784,-0.17231944
12785,-0.1335667
12786,-0.18748386
12787,-0.18775086
12788,-0.19123504
12789,-0.18721627
12790,-0.101508364
12791,-0.19186419
12792,-0.13455881
12793,-0.09481273
12794,-0.23207414
12795,0.3087573
12796,0.278413
12797,0.37289044
12798,0.3399778
12799,0.50014246
12800,0.44477758
12801,0.40290746
12802,0.319043
12803,0.36924857
12804,0.3559639
12805,0.47601375
12806,0.4028159
12807,0.3089481
12808,0.29108348
12809,0.32409525
12810,0.25960147
12811,0.2969523
12812,0.28268003
12813,0.2969523
12814,0.23662968
12815,0.23870268
12816,0.2736935
12817,0.32050985
12818,0.2516704
12819,0.24066338
12820,0.23407194
12821,0.21500388
12822,0.22629395
12823,0.2236783
12824,0.26246208
12825,0.25891295
12826,0.37271157
12827,0.2757228
12828,0.21271357
12829,0.2631715
12830,0.2195398
12831,0.2315695
12832,0.20515172
12833,0.23749916
12834,0.22161683
12835,0.22135723
12836,0.29063538
12837,0.2554323
12838,0.22468916
12839,0.23018897
12840,0.23587947
12841,0.2918367
12842,0.22013068
12843,0.24539638
12844,0.28260595
12845,0.23047385
12846,0.24893579
12847,0.3581151
12848,0.32264948
12849,0.43210584
12850,0.20353809
12851,0.28163475
12852,0.34235004
12853,0.31649715
12854,0.27209252
12855,0.32087067
12856,0.29031315
12857,0.31009376
12858,0.28518888
12859,0.33964676
12860,0.2865147
12861,0.33346403
12862,0.24370734
12863,0.29522583
12864,0.26725364
12865,0.21064845
12866,0.29053855
12867,0.30206302
12868,0.27166334
12869,0.29733926
12870,0.28294414
12871,0.26793152
12872,0.2676968
12873,0.3183241
12874,0.24636135
12875,0.27576667
12876,0.5185917
12877,0.27576667
12878,0.27825624
12879,0.28460485
12880,0.27576667
12881,0.274625
12882,0.26804933
12883,0.30506662
12884,0.28319085
12885,0.28702608
12886,0.28358102
12887,0.2789369
12888,0.29386002
12889,0.2849395
12890,0.32898074
12891,0.28360325
12892,0.29948163
12893,0.3027237
12894,0.31994
12895,0.3329537
12896,0.35021648
12897,0.37111923
12898,0.25350416
12899,0.26566583
12900,0.22711635
12901,0.21541247
12902,0.2384388
12903,0.29256344
12904,0.2748345
12905,0.23004326
12906,0.3158012
12907,0.28522354
12908,0.2290014
12909,0.28353253
12910,0.36541805
12911,0.38725686
12912,0.27209252
12913,0.22302838
12914,0.27165526
12915,0.2611687
12916,0.31883192
12917,0.21948862
12918,0.19766793
12919,0.22920342
12920,0.2857593
12921,0.38730973
12922,0.2825575
12923,0.27252823
12924,0.26041645
12925,0.23928729
12926,0.19729976
12927,0.28107253
12928,0.26219064
12929,0.4446895
12930,0.30557215
12931,0.30939013
12932,0.24733162
12933,0.35543323
12934,0.22565775
12935,0.28486925
12936,0.2544846
12937,0.24359448
12938,0.28650373
12939,0.24629036
12940,0.31632167
12941,0.22718653
12942,0.28958067
12943,0.2910129
12944,0.22541979
12945,0.27937406
12946,0.31414607
12947,0.22082719
12948,0.39792776
12949,0.32758865
12950,0.25757155
12951,0.23423076
12952,0.2312686
12953,0.39654857
12954,0.35061044
12955,0.32031736
12956,0.19191094
12957,0.27571058
12958,0.3478547
12959,0.31230277
12960,0.2844809
12961,0.27500063
12962,0.2906546
12963,0.27299303
12964,0.33582813
12965,0.22540095
12966,0.47383595
12967,0.20304039
12968,0.31741002
12969,0.220263
12970,0.30935016
12971,0.32138306
12972,0.34294215
12973,0.23336907
12974,0.34294215
12975,0.27900583
12976,0.37520996
12977,0.38567355
12978,0.2729049
12979,0.24609558
12980,0.38567355
12981,0.2729049
12982,0.31015864
12983,0.26375824
12984,0.26767325
12985,0.24958067
12986,0.3063392
12987,0.3063392
12988,0.3063392
12989,0.29269895
12990,0.2888843
12991,0.21729049
12992,0.30855265
12993,0.27696198
12994,0.9003312
12995,0.37145767
12996,0.28074512
12997,0.35894346
12998,0.36032248
12999,0.33851904
13000,0.362783
13001,0.36418205
13002,0.34974387
13003,0.37335142
13004,0.5052206
13005,0.35355678
13006,0.4663694
13007,0.40167695
13008,0.22565456
13009,0.26839703
13010,0.24544354
13011,0.32417595
13012,0.2899611
13013,0.43949643
13014,0.404828
13015,0.34989482
13016,0.28147203
13017,0.31482735
13018,0.31286055
13019,0.424928
13020,0.3706302
13021,0.26228112
13022,0.24428053
13023,0.27852154
13024,0.2197937
13025,0.24682374
13026,0.2396373
13027,0.24682374
13028,0.19250396
13029,0.19575122
13030,0.21785018
13031,0.2634353
13032,0.21426849
13033,0.20782796
13034,0.19717932
13035,0.17239869
13036,0.1866449
13037,0.18274875
13038,0.22248188
13039,0.21509743
13040,0.32283285
13041,0.2423236
13042,0.17099392
13043,0.22232394
13044,0.17847304
13045,0.18906972
13046,0.1649014
13047,0.18609399
13048,0.18085547
13049,0.17809527
13050,0.26462847
13051,0.21667981
13052,0.18026014
13053,0.18428631
13054,0.19415225
13055,0.2487901
13056,0.17741218
13057,0.20591788
13058,0.23360991
13059,0.18926345
13060,0.20879254
13061,0.31639323
13062,0.29467243
13063,0.37180907
13064,0.1645108
13065,0.23627596
13066,0.30167875
13067,0.26828504
13068,0.23735149
13069,0.27717528
13070,0.23752598
13071,0.2643379
13072,0.2477108
13073,0.31481737
13074,0.24512367
13075,0.2630674
13076,0.2013791
13077,0.2617182
13078,0.22923136
13079,0.1696538
13080,0.25135344
13081,0.26081118
13082,0.23143855
13083,0.26026782
13084,0.2345244
13085,0.22664157
13086,0.2209462
13087,0.28305984
13088,0.19932981
13089,0.22190633
13090,0.47020668
13091,0.22190633
13092,0.23867413
13093,0.23301668
13094,0.22190633
13095,0.23147531
13096,0.22552872
13097,0.2666257
13098,0.24658617
13099,0.26228458
13100,0.257359
13101,0.23807104
13102,0.27142477
13103,0.24420723
13104,0.29325506
13105,0.24953084
13106,0.26849887
13107,0.2658013
13108,0.28761658
13109,0.29751998
13110,0.31766284
13111,0.3193001
13112,0.20559855
13113,0.22395718
13114,0.18493709
13115,0.17241344
13116,0.19119178
13117,0.26682058
13118,0.23957805
13119,0.19699594
13120,0.2864033
13121,0.257131
13122,0.18328233
13123,0.2540228
13124,0.33693892
13125,0.36170536
13126,0.2373515
13127,0.17783865
13128,0.23294313
13129,0.22462544
13130,0.26887283
13131,0.17996511
13132,0.15968125
13133,0.18665805
13134,0.24599943
13135,0.36179265
13136,0.24356575
13137,0.23154485
13138,0.22033472
13139,0.1930108
13140,0.15919156
13141,0.24469872
13142,0.21080938
13143,0.4081335
13144,0.2869441
13145,0.27719346
13146,0.2044396
13147,0.32601523
13148,0.18221965
13149,0.24797826
13150,0.21299072
13151,0.19765995
13152,0.2484142
13153,0.20091543
13154,0.28797925
13155,0.18481171
13156,0.248028
13157,0.25758082
13158,0.1818215
13159,0.23166096
13160,0.25942534
13161,0.1794819
13162,0.36898476
13163,0.302167
13164,0.21173103
13165,0.18864974
13166,0.19007944
13167,0.36519027
13168,0.31045464
13169,0.29373083
13170,0.1544817
13171,0.22727473
13172,0.31758484
13173,0.28298783
13174,0.24536534
13175,0.23725817
13176,0.25845793
13177,0.22888334
13178,0.2953616
13179,0.18384258
13180,0.30363908
13181,0.16240141
13182,0.283825
13183,0.17749342
13184,0.27456307
13185,0.28857407
13186,0.29167134
13187,0.18091731
13188,0.29167134
13189,0.2415555
13190,0.3388537
13191,0.35413337
13192,0.22101006
13193,0.1937333
13194,0.35413337
13195,0.22101006
13196,0.27445334
13197,0.21617012
13198,0.224955
13199,0.19615759
13200,0.26976746
13201,0.26976746
13202,0.26976746
13203,0.25202164
13204,0.24548519
13205,0.17033695
13206,0.27256688
13207,0.2324645
13208,0.59033155
13209,0.335311
13210,0.23152828
13211,0.3271131
13212,0.32725832
13213,0.29687572
13214,0.33018717
13215,0.32962942
13216,0.31531113
13217,0.34141344
13218,0.45968038
13219,0.31613958
13220,0.42348784
13221,0.35094842
13222,0.18608272
13223,0.34928164
13224,0.348319
13225,0.22649248
13226,0.21124688
13227,0.24197182
13228,0.18810984
13229,0.22483826
13230,0.21101317
13231,0.22483826
13232,0.15294224
13233,0.15771416
13234,0.17330137
13235,0.22629456
13236,0.18253164
13237,0.17346552
13238,0.16316137
13239,0.1371074
13240,0.1492199
13241,0.14694095
13242,0.18839407
13243,0.17743407
13244,0.26979846
13245,0.21634188
13246,0.14330149
13247,0.19400732
13248,0.1490145
13249,0.1625314
13250,0.13792375
13251,0.14827845
13252,0.15450235
13253,0.14663807
13254,0.2412839
13255,0.19049826
13256,0.15388225
13257,0.15287928
13258,0.16306987
13259,0.21740857
13260,0.14416125
13261,0.17839037
13262,0.19583358
13263,0.15978566
13264,0.18287332
13265,0.25824115
13266,0.2720875
13267,0.32928938
13268,0.13703856
13269,0.1983794
13270,0.2744688
13271,0.2305109
13272,0.21231803
13273,0.23933777
13274,0.19881856
13275,0.23460408
13276,0.2200635
13277,0.2954684
13278,0.21082497
13279,0.2169904
13280,0.17701519
13281,0.23852117
13282,0.20256484
13283,0.14010948
13284,0.21448235
13285,0.2289187
13286,0.20431718
13287,0.22886315
13288,0.19426617
13289,0.2019115
13290,0.18422236
13291,0.252395
13292,0.16226351
13293,0.18407154
13294,0.42948374
13295,0.18407154
13296,0.21009707
13297,0.20364404
13298,0.18407154
13299,0.20302029
13300,0.18166983
13301,0.23992248
13302,0.21503687
13303,0.2395577
13304,0.23245916
13305,0.20652726
13306,0.24755907
13307,0.21206513
13308,0.26911002
13309,0.21739998
13310,0.24592781
13311,0.24120906
13312,0.2640721
13313,0.2744451
13314,0.29754204
13315,0.27262574
13316,0.17333649
13317,0.19370766
13318,0.15706529
13319,0.14367855
13320,0.15884766
13321,0.24441323
13322,0.21390533
13323,0.1722214
13324,0.25365385
13325,0.23310848
13326,0.15255733
13327,0.22868952
13328,0.31790805
13329,0.34453285
13330,0.21231803
13331,0.14634055
13332,0.1980104
13333,0.20170312
13334,0.22422214
13335,0.15231396
13336,0.13375454
13337,0.15470874
13338,0.21062541
13339,0.34487477
13340,0.20895848
13341,0.19888802
13342,0.19694889
13343,0.1606383
13344,0.13302763
13345,0.22147378
13346,0.17868462
13347,0.37947923
13348,0.26133502
13349,0.25126633
13350,0.17076485
13351,0.30462128
13352,0.15435214
13353,0.22045915
13354,0.18841498
13355,0.16442075
13356,0.21230897
13357,0.16796526
13358,0.26887137
13359,0.15765531
13360,0.22206673
13361,0.2291534
13362,0.15173335
13363,0.19514553
13364,0.21907918
13365,0.14967947
13366,0.3531011
13367,0.28082585
13368,0.1740425
13369,0.15414447
13370,0.16130312
13371,0.34893918
13372,0.28590652
13373,0.2718138
13374,0.1273707
13375,0.18711123
13376,0.29606563
13377,0.25735167
13378,0.21153453
13379,0.21150367
13380,0.23469663
13381,0.19039106
13382,0.26002038
13383,0.15244402
13384,0.23125835
13385,0.13490985
13386,0.25623047
13387,0.1516511
13388,0.25842053
13389,0.26417178
13390,0.26103014
13391,0.14280507
13392,0.26103014
13393,0.20353046
13394,0.313934
13395,0.33079052
13396,0.18324338
13397,0.156879
13398,0.33079052
13399,0.18324338
13400,0.23949476
13401,0.17885228
13402,0.17987889
13403,0.1592317
13404,0.23936474
13405,0.23936474
13406,0.23936474
13407,0.20735852
13408,0.19193527
13409,0.13543963
13410,0.24221699
13411,0.19027287
13412,0.39744645
13413,0.31116176
13414,0.19233108
13415,0.3045209
13416,0.3118242
13417,0.26426703
13418,0.30487552
13419,0.303663
13420,0.28339085
13421,0.3159817
13422,0.42822212
13423,0.2829478
13424,0.38622698
13425,0.3159194
13426,0.14918366
13427,0.18386891
13428,0.31540552
13429,0.19438425
13430,0.17877433
13431,0.19876105
13432,0.15317461
13433,0.2022924
13434,0.18405618
13435,0.2022924
13436,0.1163023
13437,0.12105876
13438,0.1260157
13439,0.1799241
13440,0.14751095
13441,0.13548335
13442,0.12777421
13443,0.10113335
13444,0.11267147
13445,0.1102602
13446,0.1526819
13447,0.14201714
13448,0.22783586
13449,0.1854835
13450,0.11192323
13451,0.1686642
13452,0.12026688
13453,0.13487442
13454,0.10947436
13455,0.11581612
13456,0.12577395
13457,0.11972506
13458,0.2150292
13459,0.16123979
13460,0.12522355
13461,0.11911142
13462,0.13103703
13463,0.18638544
13464,0.1070204
13465,0.1487685
13466,0.16634491
13467,0.12513131
13468,0.1526089
13469,0.16715579
13470,0.24395697
13471,0.3031815
13472,0.1077054
13473,0.16568664
13474,0.25018364
13475,0.19098346
13476,0.18288296
13477,0.19870646
13478,0.16292645
13479,0.21054092
13480,0.19190064
13481,0.26934546
13482,0.17714897
13483,0.17573623
13484,0.15144396
13485,0.20900512
13486,0.17474619
13487,0.107547626
13488,0.1799728
13489,0.1957713
13490,0.16889532
13491,0.201543
13492,0.1538918
13493,0.1755434
13494,0.13754196
13495,0.22372119
13496,0.12415041
13497,0.15576813
13498,0.38437262
13499,0.15576813
13500,0.18102185
13501,0.16530216
13502,0.15576813
13503,0.16951439
13504,0.13774644
13505,0.20109853
13506,0.17886265
13507,0.21487324
13508,0.2040852
13509,0.17581913
13510,0.21732715
13511,0.18044487
13512,0.24570055
13513,0.1903657
13514,0.21572128
13515,0.20777297
13516,0.24103045
13517,0.25264746
13518,0.26806155
13519,0.22976112
13520,0.13939257
13521,0.16739514
13522,0.12741502
13523,0.11023197
13524,0.12569815
13525,0.2182761
13526,0.18614905
13527,0.14323214
13528,0.21531463
13529,0.20588684
13530,0.119214155
13531,0.20064075
13532,0.2967474
13533,0.3183208
13534,0.18288295
13535,0.112537384
13536,0.16625643
13537,0.17712377
13538,0.17670286
13539,0.12226131
13540,0.10384997
13541,0.12794042
13542,0.17597005
13543,0.31905866
13544,0.17532036
13545,0.16746512
13546,0.17037149
13547,0.13498612
13548,0.10330112
13549,0.1968306
13550,0.1393168
13551,0.33751363
13552,0.23588002
13553,0.2293859
13554,0.1395383
13555,0.2797386
13556,0.12549368
13557,0.19359533
13558,0.1634419
13559,0.13987024
13560,0.17792597
13561,0.14000213
13562,0.24599895
13563,0.12939693
13564,0.19795884
13565,0.19274095
13566,0.12244729
13567,0.1632083
13568,0.19092235
13569,0.12035251
13570,0.33346233
13571,0.2557431
13572,0.14271851
13573,0.12812255
13574,0.13335752
13575,0.3278675
13576,0.22945742
13577,0.24571648
13578,0.097477235
13579,0.1455717
13580,0.27389368
13581,0.22515135
13582,0.17076106
13583,0.18154126
13584,0.20712547
13585,0.155091
13586,0.22694778
13587,0.123778224
13588,0.1960566
13589,0.10680163
13590,0.22316197
13591,0.12401031
13592,0.23330465
13593,0.23844624
13594,0.2279633
13595,0.1092387
13596,0.2279633
13597,0.16515303
13598,0.2902227
13599,0.2918482
13600,0.15246388
13601,0.12677261
13602,0.2918482
13603,0.15246388
13604,0.20406604
13605,0.14474341
13606,0.13616025
13607,0.1293767
13608,0.21190648
13609,0.21190648
13610,0.21190648
13611,0.16374508
13612,0.14875424
13613,0.10730102
13614,0.2135118
13615,0.15413493
13616,0.27275926
13617,0.29128927
13618,0.1524961
13619,0.27918503
13620,0.29161587
13621,0.22432384
13622,0.27669227
13623,0.2774222
13624,0.25418708
13625,0.28741023
13626,0.39409262
13627,0.2492371
13628,0.34798446
13629,0.27244213
13630,0.112823084
13631,-0.026639426
13632,0.25413084
13633,0.11612377
13634,0.12727499
13635,0.10192199
13636,0.10622902
13637,0.15058759
13638,0.13548388
13639,0.15058759
13640,0.06761472
13641,0.074175194
13642,0.03599125
13643,-0.03985594
13644,0.09742462
13645,0.08252408
13646,0.07931153
13647,0.05210974
13648,0.063313685
13649,0.060076647
13650,0.104719654
13651,0.09368053
13652,0.17701277
13653,0.1302079
13654,0.061993085
13655,0.11566154
13656,0.07127811
13657,0.0896093
13658,0.061878078
13659,0.07471277
13660,0.078574695
13661,0.07813285
13662,0.16784887
13663,0.116593465
13664,0.06269032
13665,0.06486044
13666,0.074067175
13667,0.14211151
13668,0.048581727
13669,0.096258655
13670,0.123027936
13671,0.06584754
13672,0.0993994
13673,0.093008325
13674,0.17459859
13675,0.2558046
13676,0.06028261
13677,0.10122631
13678,0.20899174
13679,0.122986175
13680,0.12911257
13681,0.12781808
13682,0.10813502
13683,0.1680739
13684,0.13436225
13685,0.21664429
13686,0.12428999
13687,0.121276714
13688,0.10626396
13689,0.16451596
13690,0.13462515
13691,0.04842312
13692,0.123101905
13693,0.15081747
13694,0.11335142
13695,0.14582601
13696,0.09795365
13697,0.1281105
13698,0.07257478
13699,0.16884698
13700,0.065328345
13701,0.117344335
13702,0.32488108
13703,0.117344335
13704,0.12633315
13705,0.10241618
13706,0.117344335
13707,0.1122845
13708,0.086154684
13709,0.08353814
13710,0.048807316
13711,0.16889705
13712,0.15897055
13713,0.12934054
13714,0.17184499
13715,0.13681751
13716,0.139287
13717,0.13471675
13718,0.16802557
13719,0.15452613
13720,0.16219689
13721,0.14282969
13722,0.21741939
13723,0.17165545
13724,0.085206024
13725,0.12490499
13726,0.07932944
13727,0.058153324
13728,0.07270128
13729,0.1641891
13730,0.14645275
13731,0.094291
13732,0.14059612
13733,0.15147007
13734,0.06593376
13735,0.14954394
13736,0.25327158
13737,0.2677773
13738,0.1291126
13739,0.05889814
13740,0.11849527
13741,0.13314375
13742,0.108125344
13743,0.071559496
13744,0.055156864
13745,0.08636658
13746,0.12323215
13747,0.26844767
13748,0.123137295
13749,0.117871046
13750,0.122338794
13751,0.094522156
13752,0.055717766
13753,0.14567563
13754,0.074655995
13755,0.27213478
13756,0.18348648
13757,0.18969643
13758,0.095020585
13759,0.23699892
13760,0.07928083
13761,0.14560916
13762,0.11826925
13763,0.0981278
13764,0.124207534
13765,0.09435414
13766,0.19263919
13767,0.08514824
13768,0.13408469
13769,0.13673636
13770,0.077740155
13771,0.11978749
13772,0.14934829
13773,0.07170869
13774,0.28338623
13775,0.19279559
13776,0.100391544
13777,0.08648026
13778,0.08629151
13779,0.28256872
13780,0.1679068
13781,0.1833684
13782,0.04245346
13783,0.092015564
13784,0.23247874
13785,0.1693328
13786,0.111647926
13787,0.12074143
13788,0.15245524
13789,0.10475092
13790,0.18116426
13791,0.07786512
13792,0.15909427
13793,0.061758768
13794,0.16675183
13795,0.07862214
13796,0.17801335
13797,0.19422734
13798,0.17779025
13799,0.06721295
13800,0.17779025
13801,0.10709095
13802,0.24141112
13803,0.21320637
13804,0.10865065
13805,0.08319955
13806,0.21320637
13807,0.10865065
13808,0.1466716
13809,0.10268559
13810,0.08484842
13811,0.08543487
13812,0.1693896
13813,0.1693896
13814,0.1693896
13815,0.09804856
13816,0.07145508
13817,0.066520855
13818,0.16893724
13819,0.096900515
13820,0.17234203
13821,0.24920067
13822,0.07512674
13823,0.2288971
13824,0.23860998
13825,0.16771993
13826,0.22840448
13827,0.23147719
13828,0.20755486
13829,0.24748453
13830,0.35124177
13831,0.2006242
13832,0.29134387
13833,0.21482714
13834,0.063296296
13835,0.1961243599999989
13836,-1.3175836199999935
13837,-1.196413899999996
13838,-2.5840478000000076
13839,-4.399981099999991
13840,-3.4784104000000013
13841,-3.0769883000000107
13842,-0.017589670000006663
13843,-2.719982800000011
13844,-1.6057804000000004
13845,-3.290712499999998
13846,-0.4108599000000055
13847,-0.9095142000000038
13848,-2.530039099999996
13849,7.330777570000009
13850,-1.3689237000000105
13851,-0.9961064000000022
13852,-1.1721679000000051
13853,-2.1882558500000044
13854,-1.5632704500000045
13855,-5.4387337
13856,-3.348961200000005
13857,-4.217481800000002
13858,-4.109199900000007
13859,-1.977520400000003
13860,-3.3070914000000045
13861,-0.9751113900000021
13862,-2.015008800000004
13863,-3.0769883000000107
13864,-2.6056712900000036
13865,-4.046035599999996
13866,-3.0769883000000107
13867,0.37773287000000266
13868,-0.869204400000001
13869,-2.5840478000000076
13870,-6.482121800000016
13871,-1.3604337999999956
13872,-5.559508999999991
13873,-1.3621394500000008
13874,2.564900450000003
13875,-3.621722300000002
13876,-5.225822899999997
13877,-0.4082351200000005
13878,-3.95856160000001
13879,-5.0044784999999905
13880,-4.705718200000007
13881,-4.705718200000007
13882,-0.7358941600000009
13883,-0.42316508000000397
13884,-2.571867900000001
13885,0.3311570400000079
13886,-3.7165234
13887,-2.5840478000000076
13888,0.4282910999999956
13889,-3.367318900000015
13890,-4.9688514999999995
13891,-6.165674700000011
13892,-6.264088000000015
13893,-2.492774490000002
13894,-3.147839520000005
13895,-1.7799479500000075
13896,-1.5180938000000026
13897,2.5556009000000017
13898,-2.7851972300000085
13899,-6.536089070000003
13900,-3.698871099999991
13901,-0.5353001000000006
13902,-2.477182600000006
13903,-2.13592113
13904,-2.5840478000000076
13905,-6.058661900000004
13906,-1.3442617999999982
13907,-2.1006507999999826
13908,-4.895665000000008
13909,0.39457339999998453
13910,-3.1933148199999977
13911,-6.165674700000011
13912,-6.264088000000015
13913,-1.956946199999976
13914,-1.8873410000000064
13915,-2.5840478000000076
13916,-11.755660699999993
13917,-2.3554359999999974
13918,-9.628941700000013
13919,-1.8404754999999966
13920,-1.5205972999999915
13921,-1.7073312999999928
13922,-0.7659184000000039
13923,-5.798894899999993
13924,-3.079226399999996
13925,-2.6173883700000005
13926,-7.327309799999995
13927,-5.003838000000002
13928,-2.1445302000000055
13929,-3.0769883000000107
13930,0.2556873000000053
13931,-0.5697521399999914
13932,-2.869910500000003
13933,-1.5180938000000026
13934,-5.006804500000015
13935,4.349467500000003
13936,-2.766080759999994
13937,-3.4419766099999975
13938,-3.4522950399999957
13939,-1.5180938000000026
13940,0.6366158999999811
13941,-4.320279599999992
13942,-7.449850800000007
13943,-0.2478480999999988
13944,-3.406093200000015
13945,-1.5180938000000026
13946,-0.4567061999999851
13947,-0.30765420000000177
13948,-7.054576700000013
13949,-2.5840478000000076
13950,-5.23326831
13951,-1.8929860100000013
13952,-0.44366981000000294
13953,-0.2877598100000114
13954,0.5316944300000017
13955,0.7012799900000033
13956,1.2651049999999913
13957,0.644153799999998
13958,0.8605957700000033
13959,-1.2120861999999875
13960,-1.7358374000000083
13961,-1.7444950000000006
13962,-0.7270323999999988
13963,1.358958400000006
13964,2.354739699999996
13965,5.385930999999999
13966,4.685142100000007
13967,2.470016270000002
13968,1.8702429800000004
13969,-0.36214723000000504
13970,0.15162676999999292
13971,0.3322271999999913
13972,0.8657252599999907
13973,-0.9504578199999969
13974,2.435497699999999
13975,-3.158298599999995
13976,1.420672500000009
13977,-0.2788970999999947
13978,1.396186599999993
13979,0.2261981999999989
13980,-1.2713015999999868
13981,1.9095094000000188
13982,1.309639400000009
13983,4.1947231999999985
13984,-2.4977885999999927
13985,-3.626368499999998
13986,-0.832403400000004
13987,-0.6747534000000002
13988,2.824464500000005
13989,3.6648093999999958
13990,3.4105473000000046
13991,1.7942930999999902
13992,-0.8361244999999968
13993,-6.245133600000003
13994,-0.6646809599999983
13995,-0.09766955999999993
13996,-2.4779697000000027
13997,-2.409744230000001
13998,-1.0404433799999993
13999,-5.023690580000007
14000,-2.2581478000000033
14001,-2.1512208999999984
14002,-3.122888500000002
14003,-2.5840478000000076
14004,-2.4657167000000015
14005,-2.6292107000000016
14006,-4.042434800000009
14007,-11.606506199999984
14008,-4.910079999999994
14009,-0.8283117000000004
14010,0.24308159999998225
14011,-3.6163338000000067
14012,-3.0769883000000107
14013,0.7710452900000035
14014,-1.361778600000008
14015,1.6767432399999933
14016,-4.122168200000004
14017,-1.9283357400000085
14018,-2.20709961
14019,-1.5802653100000015
14020,-3.411447199999998
14021,-0.9778082999999924
14022,-3.0769883000000107
14023,-0.8477163999999959
14024,-8.112647100000004
14025,-0.7645379800000001
14026,-3.04462479999998
14027,0.868367120000002
14028,1.2911138999999991
14029,-3.2482926999999933
14030,-2.1442844000000036
14031,-2.5840478000000076
14032,-2.1006507999999826
14033,0.7529646499999956
14034,-2.5840478000000076
14035,-7.049203500000004
14036,-4.680638060000007
14037,-7.116519190000005
14038,-2.5840478000000076
14039,-1.956946199999976
14040,3.943664560000002
14041,-3.6428392999999915
14042,-3.3405010999999973
14043,-4.8900152999999875
14044,-2.8014442300000013
14045,-3.113752500000004
14046,-1.6808254000000034
14047,-1.4108394000000004
14048,-1.0162706000000128
14049,-2.8759983000000062
14050,-2.9036264000000074
14051,-2.342843899999991
14052,-4.077939200000003
14053,-3.026201599999993
14054,-0.20095650000000376
14055,-1.6759349000000014
14056,-2.82181589999999
14057,0.015626679999996895
14058,-4.821460999999999
14059,-5.085157199999998
14060,-4.070634100000007
14061,-4.620149699999999
14062,-3.914625799999996
14063,0.7207779999999957
14064,-5.262345799999991
14065,-3.2035596999999996
14066,-2.495060699999982
14067,-4.534458369999996
14068,-0.18909440000000188
14069,-0.32976790000000733
14070,-4.609303100000005
14071,-2.5921763000000055
14072,-5.4408174000000145
14073,-4.731155299999983
14074,-2.7277330000000006
14075,-2.9461577000000148
14076,-2.705651500000016
14077,-3.0769883000000107
14078,-1.8961941299999978
14079,-0.7210013400000008
14080,-1.5180938000000026
14081,-9.17949440000001
14082,-0.2708604100000116
14083,-3.0217037999999974
14084,-2.5840478000000076
14085,-5.841917199999983
14086,-3.1881917000000044
14087,-3.503253799999996
14088,-2.5840478000000076
14089,0.8109486799999956
14090,-4.945110799999995
14091,-2.5840478000000076
14092,0.14315915000000246
14093,-0.9844687000000079
14094,-1.9009588400000013
14095,-1.7689784600000138
14096,-3.0769883000000107
14097,-0.692418889999999
14098,-1.5506087599999887
14099,-3.0769883000000107
14100,-0.8037252000000024
14101,0.406907369999999
14102,-1.263262839999996
14103,0.7531564999999887
14104,-3.6450267999999966
14105,-3.1194875999999994
14106,-2.6948512000000022
14107,-2.530479800000009
14108,-2.2469179999999938
14109,-2.8816555999999878
14110,-6.732081500000021
14111,-5.2780875000000265
14112,-3.8456966999999906
14113,-2.5840478000000076
14114,-3.153526499999998
14115,-8.010026799999991
14116,-2.801445699999988
14117,-0.8165806300000042
14118,-4.540857500000001
14119,-1.6061659000000077
14120,-3.0769883000000107
14121,1.6095274600000096
14122,-4.202995399999992
14123,-3.0769883000000107
14124,1.517344890000004
14125,-0.9654052200000081
14126,-2.9505958900000024
14127,-2.142128999999997
14128,-1.5180938000000026
14129,-3.865245200000004
14130,-3.0769883000000107
14131,-2.1275338100000027
14132,-0.9429096699999917
14133,-3.0769883000000107
14134,-0.23360420000000204
14135,-1.2759940999999912
14136,4.30486359999999
14137,-2.057098400000001
14138,-1.5656720499999892
14139,-3.4420611000000036
14140,-3.5743743000000023
14141,-2.683209699999992
14142,-0.28890906999998833
14143,-1.1704600499999884
14144,0.5071295500000019
14145,-2.1305524000000133
14146,-2.5840478000000076
14147,-9.844654600000013
14148,-2.216426399999989
14149,-2.5840478000000076
14150,-1.5399993999999992
14151,-4.9688514999999995
14152,-6.165674700000011
14153,-3.207427300000006
14154,-1.9539905999999974
14155,-0.3184507999999937
14156,-0.6095738000000068
14157,-0.13482369999999833
14158,-5.798894899999993
14159,-2.92305309999999
14160,-2.5840478000000076
14161,-3.246344300000004
14162,-3.850747800000022
14163,-6.165674700000011
14164,-3.207427300000006
14165,-2.235499269999991
14166,-2.1274494999999973
14167,-1.5180938000000026
14168,-0.7383231000000023
14169,-1.7180306000000058
14170,-0.044262349999996786
14171,-2.5840478000000076
14172,-2.5354877999999985
14173,-2.1277211999999963
14174,-7.838241100000005
14175,-3.936638000000002
14176,0.3060966000000036
14177,-3.0627258000000097
14178,1.0535571000000061
14179,-3.856562100000005
14180,-0.542583300000004
14181,-2.7945452000000017
14182,-0.3038241200000016
14183,-4.982139059999994
14184,-6.677897399999978
14185,-2.2066707999999977
14186,-0.875379609999996
14187,-0.8814574399999913
14188,0.609791169999994
14189,-3.5786528000000004
14190,0.2851169999999996
14191,-8.431618900000018
14192,-3.052708199999998
14193,-2.8047851000000037
14194,3.2970721400000116
14195,-2.019728470000004
14196,-3.0769883000000107
14197,-0.502100200000001
14198,-1.4041072700000115
14199,0.3060966000000036
14200,-1.3001673000000125
14201,-2.858713100000003
14202,-1.52354050000001
14203,0.43933871000000124
14204,-2.2975356000000033
14205,-0.47191085999999416
14206,-4.197433399999994
14207,-0.269694269999988
14208,-2.4699403999999987
14209,-0.015261539999997353
14210,-1.866622300000003
14211,-2.5840478000000076
14212,-5.125226899999973
14213,-4.961468300000007
14214,-2.5840478000000076
14215,-5.801244400000002
14216,-2.3017150999999956
14217,-1.6374435999999974
14218,-3.548437199999995
14219,-1.561137670000008
14220,-3.3038639000000103
14221,-2.9402915000000007
14222,-1.1996378800000116
14223,-4.729334899999998
14224,-6.677897399999978
14225,-5.881257500000004
14226,-2.650269399999999
14227,-3.7667106000000103
14228,-2.650269399999999
14229,-2.3285450000000054
14230,-2.913448299999999
14231,1.4662553000000003
14232,-1.2799825999999968
14233,-0.5059897000000007
14234,-3.7219981000000075
14235,-0.4763170999999886
14236,-3.7993761999999975
14237,-1.4357239299999947
14238,-2.9336256999999932
14239,-0.8557429999999897
14240,-2.1552687000000077
14241,-0.4569443000000035
14242,-1.0987022000000053
14243,-1.3801424799999893
14244,-5.680987999999999
14245,-0.29913621999999407
14246,-3.528160700000001
14247,-3.5816224999999946
14248,-1.7414839000000057
14249,-4.399179000000004
14250,-0.9385369999999966
14251,-3.2189770000000095
14252,-0.27869460000000856
14253,-2.7584918999999957
14254,-2.18115229
14255,-2.621806499999991
14256,-1.8632915999999966
14257,-2.7682367000000028
14258,-0.9661669000000046
14259,-3.6628582000000023
14260,-0.5925060000000002
14261,-3.802490199999994
14262,1.3522458999999998
14263,-3.407365100000007
14264,-0.9985821000000072
14265,-1.2163704999999965
14266,-3.7787806999999987
14267,-2.0204102999999947
14268,0.3396524999999997
14269,-2.7657110000000102
14270,-2.5940610999999905
14271,-2.7730794999999944
14272,-0.7455709000000041
14273,0.11325731000000872
14274,0.047538799999998105
14275,-2.697628899999998
14276,-1.1420867000000072
14277,-3.0215114000000085
14278,-0.7938718999999992
14279,-2.6142624999999953
14280,0.05887149999999508
14281,-2.0903524000000004
14282,-3.391282199999992
14283,-0.8563751000000082
14284,-2.4629916999999892
14285,-0.29477949999999
14286,-4.378841699999995
14287,-2.353109230000001
14288,-3.9158041999999966
14289,-3.870095699999993
14290,-1.9277946300000082
14291,-4.040051300000002
14292,-1.2424338999999947
14293,-0.4575152999999972
14294,-3.5609382999999895
14295,-0.4858169000000032
14296,-1.1500261999999992
14297,-2.162553509999995
14298,-0.3336127000000033
14299,-0.32927219999999124
14300,-3.038856300000006
14301,-0.2641509000000042
